N,Run,Algorithm,Version,FrontType,PenaltyCap,Pareto_Count,HV,RunTime_s,Conv_Gen,Cost_Min,Cost_Mean,Cost_Max,Time_Min,Time_Mean,Time_Max,Pen_Min,Pen_Mean,Pen_Max,TruckService_Avg,DirectService_Avg,CarService_Avg,AirService_Avg,ActiveTruck_Avg,ActiveDirect_Avg,ActiveCar_Avg,PureTruck_Ratio,ZeroPenalty_Count,ZeroPenalty_Ratio,ZeroPenaltyTime_Best,ZeroPenaltyCost_Best
100,4201,HPP-init-NSGA2,v29_hpp_cost_front_boost_fast,REPORT,100.0,14,4342394902252.293,18.938044,100,103.838904,129.552537,178.09589,1520.0,1940.714286,2530.0,0.0,0.0,0.0,98.428571,0.928571,0.642857,1.571429,7.642857,0.5,0.571429,0.285714,14,1.0,1520.0,103.838904
100,4202,HPP-init-NSGA2,v29_hpp_cost_front_boost_fast,REPORT,100.0,15,4385813995662.268,21.69359,100,94.68398,132.572471,182.575342,1530.0,1819.333333,2490.0,0.0,0.0,0.0,93.8,0.066667,6.133333,6.2,7.866667,0.066667,1.933333,0.0,15,1.0,1530.0,94.68398
100,4203,HPP-init-NSGA2,v29_hpp_cost_front_boost_fast,REPORT,100.0,16,4385252742998.969,19.25623,100,94.8506,124.864826,176.287671,1530.0,1955.625,3070.0,0.0,5.625,50.0,99.0625,0.75,0.1875,0.9375,7.4375,0.3125,0.1875,0.5625,14,0.875,1530.0,95.187747
100,4204,HPP-init-NSGA2,v29_hpp_cost_front_boost_fast,REPORT,100.0,16,4392722658096.832,19.92105,100,93.150685,121.39123,190.438356,1530.0,2087.5,2780.0,0.0,5.0,50.0,96.25,0.1875,3.5625,3.75,7.125,0.125,1.25,0.3125,14,0.875,1530.0,93.150685
100,4205,HPP-init-NSGA2,v29_hpp_cost_front_boost_fast,REPORT,100.0,30,4386999464627.761,18.398164,100,94.40734,121.383589,187.890411,1530.0,1880.333333,2890.0,0.0,2.666667,40.0,98.633333,0.266667,1.1,1.366667,7.433333,0.233333,1.0,0.2,28,0.933333,1530.0,94.40734
100,4206,HPP-init-NSGA2,v29_hpp_cost_front_boost_fast,REPORT,100.0,14,4373062527196.9287,21.514969,100,96.915829,135.689696,204.693391,1530.0,2138.571429,3400.0,0.0,2.857143,40.0,96.928571,1.214286,1.857143,3.071429,7.785714,0.571429,1.0,0.142857,13,0.928571,1530.0,96.915829
100,4207,HPP-init-NSGA2,v29_hpp_cost_front_boost_fast,REPORT,100.0,14,4356470728676.552,19.260462,100,100.890411,144.05144,186.273085,1530.0,1691.428571,1910.0,0.0,0.0,0.0,96.0,0.071429,3.928571,4.0,8.714286,0.071429,1.785714,0.142857,14,1.0,1530.0,100.890411
100,4208,HPP-init-NSGA2,v29_hpp_cost_front_boost_fast,REPORT,100.0,14,4392788597811.632,20.540473,100,92.369863,121.332934,185.964947,1570.0,2048.571429,3140.0,0.0,10.714286,70.0,97.428571,0.071429,2.5,2.571429,6.928571,0.071429,1.428571,0.285714,11,0.785714,1570.0,94.118021
100,4209,HPP-init-NSGA2,v29_hpp_cost_front_boost_fast,REPORT,100.0,11,4329715207814.9175,18.295542,100,106.334715,134.667349,180.065072,1530.0,1895.454545,2340.0,0.0,0.0,0.0,95.636364,0.545455,3.818182,4.363636,7.727273,0.454545,1.909091,0.0,11,1.0,1530.0,106.334715
100,4210,HPP-init-NSGA2,v29_hpp_cost_front_boost_fast,REPORT,100.0,19,4336863060923.4814,17.66369,100,104.589041,122.585454,149.224199,1550.0,1994.210526,2800.0,0.0,0.0,0.0,97.315789,0.842105,1.842105,2.684211,7.157895,0.368421,0.789474,0.315789,19,1.0,1550.0,104.589041
100,4211,HPP-init-NSGA2,v29_hpp_cost_front_boost_fast,REPORT,100.0,19,4346548032027.855,16.224345,100,102.945205,122.481203,172.201265,1530.0,1891.578947,2210.0,0.0,5.263158,100.0,99.263158,0.315789,0.421053,0.736842,7.315789,0.263158,0.263158,0.578947,18,0.947368,1530.0,102.945205
100,4212,HPP-init-NSGA2,v29_hpp_cost_front_boost_fast,REPORT,100.0,16,4327644467322.317,19.357335,100,106.684932,137.281947,183.562724,1530.0,1958.75,3760.0,0.0,10.625,80.0,99.1875,0.5625,0.25,0.8125,8.25,0.4375,0.25,0.375,13,0.8125,1530.0,106.684932
100,4213,HPP-init-NSGA2,v29_hpp_cost_front_boost_fast,REPORT,100.0,23,4348396177652.592,16.139103,100,102.410959,124.346898,212.986301,1530.0,2109.130435,2600.0,0.0,10.869565,70.0,99.043478,0.043478,0.913043,0.956522,7.434783,0.043478,0.652174,0.478261,19,0.826087,1530.0,102.410959
100,4214,HPP-init-NSGA2,v29_hpp_cost_front_boost_fast,REPORT,100.0,19,4385857288940.7983,20.52369,100,94.550416,124.097328,168.851347,1530.0,2164.210526,3500.0,0.0,15.789474,100.0,95.210526,0.736842,4.052632,4.789474,7.0,0.631579,1.315789,0.0,15,0.789474,1530.0,96.747272
100,4215,HPP-init-NSGA2,v29_hpp_cost_front_boost_fast,REPORT,100.0,23,4424664480691.416,16.047032,100,87.356164,118.350986,183.561644,1480.0,2000.434783,2550.0,0.0,7.826087,60.0,98.130435,0.478261,1.391304,1.869565,6.913043,0.478261,0.565217,0.304348,20,0.869565,1480.0,89.780822
100,4216,HPP-init-NSGA2,v29_hpp_cost_front_boost_fast,REPORT,100.0,16,4405440809219.156,19.052213,100,90.575452,130.466759,190.853596,1530.0,1843.125,2240.0,0.0,0.0,0.0,94.8125,1.0,4.1875,5.1875,7.875,0.5,1.9375,0.0,16,1.0,1530.0,90.575452
100,4217,HPP-init-NSGA2,v29_hpp_cost_front_boost_fast,REPORT,100.0,12,4350900660586.769,16.31025,100,101.589041,127.235459,152.739726,1550.0,1879.166667,2130.0,0.0,0.0,0.0,99.416667,0.083333,0.5,0.583333,7.666667,0.083333,0.5,0.583333,12,1.0,1550.0,101.589041
100,4218,HPP-init-NSGA2,v29_hpp_cost_front_boost_fast,REPORT,100.0,23,4347925929696.531,15.554337,100,102.246575,125.51189,186.126802,1550.0,1861.304348,2650.0,0.0,0.0,0.0,99.26087,0.130435,0.608696,0.73913,7.521739,0.130435,0.521739,0.478261,23,1.0,1550.0,102.246575
100,4219,HPP-init-NSGA2,v29_hpp_cost_front_boost_fast,REPORT,100.0,12,4335924003654.0063,19.439587,100,105.164384,129.501942,187.507307,1530.0,1917.5,2470.0,0.0,0.0,0.0,98.083333,0.416667,1.5,1.916667,7.583333,0.333333,0.666667,0.416667,12,1.0,1530.0,105.164384
100,4220,HPP-init-NSGA2,v29_hpp_cost_front_boost_fast,REPORT,100.0,22,4364355501635.328,21.307816,100,98.825428,119.451943,179.77421,1530.0,2245.0,3070.0,0.0,4.545455,100.0,94.045455,0.636364,5.318182,5.954545,6.727273,0.454545,1.409091,0.090909,21,0.954545,1530.0,98.825428
100,4221,HPP-init-NSGA2,v29_hpp_cost_front_boost_fast,REPORT,100.0,13,4342504429791.282,18.794566,100,103.643836,134.126643,179.191781,1530.0,1888.461538,2300.0,0.0,0.0,0.0,97.923077,0.307692,1.769231,2.076923,8.230769,0.307692,1.153846,0.230769,13,1.0,1530.0,103.643836
100,4222,HPP-init-NSGA2,v29_hpp_cost_front_boost_fast,REPORT,100.0,26,4297256391454.0464,14.136579,100,113.972603,137.217659,181.428853,1490.0,1641.153846,1890.0,0.0,0.0,0.0,99.576923,0.230769,0.192308,0.423077,8.384615,0.115385,0.192308,0.923077,26,1.0,1490.0,113.972603
100,4223,HPP-init-NSGA2,v29_hpp_cost_front_boost_fast,REPORT,100.0,15,4396702348292.4087,21.602251,100,92.343512,119.633957,169.757365,1530.0,2088.0,2980.0,0.0,6.242056,76.815417,95.2,0.066667,4.733333,4.8,6.866667,0.066667,1.133333,0.066667,13,0.866667,1530.0,92.343512
100,4224,HPP-init-NSGA2,v29_hpp_cost_front_boost_fast,REPORT,100.0,13,4337680729255.262,23.830357,100,104.772038,127.566401,179.64735,1530.0,1856.153846,2650.0,0.0,0.0,0.0,97.615385,1.692308,0.692308,2.384615,7.461538,0.923077,0.307692,0.0,13,1.0,1530.0,104.772038
100,4225,HPP-init-NSGA2,v29_hpp_cost_front_boost_fast,REPORT,100.0,36,4387190139161.372,19.266003,100,93.78589,113.750367,164.191781,1550.0,2314.722222,2840.0,0.0,15.555556,90.0,97.138889,1.694444,1.166667,2.861111,6.611111,0.861111,0.888889,0.222222,21,0.583333,1550.0,94.435673
100,4226,HPP-init-NSGA2,v29_hpp_cost_front_boost_fast,REPORT,100.0,18,4410390496045.052,16.406427,100,89.606028,115.302,175.835616,1530.0,2003.888889,2690.0,0.0,0.0,0.0,98.666667,1.0,0.333333,1.333333,6.833333,0.5,0.222222,0.444444,18,1.0,1530.0,89.606028
100,4227,HPP-init-NSGA2,v29_hpp_cost_front_boost_fast,REPORT,100.0,19,4349726234834.247,17.382193,100,102.164384,118.176254,150.589041,1540.0,1864.736842,2470.0,0.0,0.0,0.0,99.736842,0.157895,0.105263,0.263158,7.105263,0.105263,0.105263,0.789474,19,1.0,1540.0,102.164384
100,4228,HPP-init-NSGA2,v29_hpp_cost_front_boost_fast,REPORT,100.0,19,4383676032271.426,19.697591,100,94.844756,129.165747,179.741309,1530.0,2138.947368,2710.0,0.0,6.842105,80.0,96.631579,1.421053,1.947368,3.368421,7.473684,0.578947,0.736842,0.210526,16,0.842105,1530.0,94.844756
100,4229,HPP-init-NSGA2,v29_hpp_cost_front_boost_fast,REPORT,100.0,16,4348320954527.6846,20.661547,100,103.027397,132.189588,187.382344,1500.0,1941.875,2650.0,0.0,0.625,10.0,96.375,0.4375,3.1875,3.625,7.6875,0.375,1.25,0.125,15,0.9375,1500.0,103.027397
100,4230,HPP-init-NSGA2,v29_hpp_cost_front_boost_fast,REPORT,100.0,29,4382089023056.869,20.295292,100,94.964694,126.229249,190.849315,1530.0,2148.275862,4110.0,0.0,10.0,60.0,99.241379,0.241379,0.517241,0.758621,7.517241,0.206897,0.413793,0.551724,22,0.758621,1530.0,95.293461
100,4201,KMeans-init-NSGA2,v29_hpp_cost_front_boost_fast,REPORT,100.0,8,4341022156834.551,9.425306,100,103.931507,137.49841,190.438356,1530.0,1801.25,2340.0,0.0,1.25,10.0,99.875,0.0,0.125,0.125,8.375,0.0,0.125,0.875,7,0.875,1530.0,115.986301
100,4202,KMeans-init-NSGA2,v29_hpp_cost_front_boost_fast,REPORT,100.0,12,4360823753424.658,9.118881,100,100.150685,140.728311,175.958904,1520.0,1727.5,2130.0,0.0,0.0,0.0,100.0,0.0,0.0,0.0,8.666667,0.0,0.0,1.0,12,1.0,1520.0,100.150685
100,4203,KMeans-init-NSGA2,v29_hpp_cost_front_boost_fast,REPORT,100.0,14,4350199904109.59,8.575091,100,102.287671,123.455969,176.739726,1520.0,1949.285714,2350.0,0.0,0.0,0.0,99.857143,0.071429,0.071429,0.142857,7.428571,0.071429,0.071429,0.857143,14,1.0,1520.0,102.287671
100,4204,KMeans-init-NSGA2,v29_hpp_cost_front_boost_fast,REPORT,100.0,19,4342435230643.836,10.839101,100,103.726027,142.523432,190.726027,1520.0,1918.421053,2750.0,0.0,13.684211,100.0,100.0,0.0,0.0,0.0,8.736842,0.0,0.0,1.0,15,0.789474,1520.0,105.69863
100,4205,KMeans-init-NSGA2,v29_hpp_cost_front_boost_fast,REPORT,100.0,23,4345911456097.2593,10.466503,100,102.90411,120.6081,177.068493,1530.0,2348.695652,2850.0,0.0,7.826087,60.0,100.0,0.0,0.0,0.0,7.086957,0.0,0.0,1.0,18,0.782609,1530.0,103.931507
100,4206,KMeans-init-NSGA2,v29_hpp_cost_front_boost_fast,REPORT,100.0,19,4359636309382.842,8.770974,100,101.342466,142.777918,201.758743,1460.0,1750.0,2170.0,0.0,0.0,0.0,98.894737,0.157895,0.947368,1.105263,8.684211,0.157895,0.789474,0.368421,19,1.0,1460.0,101.342466
100,4207,KMeans-init-NSGA2,v29_hpp_cost_front_boost_fast,REPORT,100.0,14,4401931670109.766,9.994484,100,91.350997,124.699738,178.517302,1530.0,1952.142857,3160.0,0.0,3.571429,50.0,99.571429,0.071429,0.357143,0.428571,7.5,0.071429,0.357143,0.571429,13,0.928571,1530.0,92.41949
100,4208,KMeans-init-NSGA2,v29_hpp_cost_front_boost_fast,REPORT,100.0,16,4288962285350.445,6.989536,100,115.123288,137.273953,161.561644,1520.0,1723.125,1980.0,0.0,0.0,0.0,99.625,0.3125,0.0625,0.375,8.4375,0.25,0.0625,0.6875,16,1.0,1520.0,115.123288
100,4209,KMeans-init-NSGA2,v29_hpp_cost_front_boost_fast,REPORT,100.0,10,4344993736904.839,9.672509,100,103.191781,129.701478,176.205479,1530.0,1786.0,2340.0,0.0,1.0,10.0,99.8,0.1,0.1,0.2,7.9,0.1,0.1,0.8,9,0.9,1530.0,115.410959
100,4210,KMeans-init-NSGA2,v29_hpp_cost_front_boost_fast,REPORT,100.0,23,4341407303562.804,7.037012,100,104.219178,123.708003,162.547945,1520.0,1816.521739,2700.0,0.0,0.0,0.0,99.695652,0.26087,0.043478,0.304348,7.521739,0.130435,0.043478,0.826087,23,1.0,1520.0,104.219178
100,4211,KMeans-init-NSGA2,v29_hpp_cost_front_boost_fast,REPORT,100.0,16,4355033021436.4727,10.316177,100,101.342466,122.835387,176.082192,1520.0,1960.625,2460.0,0.0,3.125,50.0,99.9375,0.0,0.0625,0.0625,7.375,0.0,0.0625,0.9375,15,0.9375,1520.0,101.342466
100,4212,KMeans-init-NSGA2,v29_hpp_cost_front_boost_fast,REPORT,100.0,8,4283450808219.178,8.395397,100,116.068493,138.481164,176.616438,1530.0,1747.5,2050.0,0.0,0.0,0.0,100.0,0.0,0.0,0.0,8.5,0.0,0.0,1.0,8,1.0,1530.0,116.068493
100,4213,KMeans-init-NSGA2,v29_hpp_cost_front_boost_fast,REPORT,100.0,24,4314442497758.941,9.104599,100,109.465753,145.134819,209.356164,1520.0,1927.916667,3330.0,0.0,12.083333,60.0,99.791667,0.0,0.208333,0.208333,8.833333,0.0,0.166667,0.875,13,0.541667,1520.0,118.369863
100,4214,KMeans-init-NSGA2,v29_hpp_cost_front_boost_fast,REPORT,100.0,16,4344943247165.296,8.900979,100,103.438356,121.392467,163.287671,1520.0,2181.875,3080.0,0.0,17.5,70.0,99.6875,0.1875,0.125,0.3125,7.1875,0.1875,0.125,0.6875,12,0.75,1520.0,103.438356
100,4215,KMeans-init-NSGA2,v29_hpp_cost_front_boost_fast,REPORT,100.0,14,4347900282497.762,7.797708,100,102.534247,128.288234,161.39726,1530.0,1891.428571,2650.0,0.0,0.714286,10.0,99.714286,0.0,0.285714,0.285714,7.785714,0.0,0.214286,0.785714,13,0.928571,1530.0,102.534247
100,4216,KMeans-init-NSGA2,v29_hpp_cost_front_boost_fast,REPORT,100.0,23,4356924058708.539,7.895463,100,100.890411,134.781517,194.082192,1520.0,1900.0,2480.0,0.0,3.043478,10.0,99.608696,0.043478,0.347826,0.391304,8.26087,0.043478,0.26087,0.695652,16,0.695652,1520.0,101.712329
100,4217,KMeans-init-NSGA2,v29_hpp_cost_front_boost_fast,REPORT,100.0,9,4246249229536.928,9.67123,100,123.835616,143.62803,176.452055,1520.0,2150.0,3970.0,0.0,16.666667,100.0,99.888889,0.111111,0.0,0.111111,8.666667,0.111111,0.0,0.888889,6,0.666667,1520.0,129.972603
100,4218,KMeans-init-NSGA2,v29_hpp_cost_front_boost_fast,REPORT,100.0,20,4315800677196.385,8.447187,100,109.24211,133.984476,192.205479,1520.0,2159.5,2620.0,0.0,17.0,70.0,98.8,0.55,0.65,1.2,7.9,0.4,0.55,0.45,12,0.6,1520.0,123.227709
100,4219,KMeans-init-NSGA2,v29_hpp_cost_front_boost_fast,REPORT,100.0,14,4264982735920.6313,7.119789,100,119.857846,154.746206,194.616438,1520.0,1735.0,2900.0,0.0,0.0,0.0,99.285714,0.0,0.714286,0.714286,9.571429,0.0,0.642857,0.428571,14,1.0,1520.0,119.857846
100,4220,KMeans-init-NSGA2,v29_hpp_cost_front_boost_fast,REPORT,100.0,12,4275206738943.888,9.459763,100,117.630137,149.982942,190.273973,1530.0,1761.666667,2400.0,0.0,0.0,0.0,99.833333,0.083333,0.083333,0.166667,9.25,0.083333,0.083333,0.833333,12,1.0,1530.0,117.630137
100,4221,KMeans-init-NSGA2,v29_hpp_cost_front_boost_fast,REPORT,100.0,16,4351198668839.412,11.171618,100,102.041096,154.200384,191.013699,1520.0,1667.5,2180.0,0.0,0.625,10.0,99.875,0.0625,0.0625,0.125,9.5,0.0625,0.0625,0.875,15,0.9375,1520.0,102.041096
100,4222,KMeans-init-NSGA2,v29_hpp_cost_front_boost_fast,REPORT,100.0,12,4277985294090.874,8.059377,100,117.136986,149.906582,190.808219,1530.0,1705.0,2250.0,0.0,12.5,70.0,99.916667,0.0,0.083333,0.083333,9.25,0.0,0.083333,0.916667,9,0.75,1530.0,117.136986
100,4223,KMeans-init-NSGA2,v29_hpp_cost_front_boost_fast,REPORT,100.0,12,4343631464420.172,9.568094,100,103.479452,139.542745,190.356164,1530.0,1769.166667,2450.0,0.0,7.5,90.0,99.5,0.166667,0.333333,0.5,8.583333,0.166667,0.333333,0.666667,11,0.916667,1530.0,104.545286
100,4224,KMeans-init-NSGA2,v29_hpp_cost_front_boost_fast,REPORT,100.0,14,4285146406035.1206,7.743387,100,115.657534,140.395913,175.835616,1530.0,1772.142857,2130.0,0.0,0.0,0.0,99.857143,0.071429,0.071429,0.142857,8.642857,0.071429,0.071429,0.857143,14,1.0,1530.0,115.657534
100,4225,KMeans-init-NSGA2,v29_hpp_cost_front_boost_fast,REPORT,100.0,8,4288861679443.5874,7.586171,100,114.958904,137.79525,194.764432,1530.0,1748.75,2130.0,0.0,0.0,0.0,99.375,0.0,0.625,0.625,8.375,0.0,0.5,0.5,8,1.0,1530.0,114.958904
100,4226,KMeans-init-NSGA2,v29_hpp_cost_front_boost_fast,REPORT,100.0,8,4357571616438.357,8.968152,100,100.60274,145.808219,176.657534,1530.0,1687.5,1970.0,0.0,0.0,0.0,100.0,0.0,0.0,0.0,9.0,0.0,0.0,1.0,8,1.0,1530.0,100.60274
100,4227,KMeans-init-NSGA2,v29_hpp_cost_front_boost_fast,REPORT,100.0,9,4346000008084.186,7.72279,100,102.986301,129.503529,167.474583,1530.0,1854.444444,2480.0,0.0,0.0,0.0,98.888889,0.333333,0.777778,1.111111,7.777778,0.222222,0.777778,0.333333,9,1.0,1530.0,102.986301
100,4228,KMeans-init-NSGA2,v29_hpp_cost_front_boost_fast,REPORT,100.0,8,4356701205479.4536,7.963716,100,101.09589,143.164384,177.232877,1520.0,1635.0,1910.0,0.0,0.0,0.0,99.875,0.0,0.125,0.125,8.75,0.0,0.125,0.875,8,1.0,1520.0,101.09589
100,4229,KMeans-init-NSGA2,v29_hpp_cost_front_boost_fast,REPORT,100.0,16,4363983390514.385,8.487844,100,99.369863,132.639325,193.232877,1530.0,1748.75,2040.0,0.0,7.5,40.0,99.9375,0.0625,0.0,0.0625,8.125,0.0625,0.0,0.9375,13,0.8125,1530.0,100.068493
100,4230,KMeans-init-NSGA2,v29_hpp_cost_front_boost_fast,REPORT,100.0,8,4285042479452.056,8.176105,100,115.657534,149.628425,178.219178,1530.0,1666.25,2130.0,0.0,0.0,0.0,99.375,0.0,0.625,0.625,9.5,0.0,0.5,0.625,8,1.0,1530.0,115.657534
100,4201,MOPSO,v29_hpp_cost_front_boost_fast,REPORT,100.0,50,3808414120650.994,6.53478,100,205.259317,247.48094,288.442021,2030.0,2552.39881,4040.0,0.0,9.166313,90.0,35.1,31.64,33.26,64.9,14.96,5.0,13.4,0.0,39,0.78,2030.0,205.259317
100,4202,MOPSO,v29_hpp_cost_front_boost_fast,REPORT,100.0,50,3675824770781.5337,6.492793,100,234.276072,264.499276,304.504728,1969.675508,2389.922965,2900.0,0.0,9.713608,95.043856,38.9,28.06,33.04,61.1,14.18,5.0,12.94,0.0,40,0.8,1969.675508,234.276072
100,4203,MOPSO,v29_hpp_cost_front_boost_fast,REPORT,100.0,42,3661322901039.494,6.447181,100,237.228515,271.599751,299.362612,1960.0,2429.322187,3871.14945,0.0,12.905252,72.390197,41.309524,29.380952,29.309524,58.690476,14.809524,5.0,13.095238,0.0,30,0.714286,1967.965323,242.124558
100,4204,MOPSO,v29_hpp_cost_front_boost_fast,REPORT,100.0,39,3797789174444.29,5.812367,93,206.126032,258.607297,303.36199,2119.253195,2456.022908,3173.267426,0.0,12.676731,80.0,33.820513,33.794872,32.384615,66.179487,14.461538,5.0,13.358974,0.0,30,0.769231,2119.253195,206.126032
100,4205,MOPSO,v29_hpp_cost_front_boost_fast,REPORT,100.0,51,3758084226528.946,6.322525,100,215.939287,263.83131,311.516353,2040.0,2367.305233,3040.0,0.0,2.33277,70.57569,34.431373,31.862745,33.705882,65.568627,14.647059,5.0,13.705882,0.0,46,0.901961,2040.0,222.724678
100,4206,MOPSO,v29_hpp_cost_front_boost_fast,REPORT,100.0,66,3760307429830.394,6.547947,100,216.852832,257.203715,327.043227,1960.0,2346.308453,3380.0,0.0,16.324869,100.0,34.787879,29.090909,36.121212,65.212121,14.651515,5.0,12.772727,0.0,53,0.80303,1960.0,231.693371
100,4207,MOPSO,v29_hpp_cost_front_boost_fast,REPORT,100.0,61,3739287516624.831,6.206523,100,221.99328,240.885429,319.65858,1912.392835,2333.812912,2890.394193,0.0,9.794661,96.755434,36.540984,30.459016,33.0,63.459016,14.770492,5.0,12.672131,0.0,50,0.819672,1912.392835,221.99328
100,4208,MOPSO,v29_hpp_cost_front_boost_fast,REPORT,100.0,49,3743705579423.754,6.276725,100,218.710576,261.074279,331.800378,2030.0,2501.022071,2955.072616,0.0,0.0,0.0,39.204082,31.367347,29.428571,60.795918,14.591837,5.0,12.836735,0.0,49,1.0,2030.0,218.710576
100,4209,MOPSO,v29_hpp_cost_front_boost_fast,REPORT,100.0,68,3745008850417.415,6.518567,100,217.919226,267.067517,324.470381,2057.983527,2455.677175,3314.099085,0.0,2.754599,64.347038,39.132353,29.911765,30.955882,60.867647,14.823529,5.0,13.235294,0.0,64,0.941176,2057.983527,217.919226
100,4210,MOPSO,v29_hpp_cost_front_boost_fast,REPORT,100.0,40,3648067238346.22,5.007164,78,238.496092,262.641189,315.662548,2080.0,2378.983089,2765.110016,0.0,0.231179,9.247166,35.0,31.0,34.0,65.0,14.525,5.0,13.0,0.0,39,0.975,2080.0,238.496092
100,4211,MOPSO,v29_hpp_cost_front_boost_fast,REPORT,100.0,56,3666138216452.579,6.446409,100,235.009101,268.371342,322.181211,2050.0,2394.995418,3110.0,0.0,20.818992,68.859238,36.214286,27.517857,36.267857,63.785714,14.964286,4.946429,13.607143,0.0,30,0.535714,2050.0,239.011687
100,4212,MOPSO,v29_hpp_cost_front_boost_fast,REPORT,100.0,53,3637539408249.346,6.35092,100,240.201392,265.982599,321.49196,2100.0,2601.588984,3980.0,0.0,13.571149,80.0,37.018868,31.037736,31.943396,62.981132,14.54717,4.981132,13.301887,0.0,38,0.716981,2100.0,245.617819
100,4213,MOPSO,v29_hpp_cost_front_boost_fast,REPORT,100.0,48,3773025285483.996,6.216926,100,213.85264,252.606965,324.617862,1970.0,2440.540284,3330.0,0.0,12.635157,95.528286,36.479167,30.145833,33.375,63.520833,14.395833,5.0,13.145833,0.0,36,0.75,1990.0,232.09235
100,4214,MOPSO,v29_hpp_cost_front_boost_fast,REPORT,100.0,51,3583238989961.42,3.402468,52,251.826147,268.880849,327.242056,2100.0,2433.52038,3355.611886,0.0,6.261672,73.48521,36.098039,33.54902,30.352941,63.901961,14.607843,5.0,12.27451,0.0,42,0.823529,2100.0,251.826147
100,4215,MOPSO,v29_hpp_cost_front_boost_fast,REPORT,100.0,51,3750811777585.752,6.176197,100,217.477382,253.270719,322.490462,2040.0,2632.56657,3717.484308,0.0,10.963588,94.713879,37.431373,35.686275,26.882353,62.568627,14.607843,5.0,11.588235,0.0,38,0.745098,2040.0,235.752294
100,4216,MOPSO,v29_hpp_cost_front_boost_fast,REPORT,100.0,55,3570335935737.881,4.102583,63,255.315398,285.472192,321.221133,2030.0,2437.884154,3350.0,0.0,17.380517,97.71821,38.290909,31.090909,30.618182,61.709091,14.909091,5.0,13.054545,0.0,40,0.727273,2060.0,255.315398
100,4217,MOPSO,v29_hpp_cost_front_boost_fast,REPORT,100.0,58,3671203838872.388,6.09679,100,234.263102,259.356921,294.038449,2040.0,2373.740136,2774.737815,0.0,2.060113,28.660687,36.155172,30.724138,33.12069,63.844828,14.689655,5.0,13.344828,0.0,52,0.896552,2040.0,235.221171
100,4218,MOPSO,v29_hpp_cost_front_boost_fast,REPORT,100.0,59,3762276503688.047,6.320681,100,215.978339,264.758878,328.303691,1970.0,2392.062805,3210.0,0.0,3.430011,51.637679,34.542373,31.40678,34.050847,65.457627,14.694915,5.0,13.372881,0.0,54,0.915254,1970.0,215.978339
100,4219,MOPSO,v29_hpp_cost_front_boost_fast,REPORT,100.0,42,3609400791848.843,6.422701,100,248.479139,286.307585,319.330665,1950.0,2232.319953,3681.813451,0.0,2.565617,45.773797,38.52381,29.714286,31.761905,61.47619,14.714286,5.0,12.428571,0.0,39,0.928571,1950.0,248.479139
100,4220,MOPSO,v29_hpp_cost_front_boost_fast,REPORT,100.0,52,3689310895114.565,6.427459,100,229.855727,260.418925,323.103446,2070.204468,2531.32585,3060.0,0.0,3.974807,62.207587,38.557692,29.980769,31.461538,61.442308,14.826923,5.0,13.019231,0.0,40,0.769231,2070.204468,229.855727
100,4221,MOPSO,v29_hpp_cost_front_boost_fast,REPORT,100.0,50,3678197394568.957,6.308708,100,233.775498,272.426424,323.456646,1960.0,2478.859269,3860.0,0.0,11.579554,96.821668,39.14,27.98,32.88,60.86,14.56,4.94,13.12,0.0,39,0.78,1960.0,241.227716
100,4222,MOPSO,v29_hpp_cost_front_boost_fast,REPORT,100.0,40,3649952195522.684,6.499033,100,239.717347,284.836747,323.043328,1950.0,2307.369772,2920.824625,0.0,16.715172,72.332416,43.05,26.225,30.725,56.95,14.6,4.975,12.15,0.0,27,0.675,1980.0,239.717347
100,4223,MOPSO,v29_hpp_cost_front_boost_fast,REPORT,100.0,47,3664615537600.457,6.297406,100,235.520266,267.942663,322.96506,2020.0,2546.444864,3460.0,0.0,7.675792,84.74051,42.212766,32.829787,24.957447,57.787234,14.829787,5.0,11.914894,0.0,39,0.829787,2047.189616,235.520266
100,4224,MOPSO,v29_hpp_cost_front_boost_fast,REPORT,100.0,55,3700920979640.305,6.441934,100,229.385852,274.00619,330.125931,1927.864771,2365.914766,3470.0,0.0,12.829721,88.81159,39.145455,29.6,31.254545,60.854545,14.545455,4.981818,13.0,0.0,43,0.781818,1985.555128,229.385852
100,4225,MOPSO,v29_hpp_cost_front_boost_fast,REPORT,100.0,48,3565533890367.6465,4.130576,63,257.6064,284.00752,324.207243,1930.0,2442.173914,3233.980576,0.0,2.836789,81.538076,38.3125,28.854167,32.833333,61.6875,15.0,5.0,13.541667,0.0,45,0.9375,1930.0,257.6064
100,4226,MOPSO,v29_hpp_cost_front_boost_fast,REPORT,100.0,49,3584220466949.113,6.366031,100,252.492397,273.282716,329.057489,2027.87172,2440.375475,2770.0,0.0,2.770612,96.816442,41.142857,31.367347,27.489796,58.857143,14.755102,5.0,12.877551,0.0,46,0.938776,2027.87172,252.492397
100,4227,MOPSO,v29_hpp_cost_front_boost_fast,REPORT,100.0,64,3686518521831.772,6.267183,100,230.627593,268.117762,321.716243,2050.0,2475.19123,3650.0,0.0,7.166437,98.393224,39.875,33.265625,26.859375,60.125,14.734375,5.0,12.46875,0.0,54,0.84375,2060.0,230.627593
100,4228,MOPSO,v29_hpp_cost_front_boost_fast,REPORT,100.0,56,3702778913676.306,6.087647,100,230.455013,261.177397,311.17043,1870.0,2146.464447,2730.0,0.0,6.280221,92.146286,35.660714,27.5,36.839286,64.339286,14.428571,5.0,13.696429,0.0,51,0.910714,1870.0,230.455013
100,4229,MOPSO,v29_hpp_cost_front_boost_fast,REPORT,100.0,59,3679330074285.4585,6.203582,100,235.031907,263.049794,306.391202,1882.447107,2321.644823,3260.0,0.0,3.305163,77.683244,39.694915,28.627119,31.677966,60.305085,14.983051,5.0,13.271186,0.0,56,0.949153,1882.447107,235.031907
100,4230,MOPSO,v29_hpp_cost_front_boost_fast,REPORT,100.0,59,3770833726546.471,6.296749,100,216.60942,252.204339,302.028116,1829.573987,2289.522737,3319.040884,0.0,2.989818,71.18034,34.779661,33.644068,31.576271,65.220339,14.661017,5.0,13.322034,0.0,50,0.847458,1829.573987,218.054159
100,4201,Trad-NSGA2,v29_hpp_cost_front_boost_fast,REPORT,100.0,10,4146696174051.065,8.959519,100,141.471934,200.466381,282.979511,1620.0,2118.369432,3011.459392,0.0,3.682264,36.822642,28.5,29.3,42.2,71.5,13.9,4.9,13.7,0.0,9,0.9,1620.0,141.471934
100,4202,Trad-NSGA2,v29_hpp_cost_front_boost_fast,REPORT,100.0,10,4124854096056.5376,8.400619,100,140.786238,174.793644,235.310802,1960.0,2323.026949,3200.0,0.0,19.648828,97.040605,33.0,38.3,28.7,67.0,11.0,4.8,10.7,0.0,7,0.7,1960.0,141.318287
100,4203,Trad-NSGA2,v29_hpp_cost_front_boost_fast,REPORT,100.0,10,4180755558485.8335,8.487729,100,131.588516,160.841915,223.650323,1840.0,2133.136019,2340.0,0.0,3.720888,37.208875,44.0,26.1,29.9,56.0,10.4,4.5,9.9,0.0,9,0.9,1840.0,131.588516
100,4204,Trad-NSGA2,v29_hpp_cost_front_boost_fast,REPORT,100.0,10,4219060183273.883,8.589344,100,119.622185,140.620911,169.02574,2050.0,2551.445673,3282.45023,0.0,9.591857,87.804686,35.2,31.9,32.9,64.8,8.7,5.0,7.8,0.0,8,0.8,2050.0,119.831878
100,4205,Trad-NSGA2,v29_hpp_cost_front_boost_fast,REPORT,100.0,10,4071544251544.8457,8.488054,100,155.395032,190.820348,225.531308,1760.0,2094.491941,2692.426062,0.0,0.0,0.0,31.1,30.9,38.0,68.9,12.1,5.0,10.8,0.0,10,1.0,1760.0,155.395032
100,4206,Trad-NSGA2,v29_hpp_cost_front_boost_fast,REPORT,100.0,12,4133107923858.875,8.154213,100,139.47916,180.477224,228.231331,1938.420439,2188.629801,2800.0,0.0,20.752907,83.011626,39.416667,31.583333,29.0,60.583333,10.0,5.0,9.25,0.0,9,0.75,1938.420439,139.47916
100,4207,Trad-NSGA2,v29_hpp_cost_front_boost_fast,REPORT,100.0,7,4122390497009.381,8.235724,100,141.140646,156.870759,169.064328,1990.0,2512.857143,4370.0,0.0,3.254538,22.781766,43.571429,30.857143,25.571429,56.428571,9.571429,5.0,7.857143,0.0,6,0.857143,1990.0,141.334362
100,4208,Trad-NSGA2,v29_hpp_cost_front_boost_fast,REPORT,100.0,17,4124647800434.356,8.82752,100,138.986132,163.83233,225.860765,2070.0,2620.268362,3175.098403,0.0,7.095394,29.497475,41.764706,30.235294,28.0,58.235294,9.411765,4.294118,9.0,0.0,12,0.705882,2070.0,139.200926
100,4209,Trad-NSGA2,v29_hpp_cost_front_boost_fast,REPORT,100.0,11,4076475941853.346,8.611516,100,154.370562,204.850893,246.182258,1750.0,2084.959453,2520.0,0.0,0.0,0.0,44.0,23.272727,32.727273,56.0,12.818182,4.636364,11.181818,0.0,11,1.0,1750.0,154.370562
100,4210,Trad-NSGA2,v29_hpp_cost_front_boost_fast,REPORT,100.0,9,4165479199959.997,8.404512,100,134.050299,161.802746,188.412749,1890.0,2010.201245,2234.713315,0.0,0.0,0.0,32.666667,33.111111,34.222222,67.333333,12.0,5.0,11.444444,0.0,9,1.0,1890.0,134.050299
100,4211,Trad-NSGA2,v29_hpp_cost_front_boost_fast,REPORT,100.0,18,4046654362265.033,9.077078,100,158.508106,199.783551,262.361841,1850.0,2449.827976,3080.0,0.0,13.49796,90.623059,38.333333,25.166667,36.5,61.666667,11.833333,4.444444,10.944444,0.0,14,0.777778,1850.0,159.406986
100,4212,Trad-NSGA2,v29_hpp_cost_front_boost_fast,REPORT,100.0,12,4083095221698.34,8.408108,100,153.476473,180.178324,213.1812,1752.911429,1955.437099,2430.0,0.0,13.66132,60.830261,32.5,33.333333,34.166667,67.5,13.083333,5.0,13.0,0.0,7,0.583333,1752.911429,155.52409
100,4213,Trad-NSGA2,v29_hpp_cost_front_boost_fast,REPORT,100.0,11,4046288210552.4585,9.077697,100,158.880384,199.915666,261.751633,1860.0,2174.998498,2500.0,0.0,15.032304,85.355339,42.909091,30.454545,26.636364,57.090909,12.272727,5.0,10.909091,0.0,9,0.818182,1860.0,158.880384
100,4214,Trad-NSGA2,v29_hpp_cost_front_boost_fast,REPORT,100.0,18,4023258941158.4814,8.628821,100,164.499773,228.633546,286.858878,1790.0,2129.91886,2750.523419,0.0,12.865123,80.0,38.666667,28.222222,33.111111,61.333333,12.111111,4.944444,11.666667,0.0,14,0.777778,1790.0,164.499773
100,4215,Trad-NSGA2,v29_hpp_cost_front_boost_fast,REPORT,100.0,17,4042835874330.772,8.336625,100,159.742942,206.288565,274.491197,1850.0,2124.740474,2920.0,0.0,11.012755,84.728748,44.176471,30.764706,25.058824,55.823529,11.470588,5.0,9.705882,0.0,14,0.823529,1850.0,159.742942
100,4216,Trad-NSGA2,v29_hpp_cost_front_boost_fast,REPORT,100.0,18,4179723741875.096,8.21389,100,134.126865,169.211968,210.062831,1700.0,2076.126907,2737.922229,0.0,5.729809,98.136556,38.666667,31.0,30.333333,61.333333,9.5,5.0,8.777778,0.0,16,0.888889,1700.0,134.126865
100,4217,Trad-NSGA2,v29_hpp_cost_front_boost_fast,REPORT,100.0,24,4182511471666.352,8.567742,100,135.664282,184.351168,277.974779,1552.900695,2143.284909,3811.315139,0.0,19.488775,80.0,30.916667,25.541667,43.541667,69.083333,12.708333,5.0,12.458333,0.0,16,0.666667,1552.900695,135.664282
100,4218,Trad-NSGA2,v29_hpp_cost_front_boost_fast,REPORT,100.0,16,4051603324057.947,8.10938,100,156.609837,206.308156,281.199266,1930.0,2174.499573,2790.0,0.0,5.467452,76.007663,39.875,29.375,30.75,60.125,11.3125,5.0,10.0625,0.0,14,0.875,1930.0,156.609837
100,4219,Trad-NSGA2,v29_hpp_cost_front_boost_fast,REPORT,100.0,18,4174273867322.33,8.738186,100,133.145972,166.615142,203.557904,1820.0,2099.364021,2690.0,0.0,25.650034,90.539473,36.944444,30.944444,32.111111,63.055556,13.055556,5.0,12.055556,0.0,11,0.611111,1820.0,150.043779
100,4220,Trad-NSGA2,v29_hpp_cost_front_boost_fast,REPORT,100.0,15,4040705764942.466,8.715934,100,158.625823,202.376674,228.904999,1950.0,2213.828894,3492.845429,0.0,17.480594,87.553594,33.4,25.8,40.8,66.6,14.066667,5.0,13.133333,0.0,9,0.6,1950.0,175.768445
100,4221,Trad-NSGA2,v29_hpp_cost_front_boost_fast,REPORT,100.0,6,4160267514500.512,8.317996,100,133.596332,157.035118,168.085479,1976.300334,2034.46943,2240.0,0.0,0.0,0.0,37.666667,33.833333,28.5,62.333333,12.166667,5.0,12.166667,0.0,6,1.0,1976.300334,133.596332
100,4222,Trad-NSGA2,v29_hpp_cost_front_boost_fast,REPORT,100.0,13,4016578886070.709,8.505044,100,163.521088,200.647362,229.863684,1940.0,2299.292105,3550.0,0.0,15.444848,91.62827,34.538462,32.230769,33.230769,65.461538,12.846154,5.0,11.461538,0.0,10,0.769231,1940.0,176.472238
100,4223,Trad-NSGA2,v29_hpp_cost_front_boost_fast,REPORT,100.0,19,4091878871205.4814,8.526525,100,152.054317,213.656506,297.588513,1680.0,2151.352708,2764.109119,0.0,4.16604,20.0,38.684211,28.368421,32.947368,61.315789,11.315789,5.0,9.631579,0.0,15,0.789474,1680.0,159.527542
100,4224,Trad-NSGA2,v29_hpp_cost_front_boost_fast,REPORT,100.0,20,4144785663115.757,8.544773,100,137.403655,163.22515,225.189912,1913.913072,2620.809946,3965.978179,0.0,16.806248,90.0,34.85,38.85,26.3,65.15,11.35,5.0,10.95,0.0,13,0.65,1913.913072,138.160738
100,4225,Trad-NSGA2,v29_hpp_cost_front_boost_fast,REPORT,100.0,11,3944898526792.826,8.837503,100,181.528911,217.504687,296.956095,1750.0,2459.518658,3730.0,0.0,17.986833,70.0,36.636364,28.727273,34.636364,63.363636,12.909091,5.0,12.0,0.0,8,0.727273,1750.0,186.496873
100,4226,Trad-NSGA2,v29_hpp_cost_front_boost_fast,REPORT,100.0,16,4129057353062.7993,8.470244,100,141.84897,183.255473,233.485299,1820.0,2517.767358,3420.0,0.0,7.655506,61.244047,33.25,30.0,36.75,66.75,12.125,5.0,11.375,0.0,14,0.875,1820.0,141.84897
100,4227,Trad-NSGA2,v29_hpp_cost_front_boost_fast,REPORT,100.0,14,4245493837531.947,8.826648,100,120.57426,167.485975,209.176981,1620.0,2427.054716,3960.0,0.0,10.353775,77.26812,35.428571,29.357143,35.214286,64.571429,12.357143,5.0,11.785714,0.0,12,0.857143,1620.0,120.57426
100,4228,Trad-NSGA2,v29_hpp_cost_front_boost_fast,REPORT,100.0,8,4129208480772.034,8.19839,100,139.975709,188.694928,240.334988,1948.554141,2224.931915,3080.0,0.0,3.827882,30.623059,34.625,33.875,31.5,65.375,10.875,5.0,10.125,0.0,7,0.875,2002.113295,139.975709
100,4229,Trad-NSGA2,v29_hpp_cost_front_boost_fast,REPORT,100.0,18,4036633248936.639,8.574177,100,164.382874,188.564257,269.809565,1670.0,1995.79085,2260.608932,0.0,6.567226,51.589105,43.777778,20.444444,35.777778,56.222222,12.722222,5.0,11.722222,0.0,15,0.833333,1670.0,165.103625
100,4230,Trad-NSGA2,v29_hpp_cost_front_boost_fast,REPORT,100.0,11,4077728364868.17,8.055988,100,155.728275,190.891941,245.47177,1670.156671,2054.50741,2420.0,0.0,0.0,0.0,40.545455,31.636364,27.818182,59.454545,11.909091,5.0,11.272727,0.0,11,1.0,1670.156671,155.728275
50,4201,HPP-init-NSGA2,v29_hpp_cost_front_boost_fast,REPORT,100.0,22,4665375929604.389,10.382979,100,45.350637,72.753829,127.890411,1120.0,1311.818182,1830.0,0.0,0.909091,20.0,44.590909,1.181818,4.227273,5.409091,5.318182,0.454545,2.181818,0.136364,21,0.954545,1120.0,48.410959
50,4202,HPP-init-NSGA2,v29_hpp_cost_front_boost_fast,REPORT,100.0,29,4714972971272.586,13.306212,100,34.794521,58.127067,112.14894,1130.0,1565.862069,2270.0,0.0,0.0,0.0,46.793103,0.896552,2.310345,3.206897,3.482759,0.413793,0.931034,0.310345,29,1.0,1130.0,34.794521
50,4203,HPP-init-NSGA2,v29_hpp_cost_front_boost_fast,REPORT,100.0,27,4694345550606.299,10.600509,100,39.021088,65.719998,109.614913,1130.0,1401.481481,2390.0,0.0,0.37037,10.0,45.777778,0.259259,3.962963,4.222222,4.518519,0.222222,2.222222,0.222222,26,0.962963,1130.0,39.021088
50,4204,HPP-init-NSGA2,v29_hpp_cost_front_boost_fast,REPORT,100.0,30,4685973422607.2,11.128528,100,40.82581,58.48161,85.326769,1130.0,1412.333333,2400.0,0.0,1.666667,50.0,44.6,0.366667,5.033333,5.4,3.966667,0.3,1.833333,0.066667,29,0.966667,1130.0,40.82581
50,4205,HPP-init-NSGA2,v29_hpp_cost_front_boost_fast,REPORT,100.0,28,4650973756032.324,10.8412,100,48.164384,65.934647,115.867909,1130.0,1336.428571,1660.0,0.0,0.0,0.0,45.178571,0.571429,4.25,4.821429,4.035714,0.25,1.392857,0.178571,28,1.0,1130.0,48.164384
50,4206,HPP-init-NSGA2,v29_hpp_cost_front_boost_fast,REPORT,100.0,31,4707605551301.876,13.139641,100,36.438356,59.728175,97.77347,1120.0,1615.806452,3190.0,0.0,5.967742,85.0,43.645161,1.612903,4.741935,6.354839,3.612903,0.709677,1.935484,0.129032,28,0.903226,1120.0,36.438356
50,4207,HPP-init-NSGA2,v29_hpp_cost_front_boost_fast,REPORT,100.0,21,4688401136952.721,11.16827,100,40.445796,66.481366,110.140401,1120.0,1590.952381,2330.0,0.0,2.380952,30.0,44.47619,0.857143,4.666667,5.52381,4.095238,0.47619,2.047619,0.142857,18,0.857143,1120.0,42.864805
50,4208,HPP-init-NSGA2,v29_hpp_cost_front_boost_fast,REPORT,100.0,30,4710121379392.126,12.631358,100,35.493151,65.853837,108.630137,1140.0,1638.666667,2670.0,0.0,0.0,0.0,47.3,0.166667,2.533333,2.7,4.166667,0.133333,1.233333,0.3,30,1.0,1140.0,35.493151
50,4209,HPP-init-NSGA2,v29_hpp_cost_front_boost_fast,REPORT,100.0,27,4695749275834.115,13.853463,100,38.556476,60.331411,108.547945,1140.0,1700.740741,2930.0,0.0,10.740741,80.0,45.740741,0.296296,3.962963,4.259259,4.074074,0.185185,2.0,0.148148,23,0.851852,1140.0,38.556476
50,4210,HPP-init-NSGA2,v29_hpp_cost_front_boost_fast,REPORT,100.0,27,4703103167944.685,12.205215,100,37.268805,60.55693,113.248322,1130.0,1507.037037,2120.0,0.0,0.0,0.0,45.740741,0.888889,3.37037,4.259259,4.0,0.703704,1.62963,0.148148,27,1.0,1130.0,37.268805
50,4211,HPP-init-NSGA2,v29_hpp_cost_front_boost_fast,REPORT,100.0,26,4686312940189.502,12.311808,100,40.756355,63.712332,124.30137,1130.0,1440.769231,2890.0,0.0,0.0,0.0,45.538462,1.0,3.461538,4.461538,4.192308,0.423077,1.538462,0.115385,26,1.0,1130.0,40.756355
50,4212,HPP-init-NSGA2,v29_hpp_cost_front_boost_fast,REPORT,100.0,38,4706584743286.458,10.484123,100,36.39726,57.050627,108.630137,1140.0,1532.368421,2450.0,0.0,0.0,0.0,47.263158,0.447368,2.289474,2.736842,3.421053,0.289474,0.842105,0.289474,38,1.0,1140.0,36.39726
50,4213,HPP-init-NSGA2,v29_hpp_cost_front_boost_fast,REPORT,100.0,29,4703398443930.385,10.481193,100,37.054795,59.383283,108.630137,1140.0,1551.724138,2790.0,0.0,0.689655,20.0,47.37931,0.724138,1.896552,2.62069,3.62069,0.448276,0.862069,0.310345,28,0.965517,1140.0,37.054795
50,4214,HPP-init-NSGA2,v29_hpp_cost_front_boost_fast,REPORT,100.0,30,4684696993362.365,11.448724,100,41.280766,63.722939,118.658236,1120.0,1460.0,2140.0,0.0,0.0,0.0,46.633333,0.166667,3.2,3.366667,4.066667,0.1,1.366667,0.3,30,1.0,1120.0,41.280766
50,4215,HPP-init-NSGA2,v29_hpp_cost_front_boost_fast,REPORT,100.0,22,4686118287808.806,11.106968,100,40.846731,69.257024,117.088779,1120.0,1471.818182,3040.0,0.0,1.818182,30.0,44.681818,1.363636,3.954545,5.318182,4.5,0.545455,1.954545,0.227273,20,0.909091,1120.0,49.191781
50,4216,HPP-init-NSGA2,v29_hpp_cost_front_boost_fast,REPORT,100.0,36,4696153814470.685,12.332167,100,38.666065,56.77032,120.714401,1130.0,1761.111111,3130.0,0.0,1.111111,20.0,43.694444,1.527778,4.777778,6.305556,3.416667,0.638889,1.861111,0.083333,33,0.916667,1130.0,38.666065
50,4217,HPP-init-NSGA2,v29_hpp_cost_front_boost_fast,REPORT,100.0,32,4707696244746.927,11.44561,100,36.39726,60.927432,127.533608,1120.0,1607.8125,2820.0,0.0,0.0,0.0,46.28125,0.5625,3.15625,3.71875,3.875,0.3125,1.53125,0.25,32,1.0,1120.0,36.39726
50,4218,HPP-init-NSGA2,v29_hpp_cost_front_boost_fast,REPORT,100.0,33,4649627076099.91,9.437085,100,48.410959,67.092807,112.090802,1130.0,1335.151515,1630.0,0.0,0.0,0.0,45.757576,0.090909,4.151515,4.242424,4.606061,0.090909,1.727273,0.151515,33,1.0,1130.0,48.410959
50,4219,HPP-init-NSGA2,v29_hpp_cost_front_boost_fast,REPORT,100.0,25,4687858845586.242,10.550073,100,40.821564,71.936154,126.208176,1110.0,1344.485695,1990.0,0.0,0.0,0.0,45.64,0.36,4.0,4.36,4.4,0.32,1.44,0.12,25,1.0,1110.0,40.821564
50,4220,HPP-init-NSGA2,v29_hpp_cost_front_boost_fast,REPORT,100.0,35,4713504083046.104,12.377212,100,35.205479,61.501125,145.381261,1120.0,1663.428571,2770.0,0.0,7.142857,80.0,47.485714,0.4,2.114286,2.514286,3.914286,0.285714,1.228571,0.285714,29,0.828571,1120.0,35.205479
50,4221,HPP-init-NSGA2,v29_hpp_cost_front_boost_fast,REPORT,100.0,33,4695879329441.554,12.755897,100,38.684932,64.037656,110.336235,1130.0,1537.575758,2790.0,0.0,0.909091,30.0,46.939394,0.333333,2.727273,3.060606,3.909091,0.151515,1.151515,0.424242,32,0.969697,1130.0,38.684932
50,4222,HPP-init-NSGA2,v29_hpp_cost_front_boost_fast,REPORT,100.0,28,4713121879337.173,10.151697,100,35.0,64.359468,108.630137,1140.0,1598.928571,2530.0,0.0,5.357143,80.0,47.892857,0.214286,1.892857,2.107143,4.142857,0.214286,1.071429,0.392857,26,0.928571,1140.0,35.041096
50,4223,HPP-init-NSGA2,v29_hpp_cost_front_boost_fast,REPORT,100.0,28,4650598790819.063,9.387345,100,48.410959,70.496927,119.664015,1120.0,1300.648328,1630.0,0.0,0.0,0.0,46.178571,0.428571,3.392857,3.821429,4.642857,0.178571,1.5,0.25,28,1.0,1120.0,48.410959
50,4224,HPP-init-NSGA2,v29_hpp_cost_front_boost_fast,REPORT,100.0,25,4694436750047.352,11.05937,100,39.153957,64.895967,116.636845,1120.0,1472.8,2670.0,0.0,0.0,0.0,45.52,0.24,4.24,4.48,4.0,0.2,1.72,0.08,25,1.0,1120.0,39.153957
50,4225,HPP-init-NSGA2,v29_hpp_cost_front_boost_fast,REPORT,100.0,35,4691729867995.411,11.909698,100,39.561644,57.510974,112.348508,1130.0,1743.359789,3020.0,0.0,6.285714,50.0,43.857143,1.371429,4.771429,6.142857,4.028571,0.457143,2.171429,0.028571,24,0.685714,1130.0,44.345963
50,4226,HPP-init-NSGA2,v29_hpp_cost_front_boost_fast,REPORT,100.0,26,4648351554966.191,8.836654,100,48.69863,73.683936,103.365501,1130.0,1265.384615,1630.0,0.0,0.0,0.0,47.346154,0.0,2.653846,2.653846,4.576923,0.0,1.269231,0.192308,26,1.0,1130.0,48.69863
50,4227,HPP-init-NSGA2,v29_hpp_cost_front_boost_fast,REPORT,100.0,40,4718034474339.734,11.172018,100,34.383562,59.231379,107.601052,1120.0,1524.25,2220.0,0.0,8.5,100.0,47.375,0.65,1.975,2.625,3.725,0.475,1.1,0.175,36,0.9,1120.0,37.268805
50,4228,HPP-init-NSGA2,v29_hpp_cost_front_boost_fast,REPORT,100.0,36,4703969635962.519,8.853419,100,36.808219,63.062951,108.630137,1140.0,1548.611111,2710.0,0.0,2.5,50.0,47.194444,0.25,2.555556,2.805556,4.111111,0.222222,1.361111,0.222222,34,0.944444,1140.0,36.808219
50,4229,HPP-init-NSGA2,v29_hpp_cost_front_boost_fast,REPORT,100.0,35,4694150662688.381,12.246678,100,38.947827,62.153042,100.794521,1140.0,1480.571429,2090.0,0.0,0.0,0.0,43.828571,0.114286,6.057143,6.171429,4.257143,0.114286,2.314286,0.114286,35,1.0,1140.0,38.947827
50,4230,HPP-init-NSGA2,v29_hpp_cost_front_boost_fast,REPORT,100.0,25,4646490546577.996,9.460161,100,48.863014,69.443641,96.465753,1140.0,1320.4,1630.0,0.0,0.0,0.0,48.04,0.44,1.52,1.96,4.36,0.2,0.76,0.44,25,1.0,1140.0,48.863014
50,4201,KMeans-init-NSGA2,v29_hpp_cost_front_boost_fast,REPORT,100.0,24,4638112265936.525,6.487992,100,50.424658,83.737776,108.630137,1140.0,1292.083333,1930.0,0.0,0.0,0.0,49.791667,0.125,0.083333,0.208333,5.333333,0.083333,0.083333,0.833333,24,1.0,1140.0,50.424658
50,4202,KMeans-init-NSGA2,v29_hpp_cost_front_boost_fast,REPORT,100.0,20,4641506234106.649,6.002119,100,49.849315,78.773896,124.383562,1130.0,1446.0,2710.0,0.0,4.5,90.0,49.65,0.05,0.3,0.35,4.95,0.05,0.2,0.75,19,0.95,1130.0,49.849315
50,4203,KMeans-init-NSGA2,v29_hpp_cost_front_boost_fast,REPORT,100.0,20,4647892031036.879,5.069833,100,48.69863,85.895813,124.178082,1130.0,1253.0,1630.0,0.0,0.0,0.0,49.05,0.35,0.6,0.95,5.35,0.35,0.35,0.55,20,1.0,1130.0,48.69863
50,4204,KMeans-init-NSGA2,v29_hpp_cost_front_boost_fast,REPORT,100.0,20,4625835455420.08,5.332534,100,53.155553,79.971306,124.260274,1130.0,1335.0,2000.0,0.0,0.0,0.0,49.45,0.1,0.45,0.55,5.0,0.1,0.35,0.65,20,1.0,1130.0,53.155553
50,4205,KMeans-init-NSGA2,v29_hpp_cost_front_boost_fast,REPORT,100.0,22,4646747513463.086,4.988847,100,48.90411,82.378531,124.30137,1130.0,1296.818182,1660.0,0.0,0.0,0.0,49.181818,0.545455,0.272727,0.818182,5.181818,0.409091,0.227273,0.409091,22,1.0,1130.0,48.90411
50,4206,KMeans-init-NSGA2,v29_hpp_cost_front_boost_fast,REPORT,100.0,35,4640881327881.969,6.147365,100,50.09589,77.176337,124.260274,1130.0,1384.571429,1980.0,0.0,3.428571,60.0,49.914286,0.028571,0.057143,0.085714,4.857143,0.028571,0.057143,0.914286,33,0.942857,1130.0,50.09589
50,4207,KMeans-init-NSGA2,v29_hpp_cost_front_boost_fast,REPORT,100.0,26,4580194356134.062,5.053459,100,62.684932,83.529952,124.219178,1130.0,1246.538462,1420.0,0.0,0.0,0.0,49.5,0.269231,0.230769,0.5,5.269231,0.192308,0.153846,0.730769,26,1.0,1130.0,62.684932
50,4208,KMeans-init-NSGA2,v29_hpp_cost_front_boost_fast,REPORT,100.0,33,4643064140324.404,5.12189,100,49.808219,79.123866,127.580237,1120.0,1389.393939,2080.0,0.0,0.0,0.0,49.666667,0.060606,0.272727,0.333333,4.969697,0.060606,0.212121,0.787879,33,1.0,1120.0,49.808219
50,4209,KMeans-init-NSGA2,v29_hpp_cost_front_boost_fast,REPORT,100.0,22,4649233083543.292,5.004431,100,48.205479,76.298195,108.630137,1140.0,1321.818182,1660.0,0.0,0.0,0.0,49.681818,0.090909,0.227273,0.318182,4.818182,0.090909,0.227273,0.727273,22,1.0,1140.0,48.205479
50,4210,KMeans-init-NSGA2,v29_hpp_cost_front_boost_fast,REPORT,100.0,35,4643382992406.594,6.201699,100,49.684932,80.632549,127.767123,1120.0,1491.714286,2330.0,0.0,5.428571,90.0,49.828571,0.114286,0.057143,0.171429,5.114286,0.085714,0.057143,0.857143,32,0.914286,1120.0,50.136986
50,4211,KMeans-init-NSGA2,v29_hpp_cost_front_boost_fast,REPORT,100.0,24,4695836293352.665,6.865875,100,38.369863,71.668172,124.30137,1130.0,1486.666667,3640.0,0.0,6.666667,90.0,49.708333,0.041667,0.25,0.291667,4.458333,0.041667,0.208333,0.791667,22,0.916667,1130.0,48.616438
50,4212,KMeans-init-NSGA2,v29_hpp_cost_front_boost_fast,REPORT,100.0,32,4638280029686.729,5.84955,100,50.424658,76.031537,108.630137,1140.0,1418.75,2240.0,0.0,1.5625,50.0,49.9375,0.0625,0.0,0.0625,4.8125,0.0625,0.0,0.9375,31,0.96875,1140.0,50.424658
50,4213,KMeans-init-NSGA2,v29_hpp_cost_front_boost_fast,REPORT,100.0,27,4642381952099.542,5.859746,100,49.931507,79.605503,127.480532,1120.0,1493.333333,2090.0,0.0,15.555556,70.0,49.62963,0.259259,0.111111,0.37037,4.925926,0.259259,0.111111,0.666667,21,0.777778,1120.0,49.931507
50,4214,KMeans-init-NSGA2,v29_hpp_cost_front_boost_fast,REPORT,100.0,14,4644746753424.657,5.039639,100,49.273973,86.354207,124.219178,1130.0,1264.285714,1820.0,0.0,0.0,0.0,49.642857,0.0,0.357143,0.357143,5.428571,0.0,0.285714,0.785714,14,1.0,1130.0,49.273973
50,4215,KMeans-init-NSGA2,v29_hpp_cost_front_boost_fast,REPORT,100.0,20,4647325972602.74,5.363445,100,48.616438,81.408219,108.630137,1140.0,1268.0,1660.0,0.0,0.0,0.0,50.0,0.0,0.0,0.0,5.2,0.0,0.0,1.0,20,1.0,1140.0,48.616438
50,4216,KMeans-init-NSGA2,v29_hpp_cost_front_boost_fast,REPORT,100.0,17,4643728805998.75,4.982531,100,49.520548,80.471658,115.008492,1130.0,1284.705882,1780.0,0.0,0.0,0.0,48.941176,0.823529,0.235294,1.058824,4.941176,0.647059,0.235294,0.294118,17,1.0,1130.0,49.520548
50,4217,KMeans-init-NSGA2,v29_hpp_cost_front_boost_fast,REPORT,100.0,20,4648179446079.413,4.971639,100,48.616438,79.563997,124.383562,1130.0,1318.5,1660.0,0.0,0.0,0.0,49.85,0.05,0.1,0.15,5.1,0.05,0.1,0.85,20,1.0,1130.0,48.616438
50,4218,KMeans-init-NSGA2,v29_hpp_cost_front_boost_fast,REPORT,100.0,16,4641707987880.697,5.566527,100,49.931507,82.081994,115.053215,1130.0,1298.75,1740.0,0.0,0.0,0.0,49.6875,0.3125,0.0,0.3125,5.1875,0.3125,0.0,0.8125,16,1.0,1130.0,49.931507
50,4219,KMeans-init-NSGA2,v29_hpp_cost_front_boost_fast,REPORT,100.0,18,4647871236732.86,4.669531,100,48.69863,89.190806,109.534247,1130.0,1221.666667,1630.0,0.0,0.0,0.0,49.333333,0.333333,0.333333,0.666667,5.611111,0.222222,0.222222,0.666667,18,1.0,1130.0,48.69863
50,4220,KMeans-init-NSGA2,v29_hpp_cost_front_boost_fast,REPORT,100.0,15,4648336587977.524,5.390786,100,48.616438,74.863576,124.178082,1130.0,1324.0,1630.0,0.0,0.0,0.0,49.933333,0.066667,0.0,0.066667,4.733333,0.066667,0.0,0.933333,15,1.0,1130.0,48.616438
50,4221,KMeans-init-NSGA2,v29_hpp_cost_front_boost_fast,REPORT,100.0,27,4647219577070.295,5.258461,100,48.863014,74.75109,124.589041,1130.0,1311.851852,1500.0,0.0,0.0,0.0,49.777778,0.037037,0.185185,0.222222,4.703704,0.037037,0.185185,0.777778,27,1.0,1130.0,48.863014
50,4222,KMeans-init-NSGA2,v29_hpp_cost_front_boost_fast,REPORT,100.0,32,4649096846093.233,5.476668,100,48.452055,87.697478,124.383562,1130.0,1250.3125,1750.0,0.0,0.0,0.0,49.6875,0.0625,0.25,0.3125,5.5625,0.0625,0.15625,0.78125,32,1.0,1130.0,48.452055
50,4223,KMeans-init-NSGA2,v29_hpp_cost_front_boost_fast,REPORT,100.0,23,4696397852336.222,6.461848,100,38.531587,65.193081,124.30137,1130.0,1495.652174,2290.0,0.0,0.0,0.0,49.478261,0.173913,0.347826,0.521739,4.043478,0.173913,0.26087,0.608696,23,1.0,1130.0,38.531587
50,4224,KMeans-init-NSGA2,v29_hpp_cost_front_boost_fast,REPORT,100.0,29,4644756552193.569,5.190508,100,49.315068,76.264306,124.30137,1130.0,1424.827586,2300.0,0.0,7.586207,60.0,49.827586,0.0,0.172414,0.172414,4.827586,0.0,0.172414,0.862069,25,0.862069,1130.0,49.39726
50,4225,KMeans-init-NSGA2,v29_hpp_cost_front_boost_fast,REPORT,100.0,28,4650191514004.448,4.764618,100,48.410959,76.924801,127.562724,1120.0,1345.357143,1630.0,0.0,0.0,0.0,49.142857,0.75,0.107143,0.857143,4.785714,0.392857,0.107143,0.571429,28,1.0,1120.0,48.410959
50,4226,KMeans-init-NSGA2,v29_hpp_cost_front_boost_fast,REPORT,100.0,21,4691512026035.55,6.546622,100,39.246575,73.034325,108.506849,1140.0,1444.761905,2390.0,0.0,7.142857,100.0,49.857143,0.047619,0.095238,0.142857,4.666667,0.047619,0.095238,0.857143,19,0.904762,1140.0,49.39726
50,4227,KMeans-init-NSGA2,v29_hpp_cost_front_boost_fast,REPORT,100.0,23,4648402812693.637,5.056465,100,48.616438,74.93089,124.876712,1130.0,1296.086957,1660.0,0.0,0.0,0.0,49.782609,0.043478,0.173913,0.217391,4.695652,0.043478,0.173913,0.782609,23,1.0,1130.0,48.616438
50,4228,KMeans-init-NSGA2,v29_hpp_cost_front_boost_fast,REPORT,100.0,24,4633316362936.562,5.123322,100,51.780822,78.916352,127.662429,1120.0,1503.75,2330.0,0.0,3.75,40.0,49.791667,0.125,0.083333,0.208333,4.916667,0.083333,0.083333,0.833333,20,0.833333,1120.0,52.191781
50,4229,KMeans-init-NSGA2,v29_hpp_cost_front_boost_fast,REPORT,100.0,26,4633496994895.467,5.52652,100,51.534247,77.555559,124.30137,1130.0,1369.615385,2410.0,0.0,0.0,0.0,49.884615,0.076923,0.038462,0.115385,4.884615,0.076923,0.038462,0.884615,26,1.0,1130.0,51.534247
50,4230,KMeans-init-NSGA2,v29_hpp_cost_front_boost_fast,REPORT,100.0,28,4648558906907.7705,5.576035,100,48.739726,83.258401,127.686012,1120.0,1264.285714,1630.0,0.0,0.0,0.0,49.5,0.178571,0.321429,0.5,5.214286,0.178571,0.285714,0.678571,28,1.0,1120.0,48.739726
50,4201,MOPSO,v29_hpp_cost_front_boost_fast,REPORT,100.0,97,4521901238925.271,4.278058,100,74.883607,95.708908,129.802708,1110.0,1426.250222,2186.59837,0.0,2.174364,89.997959,12.257732,16.484536,21.257732,37.742268,7.752577,3.0,7.350515,0.0,94,0.969072,1110.0,74.883607
50,4202,MOPSO,v29_hpp_cost_front_boost_fast,REPORT,100.0,85,4429310028741.437,1.815403,40,93.116256,125.719589,162.828104,1140.0,1518.431317,2454.490535,0.0,1.084862,46.106622,16.941176,15.623529,17.435294,33.058824,7.882353,2.941176,7.105882,0.0,83,0.976471,1140.0,93.116256
50,4203,MOPSO,v29_hpp_cost_front_boost_fast,REPORT,100.0,80,4526144507306.125,4.303207,100,73.867061,98.230015,145.715967,1120.0,1455.460875,2372.44051,0.0,14.604445,99.353243,15.775,15.6,18.625,34.225,7.775,3.0,7.3875,0.0,62,0.775,1120.0,73.885588
50,4204,MOPSO,v29_hpp_cost_front_boost_fast,REPORT,100.0,82,4529066972718.066,4.416582,100,73.137158,95.534582,162.993226,1130.0,1301.77269,1858.597522,0.0,4.499527,90.213126,16.170732,14.853659,18.97561,33.829268,7.939024,3.0,7.5,0.0,77,0.939024,1130.0,73.137158
50,4205,MOPSO,v29_hpp_cost_front_boost_fast,REPORT,100.0,66,4512361731549.796,2.726481,62,76.032727,112.249784,166.459554,1130.0,1445.399765,2295.314461,0.0,8.57173,88.554286,13.924242,15.954545,20.121212,36.075758,7.909091,3.0,7.333333,0.0,55,0.833333,1180.0,76.032727
50,4206,MOPSO,v29_hpp_cost_front_boost_fast,REPORT,100.0,68,4523958227953.352,4.204971,100,74.121675,98.194165,142.917175,1130.0,1360.318394,2401.793152,0.0,0.661765,15.0,15.544118,16.0,18.455882,34.455882,7.661765,3.0,7.470588,0.0,65,0.955882,1130.0,74.121675
50,4207,MOPSO,v29_hpp_cost_front_boost_fast,REPORT,100.0,93,4521388431598.095,4.172568,100,74.540181,104.378883,146.066538,1130.0,1387.399029,2209.609317,0.0,4.56786,59.967832,14.709677,14.849462,20.44086,35.290323,7.505376,3.0,7.258065,0.0,84,0.903226,1130.0,74.540181
50,4208,MOPSO,v29_hpp_cost_front_boost_fast,REPORT,100.0,77,4442429346121.105,3.017935,70,90.710532,111.217604,145.005501,1130.0,1675.86123,3663.491517,0.0,5.957211,89.771741,16.246753,14.844156,18.909091,33.753247,7.87013,2.896104,7.467532,0.0,60,0.779221,1130.0,93.080136
50,4209,MOPSO,v29_hpp_cost_front_boost_fast,REPORT,100.0,84,4517972102054.926,4.373951,100,75.452905,105.548914,160.185908,1120.0,1396.479587,2308.718064,0.0,4.650031,90.539664,14.107143,14.214286,21.678571,35.892857,7.97619,2.952381,7.797619,0.0,72,0.857143,1120.0,75.452905
50,4210,MOPSO,v29_hpp_cost_front_boost_fast,REPORT,100.0,80,4508734740455.039,4.173529,100,77.236746,111.293478,145.953121,1120.0,1385.096595,2526.457559,0.0,11.428009,90.0,14.7875,13.8875,21.325,35.2125,7.8875,3.0,7.675,0.0,65,0.8125,1120.0,77.236746
50,4211,MOPSO,v29_hpp_cost_front_boost_fast,REPORT,100.0,72,4522131977867.77,4.339678,100,74.310259,108.304004,160.978644,1130.0,1372.743031,2007.300009,0.0,2.173322,52.159729,15.986111,15.083333,18.930556,34.013889,7.763889,3.0,7.361111,0.0,69,0.958333,1130.0,74.310259
50,4212,MOPSO,v29_hpp_cost_front_boost_fast,REPORT,100.0,98,4537675342180.702,4.236692,100,71.330172,99.65331,141.794232,1130.0,1354.541932,2070.0,0.0,0.0,0.0,14.428571,15.44898,20.122449,35.571429,7.755102,3.0,7.489796,0.0,98,1.0,1130.0,71.330172
50,4213,MOPSO,v29_hpp_cost_front_boost_fast,REPORT,100.0,75,4499560237983.331,3.951671,90,78.518389,110.04792,163.588662,1149.023346,1451.366275,2747.936901,0.0,11.8104,98.181722,14.093333,13.306667,22.6,35.906667,7.893333,2.96,7.666667,0.0,60,0.8,1149.023346,78.518389
50,4214,MOPSO,v29_hpp_cost_front_boost_fast,REPORT,100.0,73,4607210126083.727,4.404345,100,56.647561,85.472888,126.304352,1140.0,1489.914052,2563.60424,0.0,5.501166,88.317018,14.739726,14.465753,20.794521,35.260274,7.808219,3.0,7.356164,0.0,68,0.931507,1140.0,56.771733
50,4215,MOPSO,v29_hpp_cost_front_boost_fast,REPORT,100.0,68,4530798086250.501,4.275152,100,72.51023,105.07134,162.224761,1130.0,1445.523491,2174.739442,0.0,4.999932,71.803399,13.676471,14.647059,21.676471,36.323529,7.955882,2.941176,7.573529,0.0,61,0.897059,1130.0,72.51023
50,4216,MOPSO,v29_hpp_cost_front_boost_fast,REPORT,100.0,81,4503962178333.365,4.193885,100,78.289793,105.583698,143.941354,1120.0,1443.289978,2544.852313,0.0,7.550149,98.696182,12.197531,17.111111,20.691358,37.802469,7.753086,3.0,6.987654,0.0,71,0.876543,1120.0,78.289793
50,4217,MOPSO,v29_hpp_cost_front_boost_fast,REPORT,100.0,84,4522756137601.891,4.175794,100,73.922229,104.982325,146.115441,1150.0,1356.890042,2096.893932,0.0,0.848039,46.539105,14.178571,13.857143,21.964286,35.821429,7.738095,3.0,7.642857,0.0,80,0.952381,1150.0,73.965133
50,4218,MOPSO,v29_hpp_cost_front_boost_fast,REPORT,100.0,85,4516678801114.483,4.276271,100,75.649986,108.021789,146.752365,1120.0,1364.730928,2414.027799,0.0,5.296204,98.287148,15.823529,13.8,20.376471,34.176471,7.952941,3.0,7.635294,0.0,79,0.929412,1120.0,75.649986
50,4219,MOPSO,v29_hpp_cost_front_boost_fast,REPORT,100.0,95,4526276548842.565,4.345356,100,73.61511,95.295038,161.178499,1130.0,1408.730542,2105.303089,0.0,1.893065,98.660687,12.473684,14.757895,22.768421,37.526316,7.8,3.0,7.589474,0.0,93,0.978947,1130.0,73.61511
50,4220,MOPSO,v29_hpp_cost_front_boost_fast,REPORT,100.0,96,4516718289803.772,4.270134,100,75.677383,113.616493,161.66347,1120.0,1369.510681,1862.368245,0.0,1.080773,75.355339,14.729167,13.604167,21.666667,35.270833,7.989583,3.0,7.8125,0.0,88,0.916667,1120.0,75.677383
50,4221,MOPSO,v29_hpp_cost_front_boost_fast,REPORT,100.0,78,4516647371965.953,4.182602,100,74.767699,97.496361,146.33206,1170.0,1572.391314,2622.260925,0.0,8.578971,85.266493,11.935897,16.846154,21.217949,38.064103,7.833333,3.0,7.384615,0.0,60,0.769231,1170.0,74.767699
50,4222,MOPSO,v29_hpp_cost_front_boost_fast,REPORT,100.0,68,4506140419130.591,4.230435,100,77.780676,105.533038,165.448118,1120.0,1392.351316,2344.785984,0.0,0.0,0.0,14.955882,14.044118,21.0,35.044118,7.970588,2.985294,7.676471,0.0,68,1.0,1120.0,77.780676
50,4223,MOPSO,v29_hpp_cost_front_boost_fast,REPORT,100.0,66,4521105407721.081,4.238913,100,74.683195,102.208774,165.757432,1125.760096,1464.683822,2262.184349,0.0,5.568675,95.117182,14.681818,12.909091,22.409091,35.318182,7.909091,2.818182,7.848485,0.0,62,0.939394,1125.760096,74.683195
50,4224,MOPSO,v29_hpp_cost_front_boost_fast,REPORT,100.0,59,4516211603151.037,4.234236,100,74.82926,104.649695,146.134888,1170.0,1390.018196,1980.272031,0.0,8.186387,76.805215,13.966102,13.40678,22.627119,36.033898,7.830508,2.966102,7.677966,0.0,48,0.813559,1170.0,74.82926
50,4225,MOPSO,v29_hpp_cost_front_boost_fast,REPORT,100.0,85,4532501255714.794,4.298216,100,72.307299,96.861717,126.473708,1130.0,1392.601416,2605.474043,0.0,1.090734,43.34344,14.282353,13.552941,22.164706,35.717647,7.870588,2.964706,7.376471,0.0,82,0.964706,1130.0,72.307299
50,4226,MOPSO,v29_hpp_cost_front_boost_fast,REPORT,100.0,81,4610285853860.38,4.144333,100,56.433081,93.126124,145.780281,1120.0,1346.979069,2260.717638,0.0,3.557338,95.0,16.234568,14.790123,18.975309,33.765432,7.987654,3.0,7.641975,0.0,74,0.91358,1120.0,71.011632
50,4227,MOPSO,v29_hpp_cost_front_boost_fast,REPORT,100.0,86,4522757535445.395,4.180562,100,74.275271,94.177457,148.441552,1130.0,1486.227261,2334.163065,0.0,0.0,0.0,11.011628,15.034884,23.953488,38.988372,7.662791,3.0,7.44186,0.0,86,1.0,1130.0,74.275271
50,4228,MOPSO,v29_hpp_cost_front_boost_fast,REPORT,100.0,78,4436692264946.886,3.249255,71,91.738372,113.669824,145.686337,1140.0,1449.086243,2121.555424,0.0,0.0,0.0,17.115385,13.141026,19.74359,32.884615,7.910256,2.923077,7.064103,0.0,78,1.0,1140.0,91.738372
50,4229,MOPSO,v29_hpp_cost_front_boost_fast,REPORT,100.0,85,4517366254621.3545,2.792299,66,75.122516,104.390321,145.340257,1133.228004,1591.927235,2563.209631,0.0,3.319725,91.807058,13.976471,14.517647,21.505882,36.023529,7.423529,2.764706,7.164706,0.0,77,0.905882,1133.228004,75.122516
50,4230,MOPSO,v29_hpp_cost_front_boost_fast,REPORT,100.0,71,4524546138129.429,4.259658,100,74.171171,109.914135,163.922934,1120.0,1349.34245,2119.658844,0.0,3.319741,77.992603,12.661972,14.225352,23.112676,37.338028,7.915493,3.0,7.704225,0.0,64,0.901408,1120.0,74.171171
50,4201,Trad-NSGA2,v29_hpp_cost_front_boost_fast,REPORT,100.0,30,4621606406059.602,5.999138,100,54.0039,73.602528,107.772986,1130.0,1588.905243,2553.013388,0.0,1.409083,17.224471,17.866667,12.0,20.133333,32.133333,7.5,2.7,7.333333,0.0,27,0.9,1130.0,54.026455
50,4202,Trad-NSGA2,v29_hpp_cost_front_boost_fast,REPORT,100.0,25,4622337051185.022,5.751823,100,53.987065,69.380349,104.826244,1130.0,1389.727475,1747.312736,0.0,3.442522,86.063054,18.6,11.44,19.96,31.4,6.88,2.64,6.56,0.0,24,0.96,1130.0,53.987065
50,4203,Trad-NSGA2,v29_hpp_cost_front_boost_fast,REPORT,100.0,63,4613993974195.496,5.844827,100,55.653657,67.530247,109.275297,1120.0,2038.218836,3451.112856,0.0,27.643835,96.441374,11.365079,14.746032,23.888889,38.634921,7.396825,2.873016,7.396825,0.0,36,0.571429,1120.0,55.653657
50,4204,Trad-NSGA2,v29_hpp_cost_front_boost_fast,REPORT,100.0,27,4635133895518.442,6.081438,100,51.282811,81.33883,108.046067,1130.0,1352.828272,1919.519257,0.0,14.415143,74.200769,19.074074,11.62963,19.296296,30.925926,6.925926,2.407407,6.62963,0.0,20,0.740741,1130.0,51.282811
50,4205,Trad-NSGA2,v29_hpp_cost_front_boost_fast,REPORT,100.0,22,4697262755873.536,6.066452,100,38.157108,71.666628,141.226809,1130.0,1764.209476,3217.089353,0.0,9.192686,47.117893,16.863636,15.909091,17.227273,33.136364,6.045455,2.727273,5.909091,0.0,17,0.772727,1130.0,38.284065
50,4206,Trad-NSGA2,v29_hpp_cost_front_boost_fast,REPORT,100.0,24,4623836040040.317,5.728256,100,53.918388,69.747415,108.43605,1120.0,1324.56769,1642.8789,0.0,2.151187,36.357639,16.291667,14.125,19.583333,33.708333,6.833333,3.0,6.541667,0.0,21,0.875,1120.0,53.918388
50,4207,Trad-NSGA2,v29_hpp_cost_front_boost_fast,REPORT,100.0,22,4624751422161.569,5.852325,100,53.682327,65.961679,108.946769,1120.0,1467.361582,1831.807079,0.0,0.0,0.0,15.545455,15.954545,18.5,34.454545,6.454545,3.0,6.272727,0.0,22,1.0,1120.0,53.682327
50,4208,Trad-NSGA2,v29_hpp_cost_front_boost_fast,REPORT,100.0,45,4700305777812.626,5.593872,100,37.447951,51.670436,122.957391,1140.0,2188.537465,3312.468881,0.0,21.080837,86.23979,15.177778,20.444444,14.377778,34.822222,6.577778,3.0,6.511111,0.0,34,0.755556,1140.0,37.447951
50,4209,Trad-NSGA2,v29_hpp_cost_front_boost_fast,REPORT,100.0,18,4627340635821.497,5.962093,100,53.104432,72.018445,91.328504,1120.0,1402.287512,1717.547888,0.0,0.0,0.0,19.888889,12.111111,18.0,30.111111,7.055556,3.0,6.666667,0.0,18,1.0,1120.0,53.104432
50,4210,Trad-NSGA2,v29_hpp_cost_front_boost_fast,REPORT,100.0,20,4617317601088.093,5.733023,100,55.322402,77.046469,108.812471,1110.0,1476.404823,2090.103111,0.0,0.0,0.0,13.2,16.2,20.6,36.8,7.15,3.0,7.05,0.0,20,1.0,1110.0,55.322402
50,4211,Trad-NSGA2,v29_hpp_cost_front_boost_fast,REPORT,100.0,35,4702039624552.252,5.823615,100,37.515344,72.446554,128.760645,1110.0,1558.591173,2590.481062,0.0,12.292603,72.039441,14.542857,14.828571,20.628571,35.457143,7.4,2.714286,7.314286,0.0,24,0.685714,1110.0,37.515344
50,4212,Trad-NSGA2,v29_hpp_cost_front_boost_fast,REPORT,100.0,22,4559992961932.998,5.673868,100,67.061673,76.128454,105.215382,1120.0,1226.711031,1282.394763,0.0,0.0,0.0,22.454545,9.272727,18.272727,27.545455,6.636364,2.818182,6.227273,0.0,22,1.0,1120.0,67.061673
50,4213,Trad-NSGA2,v29_hpp_cost_front_boost_fast,REPORT,100.0,18,4550403231005.128,5.944213,100,69.01099,74.71794,89.986465,1120.0,1332.543535,1664.989426,0.0,29.604174,73.217562,18.944444,8.777778,22.277778,31.055556,6.111111,2.666667,6.111111,0.0,10,0.555556,1120.0,69.01099
50,4214,Trad-NSGA2,v29_hpp_cost_front_boost_fast,REPORT,100.0,22,4620576232419.571,5.764602,100,54.670468,62.05871,91.121634,1110.0,1775.482927,2524.480825,0.0,0.0,0.0,17.545455,13.227273,19.227273,32.454545,6.318182,3.0,6.318182,0.0,22,1.0,1110.0,54.670468
50,4215,Trad-NSGA2,v29_hpp_cost_front_boost_fast,REPORT,100.0,22,4636657121268.061,6.010307,100,51.152738,72.388378,108.258402,1120.0,1448.709926,2400.929189,0.0,0.0,0.0,20.409091,11.545455,18.045455,29.590909,5.272727,2.863636,5.181818,0.0,22,1.0,1120.0,51.152738
50,4216,Trad-NSGA2,v29_hpp_cost_front_boost_fast,REPORT,100.0,28,4620095797095.835,5.658548,100,54.714028,77.062,148.005324,1110.0,1463.004706,1810.771631,0.0,16.823327,97.498453,14.928571,17.321429,17.75,35.071429,7.285714,3.0,6.964286,0.0,17,0.607143,1110.0,54.91509
50,4217,Trad-NSGA2,v29_hpp_cost_front_boost_fast,REPORT,100.0,23,4622565155595.044,5.862855,100,54.09821,66.612814,107.934714,1122.668973,1395.009981,1763.381267,0.0,0.0,0.0,17.826087,13.73913,18.434783,32.173913,6.652174,2.73913,6.652174,0.0,23,1.0,1122.668973,54.09821
50,4218,Trad-NSGA2,v29_hpp_cost_front_boost_fast,REPORT,100.0,34,4628951243199.882,5.710385,100,52.83431,62.637523,90.944347,1120.0,1530.715211,2267.793871,0.0,12.30642,93.069712,21.323529,12.647059,16.029412,28.676471,4.882353,3.0,4.823529,0.0,28,0.823529,1120.0,52.874984
50,4219,Trad-NSGA2,v29_hpp_cost_front_boost_fast,REPORT,100.0,16,4613394374863.026,6.034338,100,55.503293,75.218097,108.04076,1140.0,1505.974771,2037.950164,0.0,9.926917,86.685859,14.8125,13.5,21.6875,35.1875,7.25,3.0,7.25,0.0,13,0.8125,1140.0,55.712448
50,4220,Trad-NSGA2,v29_hpp_cost_front_boost_fast,REPORT,100.0,27,4696537487718.439,5.739196,100,38.099829,78.575079,145.273751,1130.0,1522.101545,3118.193551,0.0,6.799014,91.786687,16.555556,14.259259,19.185185,33.444444,6.62963,3.0,6.407407,0.0,25,0.925926,1130.0,38.099829
50,4221,Trad-NSGA2,v29_hpp_cost_front_boost_fast,REPORT,100.0,27,4634396648762.077,5.964228,100,51.719249,74.638175,126.809965,1110.0,1507.192985,2100.0,0.0,5.149496,69.5182,13.777778,13.703704,22.518519,36.222222,7.62963,2.925926,7.555556,0.0,25,0.925926,1110.0,51.719249
50,4222,Trad-NSGA2,v29_hpp_cost_front_boost_fast,REPORT,100.0,28,4647337739117.557,6.032758,100,49.073348,63.994497,125.905404,1120.0,1418.094385,1825.054039,0.0,0.478847,13.407708,20.857143,8.714286,20.428571,29.142857,6.785714,2.0,6.642857,0.0,27,0.964286,1120.0,49.073348
50,4223,Trad-NSGA2,v29_hpp_cost_front_boost_fast,REPORT,100.0,25,4623762816059.087,5.892842,100,53.768545,75.805564,125.52886,1120.0,1473.488207,2246.893847,0.0,1.946427,48.660687,15.84,11.92,22.24,34.16,7.68,3.0,7.56,0.0,24,0.96,1120.0,53.768545
50,4224,Trad-NSGA2,v29_hpp_cost_front_boost_fast,REPORT,100.0,27,4616557815461.712,6.1015,100,55.27014,75.935518,91.337669,1120.0,1338.198573,1905.871481,0.0,9.198079,82.782708,15.703704,13.111111,21.185185,34.296296,6.925926,2.740741,6.925926,0.0,24,0.888889,1120.0,55.27014
50,4225,Trad-NSGA2,v29_hpp_cost_front_boost_fast,REPORT,100.0,28,4627943541530.544,5.642785,100,52.735558,70.369507,89.874039,1140.0,1330.115711,2268.32478,0.0,0.0,0.0,14.928571,17.75,17.321429,35.071429,6.214286,3.0,6.214286,0.0,28,1.0,1140.0,52.735558
50,4226,Trad-NSGA2,v29_hpp_cost_front_boost_fast,REPORT,100.0,29,4587329101066.947,6.044005,100,61.116398,70.808541,106.633115,1130.0,1517.990391,2808.551711,0.0,0.0,0.0,23.0,3.586207,23.413793,27.0,7.586207,2.275862,7.586207,0.0,29,1.0,1130.0,61.116398
50,4227,Trad-NSGA2,v29_hpp_cost_front_boost_fast,REPORT,100.0,22,4639241460230.039,5.979683,100,50.711332,64.34457,89.970109,1110.0,1824.421857,2834.076042,0.0,0.054199,1.192369,18.954545,8.5,22.545455,31.045455,7.363636,2.318182,7.363636,0.0,21,0.954545,1110.0,50.825589
50,4228,Trad-NSGA2,v29_hpp_cost_front_boost_fast,REPORT,100.0,17,4622802105221.375,5.81383,100,54.050238,66.804005,107.449982,1120.0,1506.069188,1999.792655,0.0,11.466942,98.739199,15.647059,13.352941,21.0,34.352941,7.529412,3.0,7.529412,0.0,15,0.882353,1120.0,54.050238
50,4229,Trad-NSGA2,v29_hpp_cost_front_boost_fast,REPORT,100.0,25,4629845132762.472,5.876143,100,52.486321,78.841433,110.608302,1120.0,1468.955914,2243.027219,0.0,12.986254,87.400581,16.28,13.24,20.48,33.72,6.68,2.72,6.52,0.0,20,0.8,1120.0,52.486321
50,4230,Trad-NSGA2,v29_hpp_cost_front_boost_fast,REPORT,100.0,21,4624671283237.122,6.060074,100,53.923646,78.268734,125.290244,1110.0,1333.751249,2225.545058,0.0,0.0,0.0,16.0,14.238095,19.761905,34.0,6.714286,3.0,6.714286,0.0,21,1.0,1110.0,53.923646
100,4201,HPP-init-NSGA2,v29_hpp_cost_front_boost_fast,REPORT,100.0,21,4374044496961.7134,22.991901,100,96.890411,139.17499,229.150685,1530.0,2082.380952,3590.0,0.0,1.428571,30.0,98.190476,0.52381,1.285714,1.809524,8.380952,0.190476,1.285714,0.47619,20,0.952381,1530.0,97.222788
100,4202,HPP-init-NSGA2,v29_hpp_cost_front_boost_fast,REPORT,100.0,17,4348190985157.63,19.354392,100,102.493151,125.483799,167.241261,1540.0,1804.705882,2310.0,0.0,0.0,0.0,96.117647,0.470588,3.411765,3.882353,7.294118,0.235294,0.882353,0.117647,17,1.0,1540.0,102.493151
100,4203,HPP-init-NSGA2,v29_hpp_cost_front_boost_fast,REPORT,100.0,14,4351325522591.767,17.898178,100,101.917808,132.174796,187.246575,1530.0,1770.714286,2010.0,0.0,0.0,0.0,97.142857,0.071429,2.785714,2.857143,7.785714,0.071429,1.5,0.214286,14,1.0,1530.0,101.917808
100,4204,HPP-init-NSGA2,v29_hpp_cost_front_boost_fast,REPORT,100.0,16,4367262964164.773,18.118873,100,98.703517,125.071462,196.109589,1530.0,1858.75,3630.0,0.0,3.75,60.0,99.5625,0.0,0.4375,0.4375,7.625,0.0,0.375,0.6875,15,0.9375,1530.0,99.945205
100,4205,HPP-init-NSGA2,v29_hpp_cost_front_boost_fast,REPORT,100.0,15,4339759208632.288,14.884431,100,104.178082,137.565085,177.808219,1540.0,1731.333333,2570.0,0.0,0.0,0.0,99.133333,0.533333,0.333333,0.866667,8.466667,0.333333,0.266667,0.666667,15,1.0,1540.0,104.178082
100,4206,HPP-init-NSGA2,v29_hpp_cost_front_boost_fast,REPORT,100.0,36,4385531796408.485,16.575936,100,94.617517,112.698883,188.260274,1530.0,2477.5,2980.0,0.0,0.0,0.0,96.055556,0.083333,3.861111,3.944444,7.0,0.083333,1.722222,0.083333,36,1.0,1530.0,94.617517
100,4207,HPP-init-NSGA2,v29_hpp_cost_front_boost_fast,REPORT,100.0,12,4349071745946.428,25.142644,100,102.369863,143.015907,202.884545,1530.0,1752.5,2210.0,0.0,0.0,0.0,97.583333,0.083333,2.333333,2.416667,8.5,0.083333,1.083333,0.333333,12,1.0,1530.0,102.369863
100,4208,HPP-init-NSGA2,v29_hpp_cost_front_boost_fast,REPORT,100.0,14,4415208446267.776,21.614438,100,88.506849,118.330533,170.357245,1540.0,1967.142857,2780.0,0.0,10.0,80.0,97.928571,0.285714,1.785714,2.071429,6.928571,0.285714,0.714286,0.357143,12,0.857143,1540.0,88.835616
100,4209,HPP-init-NSGA2,v29_hpp_cost_front_boost_fast,REPORT,100.0,18,4394665512091.443,22.665653,100,92.534416,125.079279,187.839131,1530.0,2120.555556,2710.0,0.0,16.111111,100.0,97.333333,1.111111,1.555556,2.666667,7.444444,0.611111,1.388889,0.055556,15,0.833333,1530.0,94.006117
100,4210,HPP-init-NSGA2,v29_hpp_cost_front_boost_fast,REPORT,100.0,20,4421755121041.1045,21.400862,100,86.69863,121.117775,201.136986,1550.0,2046.5,2610.0,0.0,3.5,40.0,99.25,0.1,0.65,0.75,7.15,0.1,0.5,0.55,18,0.9,1550.0,86.69863
100,4211,HPP-init-NSGA2,v29_hpp_cost_front_boost_fast,REPORT,100.0,16,4419370705094.117,18.989136,100,87.438356,128.510431,207.178082,1530.0,2041.25,3220.0,0.0,0.0,0.0,99.6875,0.125,0.1875,0.3125,7.75,0.125,0.1875,0.75,16,1.0,1530.0,87.438356
100,4212,HPP-init-NSGA2,v29_hpp_cost_front_boost_fast,REPORT,100.0,15,4360095928837.892,16.508431,100,100.561644,139.212635,213.260113,1510.0,1732.0,2130.0,0.0,0.0,0.0,94.466667,0.6,4.933333,5.533333,8.0,0.6,1.466667,0.2,15,1.0,1510.0,100.561644
100,4213,HPP-init-NSGA2,v29_hpp_cost_front_boost_fast,REPORT,100.0,20,4417220246819.854,17.157485,100,88.219178,121.761913,180.969943,1530.0,1901.5,2670.0,0.0,0.0,0.0,98.25,0.3,1.45,1.75,7.1,0.3,1.1,0.25,20,1.0,1530.0,88.219178
100,4214,HPP-init-NSGA2,v29_hpp_cost_front_boost_fast,REPORT,100.0,16,4405010153400.682,23.737236,100,90.356164,128.155975,184.973842,1530.0,2096.25,3260.0,0.0,7.5,80.0,97.5,0.3125,2.1875,2.5,7.5,0.1875,0.625,0.3125,14,0.875,1530.0,91.052135
100,4215,HPP-init-NSGA2,v29_hpp_cost_front_boost_fast,REPORT,100.0,17,4354800176273.748,17.794094,100,101.30137,132.73664,206.264888,1520.0,1905.294118,2510.0,0.0,0.0,0.0,97.470588,0.176471,2.352941,2.529412,7.764706,0.176471,1.470588,0.352941,17,1.0,1520.0,101.30137
100,4216,HPP-init-NSGA2,v29_hpp_cost_front_boost_fast,REPORT,100.0,20,4406880739213.554,18.993376,100,89.945205,130.831817,198.958904,1540.0,1998.0,3050.0,0.0,3.0,30.0,94.7,0.25,5.05,5.3,7.7,0.15,2.05,0.1,18,0.9,1540.0,89.945205
100,4217,HPP-init-NSGA2,v29_hpp_cost_front_boost_fast,REPORT,100.0,13,4342672950370.816,17.91215,100,102.69863,131.721941,187.377438,1580.0,1932.307692,2630.0,0.0,0.0,0.0,98.923077,0.076923,1.0,1.076923,8.0,0.076923,0.769231,0.461538,13,1.0,1580.0,102.69863
100,4218,HPP-init-NSGA2,v29_hpp_cost_front_boost_fast,REPORT,100.0,16,4379772655023.543,22.218366,100,95.378394,131.549329,201.561644,1550.0,1955.625,3320.0,0.0,1.25,20.0,96.4375,0.25,3.3125,3.5625,7.75,0.25,1.625,0.0,15,0.9375,1550.0,95.378394
100,4219,HPP-init-NSGA2,v29_hpp_cost_front_boost_fast,REPORT,100.0,21,4421398936432.04,17.003526,100,87.561644,122.149955,202.493151,1520.0,1963.809524,3190.0,0.0,9.52381,70.0,98.619048,0.142857,1.238095,1.380952,7.142857,0.142857,0.857143,0.52381,18,0.857143,1520.0,88.424658
100,4220,HPP-init-NSGA2,v29_hpp_cost_front_boost_fast,REPORT,100.0,21,4354551659174.889,16.80847,100,101.30137,128.340019,198.657534,1530.0,1913.809524,2290.0,0.0,0.0,0.0,98.619048,0.047619,1.333333,1.380952,7.619048,0.047619,0.809524,0.571429,21,1.0,1530.0,101.30137
100,4221,HPP-init-NSGA2,v29_hpp_cost_front_boost_fast,REPORT,100.0,24,4403925477378.239,20.313125,100,90.734407,114.200163,166.794521,1530.0,2189.583333,3290.0,0.0,0.416667,10.0,98.583333,0.416667,1.0,1.416667,6.916667,0.166667,0.791667,0.375,23,0.958333,1530.0,90.734407
100,4222,HPP-init-NSGA2,v29_hpp_cost_front_boost_fast,REPORT,100.0,19,4407185491477.728,19.664718,100,89.739726,114.362772,169.630137,1550.0,2093.684211,3270.0,0.0,0.0,0.0,98.421053,0.315789,1.263158,1.578947,7.0,0.157895,0.736842,0.631579,19,1.0,1550.0,89.739726
100,4223,HPP-init-NSGA2,v29_hpp_cost_front_boost_fast,REPORT,100.0,31,4414103904936.129,20.741779,100,88.506849,119.508817,183.991533,1530.0,2200.967742,2900.0,0.0,3.870968,30.0,98.16129,0.290323,1.548387,1.83871,7.193548,0.258065,0.645161,0.483871,27,0.870968,1530.0,88.506849
100,4224,HPP-init-NSGA2,v29_hpp_cost_front_boost_fast,REPORT,100.0,13,4352018593913.629,16.517567,100,101.794521,143.763374,197.068493,1530.0,1741.538462,2290.0,0.0,0.0,0.0,99.307692,0.0,0.692308,0.692308,8.692308,0.0,0.461538,0.615385,13,1.0,1530.0,101.794521
100,4225,HPP-init-NSGA2,v29_hpp_cost_front_boost_fast,REPORT,100.0,27,4404798604835.447,17.057973,100,89.246575,122.671422,194.038323,1590.0,2225.555556,3870.0,0.0,9.259259,100.0,98.333333,0.185185,1.481481,1.666667,7.259259,0.185185,0.962963,0.518519,23,0.851852,1590.0,91.794521
100,4226,HPP-init-NSGA2,v29_hpp_cost_front_boost_fast,REPORT,100.0,18,4346132148251.4897,16.165928,100,102.369863,129.75173,183.510405,1560.0,1945.509745,2470.0,0.0,0.0,0.0,98.111111,0.0,1.888889,1.888889,7.777778,0.0,0.666667,0.444444,18,1.0,1560.0,102.369863
100,4227,HPP-init-NSGA2,v29_hpp_cost_front_boost_fast,REPORT,100.0,21,4415549848237.396,18.599082,100,87.972603,115.298042,198.726027,1550.0,2097.142857,2610.0,0.0,6.666667,50.0,98.952381,0.238095,0.809524,1.047619,6.809524,0.238095,0.619048,0.380952,17,0.809524,1550.0,87.972603
100,4228,HPP-init-NSGA2,v29_hpp_cost_front_boost_fast,REPORT,100.0,12,4340445870028.032,17.38027,100,104.09589,138.727025,206.561644,1530.0,1874.166667,2480.0,0.0,0.0,0.0,95.5,0.333333,4.166667,4.5,8.166667,0.25,1.666667,0.333333,12,1.0,1530.0,104.09589
100,4229,HPP-init-NSGA2,v29_hpp_cost_front_boost_fast,REPORT,100.0,17,4406633260606.367,21.30315,100,90.191781,131.705642,191.136986,1530.0,1946.470588,2660.0,0.0,3.529412,30.0,95.823529,0.0,4.176471,4.176471,7.882353,0.0,1.705882,0.058824,15,0.882353,1530.0,90.191781
100,4230,HPP-init-NSGA2,v29_hpp_cost_front_boost_fast,REPORT,100.0,17,4362152527203.572,16.31184,100,99.780822,135.608771,186.963845,1530.0,1690.0,1930.0,0.0,0.0,0.0,99.411765,0.0,0.588235,0.588235,8.235294,0.0,0.352941,0.764706,17,1.0,1530.0,99.780822
100,4201,KMeans-init-NSGA2,v29_hpp_cost_front_boost_fast,REPORT,100.0,10,4348276065561.808,11.15467,100,102.493151,130.883575,179.838412,1530.0,1846.0,2350.0,0.0,0.0,0.0,99.7,0.2,0.1,0.3,7.9,0.2,0.1,0.7,10,1.0,1530.0,102.493151
100,4202,KMeans-init-NSGA2,v29_hpp_cost_front_boost_fast,REPORT,100.0,12,4290096999239.5503,8.327952,100,114.794521,139.550292,163.780822,1530.0,1614.166667,1760.0,0.0,0.0,0.0,99.916667,0.0,0.083333,0.083333,8.5,0.0,0.083333,0.916667,12,1.0,1530.0,114.794521
100,4203,KMeans-init-NSGA2,v29_hpp_cost_front_boost_fast,REPORT,100.0,17,4346893356834.217,10.860853,100,102.821918,127.993258,178.260274,1530.0,1888.235294,2350.0,0.0,0.0,0.0,99.470588,0.058824,0.470588,0.529412,7.647059,0.058824,0.411765,0.647059,17,1.0,1530.0,102.821918
100,4204,KMeans-init-NSGA2,v29_hpp_cost_front_boost_fast,REPORT,100.0,11,4291311770369.114,8.818424,100,114.465753,132.729468,177.890411,1530.0,1738.181818,1940.0,0.0,0.0,0.0,99.545455,0.090909,0.363636,0.454545,8.0,0.090909,0.363636,0.636364,11,1.0,1530.0,114.465753
100,4205,KMeans-init-NSGA2,v29_hpp_cost_front_boost_fast,REPORT,100.0,11,4342666806399.1777,10.229172,100,103.643836,135.613747,192.123288,1530.0,1835.454545,2410.0,0.0,0.0,0.0,99.636364,0.181818,0.181818,0.363636,8.181818,0.181818,0.181818,0.636364,11,1.0,1530.0,103.643836
100,4206,KMeans-init-NSGA2,v29_hpp_cost_front_boost_fast,REPORT,100.0,12,4406428368568.493,10.072765,100,89.69863,112.512557,160.986301,1550.0,2285.833333,3370.0,0.0,7.5,50.0,100.0,0.0,0.0,0.0,6.666667,0.0,0.0,1.0,8,0.666667,1550.0,102.246575
100,4207,KMeans-init-NSGA2,v29_hpp_cost_front_boost_fast,REPORT,100.0,12,4348547911998.384,10.457431,100,102.410959,129.11685,181.410959,1530.0,1943.333333,2740.0,0.0,8.333333,100.0,99.583333,0.083333,0.333333,0.416667,7.75,0.083333,0.25,0.666667,11,0.916667,1530.0,102.452055
100,4208,KMeans-init-NSGA2,v29_hpp_cost_front_boost_fast,REPORT,100.0,16,4397714859302.197,10.315067,100,91.753425,127.485954,193.356164,1540.0,2006.25,2740.0,0.0,15.0,100.0,99.5,0.0625,0.4375,0.5,7.5625,0.0625,0.3125,0.6875,13,0.8125,1540.0,104.958904
100,4209,KMeans-init-NSGA2,v29_hpp_cost_front_boost_fast,REPORT,100.0,23,4343852382979.6313,9.450702,100,102.986301,131.340547,178.545361,1550.0,1929.130435,2490.0,0.0,6.956522,80.0,99.434783,0.0,0.565217,0.565217,8.043478,0.0,0.521739,0.695652,21,0.913043,1550.0,102.986301
100,4210,KMeans-init-NSGA2,v29_hpp_cost_front_boost_fast,REPORT,100.0,15,4342234260228.431,8.221263,100,103.890411,139.35511,194.09589,1520.0,1867.333333,2540.0,0.0,2.666667,40.0,99.333333,0.066667,0.6,0.666667,8.533333,0.066667,0.4,0.6,14,0.933333,1520.0,107.268805
100,4211,KMeans-init-NSGA2,v29_hpp_cost_front_boost_fast,REPORT,100.0,18,4393097453072.901,10.403016,100,92.942622,131.209826,194.054795,1520.0,2022.222222,3570.0,0.0,2.222222,40.0,99.722222,0.111111,0.166667,0.277778,7.833333,0.111111,0.166667,0.722222,17,0.944444,1520.0,102.90411
100,4212,KMeans-init-NSGA2,v29_hpp_cost_front_boost_fast,REPORT,100.0,10,4284191896487.0728,7.243245,100,115.945205,147.847002,194.424658,1530.0,1663.0,1790.0,0.0,0.0,0.0,99.9,0.0,0.1,0.1,9.1,0.0,0.1,0.9,10,1.0,1530.0,115.945205
100,4213,KMeans-init-NSGA2,v29_hpp_cost_front_boost_fast,REPORT,100.0,10,4334970680532.877,7.917538,100,105.287671,140.645561,192.90411,1530.0,1822.0,2690.0,0.0,7.0,70.0,99.3,0.2,0.5,0.7,8.5,0.1,0.4,0.6,9,0.9,1530.0,105.303648
100,4214,KMeans-init-NSGA2,v29_hpp_cost_front_boost_fast,REPORT,100.0,18,4393564053927.31,10.343428,100,92.737066,125.294132,192.945205,1530.0,2137.777778,2790.0,0.0,1.111111,10.0,99.277778,0.277778,0.444444,0.722222,7.388889,0.222222,0.444444,0.444444,16,0.888889,1530.0,92.737066
100,4215,KMeans-init-NSGA2,v29_hpp_cost_front_boost_fast,REPORT,100.0,22,4345606778312.4473,9.075001,100,103.191781,133.498688,192.739726,1520.0,1896.818182,2490.0,0.0,5.454545,60.0,99.772727,0.045455,0.181818,0.227273,8.136364,0.045455,0.181818,0.772727,20,0.909091,1520.0,103.191781
100,4216,KMeans-init-NSGA2,v29_hpp_cost_front_boost_fast,REPORT,100.0,16,4355987013698.631,9.036974,100,100.890411,133.215753,179.082192,1530.0,1811.875,2240.0,0.0,0.0,0.0,99.9375,0.0,0.0625,0.0625,8.1875,0.0,0.0625,0.9375,16,1.0,1530.0,100.890411
100,4217,KMeans-init-NSGA2,v29_hpp_cost_front_boost_fast,REPORT,100.0,14,4345033973746.4463,8.225482,100,103.39726,133.300328,193.273973,1520.0,2051.428571,2980.0,0.0,0.0,0.0,99.642857,0.071429,0.285714,0.357143,7.928571,0.071429,0.285714,0.714286,14,1.0,1520.0,103.39726
100,4218,KMeans-init-NSGA2,v29_hpp_cost_front_boost_fast,REPORT,100.0,19,4324996383017.688,9.274204,100,107.219178,147.710407,199.246575,1520.0,1898.947368,2770.0,0.0,2.105263,20.0,99.578947,0.052632,0.368421,0.421053,9.0,0.052632,0.263158,0.736842,17,0.894737,1520.0,107.219178
100,4219,KMeans-init-NSGA2,v29_hpp_cost_front_boost_fast,REPORT,100.0,16,4335919407989.502,9.575991,100,105.123288,142.517638,193.561644,1520.0,1874.375,2930.0,0.0,3.125,50.0,99.9375,0.0,0.0625,0.0625,8.6875,0.0,0.0625,0.9375,15,0.9375,1520.0,105.246575
100,4220,KMeans-init-NSGA2,v29_hpp_cost_front_boost_fast,REPORT,100.0,19,4352397512448.489,8.56812,100,101.630137,131.40057,193.109589,1530.0,1870.0,2490.0,0.0,0.0,0.0,99.789474,0.0,0.210526,0.210526,8.105263,0.0,0.210526,0.789474,19,1.0,1530.0,101.630137
100,4221,KMeans-init-NSGA2,v29_hpp_cost_front_boost_fast,REPORT,100.0,15,4352953419038.4014,8.20937,100,101.589041,122.08592,179.938918,1530.0,1899.333333,2300.0,0.0,0.0,0.0,99.8,0.0,0.2,0.2,7.333333,0.0,0.2,0.8,15,1.0,1530.0,101.589041
100,4222,KMeans-init-NSGA2,v29_hpp_cost_front_boost_fast,REPORT,100.0,15,4350948424657.533,10.946841,100,102.041096,125.302283,177.972603,1530.0,1914.666667,2950.0,0.0,0.0,0.0,99.866667,0.0,0.133333,0.133333,7.533333,0.0,0.133333,0.866667,15,1.0,1530.0,102.041096
100,4223,KMeans-init-NSGA2,v29_hpp_cost_front_boost_fast,REPORT,100.0,23,4353283871700.53,8.354767,100,101.671233,145.11678,192.90411,1520.0,1758.695652,2360.0,0.0,0.0,0.0,99.652174,0.217391,0.130435,0.347826,8.869565,0.217391,0.130435,0.695652,23,1.0,1520.0,101.671233
100,4224,KMeans-init-NSGA2,v29_hpp_cost_front_boost_fast,REPORT,100.0,10,4341475134389.568,12.557483,100,103.849315,139.085551,206.890411,1530.0,1777.0,2630.0,0.0,10.0,50.0,99.6,0.1,0.3,0.4,8.5,0.1,0.3,0.7,8,0.8,1530.0,103.849315
100,4225,KMeans-init-NSGA2,v29_hpp_cost_front_boost_fast,REPORT,100.0,12,4346696145689.0,9.244983,100,102.575342,121.212102,176.90411,1550.0,1919.166667,2290.0,0.0,0.0,0.0,99.416667,0.083333,0.5,0.583333,7.166667,0.083333,0.416667,0.583333,12,1.0,1550.0,102.575342
100,4226,KMeans-init-NSGA2,v29_hpp_cost_front_boost_fast,REPORT,100.0,20,4405686395860.561,11.053329,100,90.273973,135.546237,206.972603,1530.0,1858.5,3060.0,0.0,0.0,0.0,99.5,0.3,0.2,0.5,8.15,0.25,0.2,0.55,20,1.0,1530.0,90.273973
100,4227,KMeans-init-NSGA2,v29_hpp_cost_front_boost_fast,REPORT,100.0,15,4344287547945.207,10.18142,100,103.027397,148.457534,208.945205,1540.0,1793.333333,2210.0,0.0,0.0,0.0,99.733333,0.0,0.266667,0.266667,9.066667,0.0,0.266667,0.733333,15,1.0,1540.0,103.027397
100,4228,KMeans-init-NSGA2,v29_hpp_cost_front_boost_fast,REPORT,100.0,16,4337690393933.253,8.593577,100,104.219178,147.446759,206.931507,1530.0,1866.25,3690.0,0.0,0.0,0.0,99.6875,0.125,0.1875,0.3125,9.125,0.125,0.1875,0.75,16,1.0,1530.0,104.219178
100,4229,KMeans-init-NSGA2,v29_hpp_cost_front_boost_fast,REPORT,100.0,18,4356432686216.8975,7.337525,100,100.643836,137.357447,179.479452,1540.0,1705.555556,2270.0,0.0,1.666667,30.0,99.722222,0.166667,0.111111,0.277778,8.388889,0.166667,0.111111,0.777778,17,0.944444,1540.0,100.643836
100,4230,KMeans-init-NSGA2,v29_hpp_cost_front_boost_fast,REPORT,100.0,15,4358428756839.324,8.876465,100,100.561644,130.09806,193.232877,1530.0,1739.333333,1970.0,0.0,0.0,0.0,98.466667,0.266667,1.266667,1.533333,7.866667,0.266667,0.733333,0.466667,15,1.0,1530.0,100.561644
100,4201,MOPSO,v29_hpp_cost_front_boost_fast,REPORT,100.0,54,3764418239415.1353,6.678851,100,215.130904,264.444879,311.527817,2010.0,2317.419327,3080.0,0.0,5.082982,97.084967,37.666667,28.240741,34.092593,62.333333,14.777778,4.962963,13.574074,0.0,49,0.907407,2010.0,215.130904
100,4202,MOPSO,v29_hpp_cost_front_boost_fast,REPORT,100.0,73,3677928793218.304,4.957926,76,233.684904,260.31478,322.203026,1980.0,2449.007898,3409.395057,0.0,0.0,0.0,40.013699,33.219178,26.767123,59.986301,13.972603,5.0,11.958904,0.0,73,1.0,1980.0,233.684904
100,4203,MOPSO,v29_hpp_cost_front_boost_fast,REPORT,100.0,48,3657450688681.081,6.53848,100,237.113194,278.499042,327.668092,2000.0,2615.99723,3617.476482,0.0,5.452258,56.896731,41.208333,29.145833,29.645833,58.791667,14.8125,4.979167,13.0,0.0,43,0.895833,2000.0,237.113194
100,4204,MOPSO,v29_hpp_cost_front_boost_fast,REPORT,100.0,63,3696259683146.582,6.497788,100,227.747581,272.982522,334.60923,2101.658074,2427.285049,3940.0,0.0,2.820836,82.453679,37.761905,30.603175,31.634921,62.238095,14.460317,5.0,13.031746,0.0,60,0.952381,2150.0,227.747581
100,4205,MOPSO,v29_hpp_cost_front_boost_fast,REPORT,100.0,57,3731268634097.58,6.459273,100,222.417171,270.532309,326.618717,1950.0,2487.908026,3920.0,0.0,6.026597,80.70544,36.684211,31.561404,31.754386,63.315789,14.368421,5.0,12.859649,0.0,49,0.859649,2090.0,242.705062
100,4206,MOPSO,v29_hpp_cost_front_boost_fast,REPORT,100.0,64,3726586559322.7866,4.216309,68,224.973854,259.797854,291.436243,1870.0,2384.264756,3640.0,0.0,4.482156,96.448608,36.328125,31.984375,31.6875,63.671875,14.59375,5.0,13.171875,0.0,61,0.953125,1870.0,235.83001
100,4207,MOPSO,v29_hpp_cost_front_boost_fast,REPORT,100.0,74,3673570018374.871,6.079676,100,234.632396,256.046078,301.623585,1987.582305,2272.438825,2730.0,0.0,2.581231,88.604541,36.0,33.445946,30.554054,64.0,14.486486,5.0,12.432432,0.0,69,0.932432,1987.582305,234.632396
100,4208,MOPSO,v29_hpp_cost_front_boost_fast,REPORT,100.0,48,3694656424059.847,6.517641,100,228.078597,265.717338,323.654627,2100.0,2573.957123,3600.0,0.0,4.870497,89.154759,44.104167,29.604167,26.291667,55.895833,14.583333,4.916667,12.4375,0.0,43,0.895833,2100.0,228.078597
100,4209,MOPSO,v29_hpp_cost_front_boost_fast,REPORT,100.0,74,3827324436034.439,6.22621,100,202.896933,252.827796,298.607416,1940.0,2327.279447,2733.3153,0.0,0.0,0.0,35.418919,34.22973,30.351351,64.581081,14.418919,5.0,13.486486,0.0,74,1.0,1940.0,202.896933
100,4210,MOPSO,v29_hpp_cost_front_boost_fast,REPORT,100.0,82,3743672031316.7583,6.257385,100,220.672983,253.105312,287.341914,1940.348931,2235.537073,2811.817174,0.0,7.197321,84.53624,31.658537,31.402439,36.939024,68.341463,14.04878,5.0,12.390244,0.0,73,0.890244,1940.348931,232.140833
100,4211,MOPSO,v29_hpp_cost_front_boost_fast,REPORT,100.0,71,3770004282432.403,6.32937,100,215.435285,251.338471,314.24835,1924.637934,2215.658471,2814.037122,0.0,8.295701,75.911991,35.183099,29.647887,35.169014,64.816901,14.788732,4.943662,13.253521,0.0,58,0.816901,1924.637934,215.435285
100,4212,MOPSO,v29_hpp_cost_front_boost_fast,REPORT,100.0,62,3673715584206.823,6.128189,100,234.882184,269.5693,309.366662,1956.433626,2306.515888,3157.536142,0.0,9.643953,69.051248,38.225806,30.870968,30.903226,61.774194,14.403226,5.0,13.129032,0.0,49,0.790323,1956.433626,234.882184
100,4213,MOPSO,v29_hpp_cost_front_boost_fast,REPORT,100.0,84,3759198622410.979,6.720794,100,217.49583,269.37619,307.265309,1929.37589,2256.821982,3360.0,0.0,14.946987,97.22837,38.333333,31.166667,30.5,61.666667,14.75,5.0,13.452381,0.0,67,0.797619,1929.37589,217.49583
100,4214,MOPSO,v29_hpp_cost_front_boost_fast,REPORT,100.0,58,3571860555316.342,4.461701,67,254.240149,289.98546,329.455004,2083.41261,2303.365155,2723.117603,0.0,10.715736,90.0,38.603448,29.344828,32.051724,61.396552,14.862069,5.0,13.793103,0.0,45,0.775862,2083.41261,254.240149
100,4215,MOPSO,v29_hpp_cost_front_boost_fast,REPORT,100.0,53,3633331898525.144,5.703635,87,242.317966,284.740622,328.362853,2000.0,2438.119624,3335.228357,0.0,7.869425,80.236379,44.169811,27.811321,28.018868,55.830189,14.54717,5.0,12.264151,0.0,44,0.830189,2000.0,242.317966
100,4216,MOPSO,v29_hpp_cost_front_boost_fast,REPORT,100.0,71,3660387843015.5854,6.281652,100,235.573574,257.745943,313.375789,2100.0,2457.782099,3100.0,0.0,5.258913,96.816442,38.140845,29.422535,32.43662,61.859155,14.901408,5.0,13.521127,0.0,66,0.929577,2100.0,235.573574
100,4217,MOPSO,v29_hpp_cost_front_boost_fast,REPORT,100.0,97,3765591887696.4194,5.83912,100,216.929934,246.17292,325.641578,1890.0,2317.148973,3214.383564,0.0,0.182083,17.662019,30.536082,35.907216,33.556701,69.463918,14.71134,5.0,13.969072,0.0,96,0.989691,1890.0,216.929934
100,4218,MOPSO,v29_hpp_cost_front_boost_fast,REPORT,100.0,44,3658251791849.566,6.533111,100,238.104693,285.874416,330.726785,1930.0,2290.809205,3650.0,0.0,3.444526,55.0,40.204545,26.5,33.295455,59.795455,14.863636,4.931818,13.545455,0.0,37,0.840909,1930.0,251.431059
100,4219,MOPSO,v29_hpp_cost_front_boost_fast,REPORT,100.0,68,3739556668674.869,6.892416,100,221.33469,248.721233,329.870134,1949.374254,2404.357881,2940.0,0.0,0.0,0.0,37.308824,27.970588,34.720588,62.691176,14.720588,5.0,13.029412,0.0,68,1.0,1949.374254,221.33469
100,4220,MOPSO,v29_hpp_cost_front_boost_fast,REPORT,100.0,57,3673989645964.805,6.089971,100,235.419079,265.632026,322.29839,1916.331942,2487.933603,3140.0,0.0,9.408119,98.600226,38.368421,32.105263,29.526316,61.631579,14.684211,5.0,12.807018,0.0,43,0.754386,2090.0,235.419079
100,4221,MOPSO,v29_hpp_cost_front_boost_fast,REPORT,100.0,45,3685488249877.461,6.156474,100,234.259054,263.813237,318.398213,1850.0,2203.443861,2566.007663,0.0,16.091079,96.816442,36.688889,30.622222,32.688889,63.311111,14.911111,5.0,13.466667,0.0,32,0.711111,1850.0,235.680595
100,4222,MOPSO,v29_hpp_cost_front_boost_fast,REPORT,100.0,89,3778526263433.033,6.133837,100,214.54952,260.062521,297.129249,1866.921278,2132.339767,2400.0,0.0,5.56205,80.550985,33.539326,29.842697,36.617978,66.460674,14.853933,5.0,13.786517,0.0,82,0.921348,1866.921278,214.54952
100,4223,MOPSO,v29_hpp_cost_front_boost_fast,REPORT,100.0,57,3835858782188.652,6.107398,100,201.811568,231.035103,267.594819,1910.0,2485.690772,3350.0,0.0,4.22803,68.660687,33.157895,31.508772,35.333333,66.842105,14.438596,5.0,13.175439,0.0,46,0.807018,1910.0,203.988026
100,4224,MOPSO,v29_hpp_cost_front_boost_fast,REPORT,100.0,47,3754597271390.377,6.045841,94,216.360421,252.380499,304.865269,2070.0,2431.231331,3160.0,0.0,1.890573,72.456359,32.574468,34.489362,32.93617,67.425532,14.638298,5.0,13.851064,0.0,45,0.957447,2070.0,220.736678
100,4225,MOPSO,v29_hpp_cost_front_boost_fast,REPORT,100.0,44,3748231227713.1074,6.17925,100,217.209207,250.766069,304.913819,2090.0,2429.723737,3010.0,0.0,2.541365,87.118114,41.75,33.931818,24.318182,58.25,14.022727,5.0,11.477273,0.0,42,0.954545,2090.0,228.330952
100,4226,MOPSO,v29_hpp_cost_front_boost_fast,REPORT,100.0,53,3780413459097.892,6.120177,100,213.207461,242.557851,320.224938,1930.0,2286.531858,3071.531321,0.0,1.438506,76.032662,36.660377,26.679245,36.660377,63.339623,14.528302,5.0,13.622642,0.0,51,0.962264,1930.0,213.207461
100,4227,MOPSO,v29_hpp_cost_front_boost_fast,REPORT,100.0,69,3738297908869.028,6.146821,100,220.83824,264.065298,327.469418,1980.0,2442.872236,2970.0,0.0,1.321715,91.198348,42.057971,30.971014,26.971014,57.942029,14.710145,5.0,12.942029,0.0,68,0.985507,1980.0,220.83824
100,4228,MOPSO,v29_hpp_cost_front_boost_fast,REPORT,100.0,40,3789651266460.54,6.334628,100,207.420964,265.962584,313.183185,2110.0,2464.089643,3448.972628,0.0,9.595617,87.475488,39.375,29.675,30.95,60.625,14.475,5.0,12.725,0.0,35,0.875,2110.0,240.599274
100,4229,MOPSO,v29_hpp_cost_front_boost_fast,REPORT,100.0,85,3701861956321.239,6.144198,100,229.857796,267.734751,302.038342,1905.859478,2225.174853,3079.227782,0.0,7.327854,50.0,38.623529,29.988235,31.388235,61.376471,14.129412,5.0,12.435294,0.0,72,0.847059,1905.859478,229.857796
100,4230,MOPSO,v29_hpp_cost_front_boost_fast,REPORT,100.0,55,3701883793094.524,6.245865,100,229.787851,260.76969,328.794746,1900.0,2376.748879,3555.315947,0.0,22.560702,93.637216,34.054545,29.236364,36.709091,65.945455,15.0,4.927273,14.072727,0.0,34,0.618182,1900.0,229.787851
100,4201,Trad-NSGA2,v29_hpp_cost_front_boost_fast,REPORT,100.0,11,4143353813354.111,8.785866,100,138.788322,179.699385,230.527682,1850.0,2362.1492,3952.431774,0.0,12.241293,70.386576,34.636364,30.272727,35.090909,65.363636,11.0,5.0,10.090909,0.0,9,0.818182,1850.0,140.381489
100,4202,Trad-NSGA2,v29_hpp_cost_front_boost_fast,REPORT,100.0,17,4068039467628.629,8.445226,100,154.614493,190.176945,248.978419,1850.0,2183.855512,2590.0,0.0,6.761822,67.475488,40.941176,30.764706,28.294118,59.058824,11.352941,5.0,10.882353,0.0,15,0.882353,1850.0,155.038526
100,4203,Trad-NSGA2,v29_hpp_cost_front_boost_fast,REPORT,100.0,9,4050199104904.9873,8.295743,100,155.656802,189.60635,247.086064,2000.0,2399.299532,2771.833061,0.0,1.599733,14.397601,42.111111,26.444444,31.444444,57.888889,11.0,5.0,10.666667,0.0,8,0.888889,2000.0,155.777807
100,4204,Trad-NSGA2,v29_hpp_cost_front_boost_fast,REPORT,100.0,12,4071705976048.371,8.530867,100,157.328973,206.360489,258.915082,1650.0,1932.350842,2657.51337,0.0,0.0,0.0,35.833333,28.416667,35.75,64.166667,13.25,5.0,11.916667,0.0,12,1.0,1650.0,157.328973
100,4205,Trad-NSGA2,v29_hpp_cost_front_boost_fast,REPORT,100.0,16,4090472636935.1846,8.927703,100,153.145044,183.39579,258.125019,1680.0,1954.619721,2417.310831,0.0,19.682834,87.108976,30.875,25.75,43.375,69.125,12.375,5.0,11.875,0.0,11,0.6875,1680.0,153.616287
100,4206,Trad-NSGA2,v29_hpp_cost_front_boost_fast,REPORT,100.0,18,4161836225185.983,8.554358,100,135.679039,174.321818,244.512154,1820.0,2146.175512,2616.198912,0.0,4.847062,78.102497,34.388889,30.944444,34.666667,65.611111,13.333333,5.0,12.444444,0.0,15,0.833333,1820.0,135.699026
100,4207,Trad-NSGA2,v29_hpp_cost_front_boost_fast,REPORT,100.0,14,4086156189417.152,8.017695,100,155.417432,186.104119,222.334577,1580.208742,2047.964642,2650.0,0.0,4.266309,59.728323,38.642857,30.642857,30.714286,61.357143,11.857143,5.0,10.785714,0.0,13,0.928571,1580.208742,155.417432
100,4208,Trad-NSGA2,v29_hpp_cost_front_boost_fast,REPORT,100.0,21,4153818389813.444,8.262803,100,139.235488,183.07696,225.368548,1700.0,2105.926136,3243.338222,0.0,27.534212,90.0,38.285714,32.904762,28.809524,61.714286,10.428571,5.0,9.761905,0.0,14,0.666667,1700.0,139.235488
100,4209,Trad-NSGA2,v29_hpp_cost_front_boost_fast,REPORT,100.0,19,4084560047698.7456,8.138606,100,152.478674,173.498591,212.591137,1792.941391,2145.423806,2805.465565,0.0,2.926346,55.600579,35.947368,33.157895,30.894737,64.052632,13.052632,5.0,10.947368,0.0,18,0.947368,1792.941391,152.478674
100,4210,Trad-NSGA2,v29_hpp_cost_front_boost_fast,REPORT,100.0,8,4257852214852.146,7.648617,100,115.945329,151.274158,182.435806,1823.203002,1938.810504,2400.0,0.0,0.0,0.0,36.625,35.125,28.25,63.375,9.375,5.0,8.0,0.0,8,1.0,1823.203002,115.945329
100,4211,Trad-NSGA2,v29_hpp_cost_front_boost_fast,REPORT,100.0,12,3958650481283.441,9.120209,100,180.819313,226.018957,265.155416,1630.0,1994.368906,2472.692498,0.0,12.082381,41.332345,35.333333,24.083333,40.583333,64.666667,13.583333,5.0,13.5,0.0,7,0.583333,1830.0,180.819313
100,4212,Trad-NSGA2,v29_hpp_cost_front_boost_fast,REPORT,100.0,12,4091164660538.4976,8.579229,100,150.934797,187.316226,243.219851,1800.0,1971.992416,2180.0,0.0,12.055403,72.332416,37.0,27.666667,35.333333,63.0,11.916667,5.0,10.833333,0.0,10,0.833333,1800.0,150.934797
100,4213,Trad-NSGA2,v29_hpp_cost_front_boost_fast,REPORT,100.0,18,4232308666778.5,8.238362,100,120.424934,153.151966,193.679151,1850.0,2241.41399,2900.0,0.0,4.187052,36.246891,34.5,38.555556,26.944444,65.5,9.5,5.0,8.5,0.0,14,0.777778,1850.0,120.424934
100,4214,Trad-NSGA2,v29_hpp_cost_front_boost_fast,REPORT,100.0,16,4075841373282.248,8.589797,100,156.491105,194.169057,241.656643,1650.0,1983.714555,2702.06936,0.0,16.924871,84.62912,35.375,27.125,37.5,64.625,12.8125,5.0,12.625,0.0,12,0.75,1650.0,156.491105
100,4215,Trad-NSGA2,v29_hpp_cost_front_boost_fast,REPORT,100.0,15,4080771019082.5366,7.998709,100,151.875314,193.341969,240.934217,1860.0,2108.79746,2460.0,0.0,2.666667,20.0,40.733333,31.8,27.466667,59.266667,11.866667,5.0,10.2,0.0,13,0.866667,1860.0,151.934891
100,4216,Trad-NSGA2,v29_hpp_cost_front_boost_fast,REPORT,100.0,9,4120151159535.594,8.545113,100,145.16793,168.094751,204.084389,1780.0,2211.119053,3096.141619,0.0,0.0,0.0,33.111111,30.666667,36.222222,66.888889,11.666667,4.222222,11.666667,0.0,9,1.0,1780.0,145.16793
100,4217,Trad-NSGA2,v29_hpp_cost_front_boost_fast,REPORT,100.0,21,4242369732790.056,8.249528,100,120.376395,164.584792,237.619476,1710.0,2230.188103,3070.0,0.0,3.313116,69.575428,29.0,34.571429,36.428571,71.0,12.52381,5.0,12.095238,0.0,20,0.952381,1710.0,120.376395
100,4218,Trad-NSGA2,v29_hpp_cost_front_boost_fast,REPORT,100.0,15,4205834091725.24,8.368086,100,128.050686,182.009458,257.352974,1680.0,2279.718198,3930.0,0.0,1.217789,18.266834,33.866667,36.933333,29.2,66.133333,10.2,5.0,9.4,0.0,14,0.933333,1680.0,128.050686
100,4219,Trad-NSGA2,v29_hpp_cost_front_boost_fast,REPORT,100.0,15,4052455757378.817,8.624557,100,161.036234,204.852955,285.939584,1630.0,2275.676089,2890.0,0.0,2.0,30.0,39.2,25.866667,34.933333,60.8,11.733333,5.0,11.133333,0.0,14,0.933333,1630.0,161.036234
100,4220,Trad-NSGA2,v29_hpp_cost_front_boost_fast,REPORT,100.0,12,4072095213152.7847,8.349303,100,155.103491,215.297232,263.624553,1770.0,2014.5107,2484.3806,0.0,0.533891,6.406696,35.0,28.75,36.25,65.0,12.583333,5.0,11.916667,0.0,11,0.916667,1770.0,155.103491
100,4221,Trad-NSGA2,v29_hpp_cost_front_boost_fast,REPORT,100.0,17,3989010531325.795,8.477211,100,170.476224,198.099156,229.851148,1890.0,2248.816063,3390.0,0.0,28.453092,96.984049,38.0,26.470588,35.529412,62.0,13.294118,4.470588,12.470588,0.0,8,0.470588,1890.0,172.57781
100,4222,Trad-NSGA2,v29_hpp_cost_front_boost_fast,REPORT,100.0,15,4058252301615.6255,8.997176,100,159.278499,171.533731,205.964535,1691.390418,2656.80912,3098.301571,0.0,33.499425,80.0,37.533333,23.4,39.066667,62.466667,12.333333,5.0,12.266667,0.0,8,0.533333,1691.390418,161.734166
100,4223,Trad-NSGA2,v29_hpp_cost_front_boost_fast,REPORT,100.0,11,4058981009588.872,8.43957,100,156.236183,185.451456,207.864372,1870.0,2222.530441,2762.955424,0.0,0.0,0.0,40.0,24.727273,35.272727,60.0,12.090909,5.0,9.909091,0.0,11,1.0,1870.0,156.236183
100,4224,Trad-NSGA2,v29_hpp_cost_front_boost_fast,REPORT,100.0,8,4063078423828.317,8.32894,100,154.259677,178.997353,206.363203,1953.60175,2116.536834,2680.0,0.0,1.3191,9.543322,39.5,31.375,29.125,60.5,9.875,4.875,8.875,0.0,6,0.75,1954.63296,154.259677
100,4225,Trad-NSGA2,v29_hpp_cost_front_boost_fast,REPORT,100.0,11,4173294625104.03,8.47916,100,134.176002,155.179566,191.155819,1790.0,1965.368803,2116.335062,0.0,7.010738,77.118114,30.0,32.272727,37.727273,70.0,10.818182,5.0,10.636364,0.0,10,0.909091,1790.0,134.176002
100,4226,Trad-NSGA2,v29_hpp_cost_front_boost_fast,REPORT,100.0,19,4065847505284.816,8.467904,100,155.727085,190.795662,228.854968,1820.0,2126.247315,3202.870387,0.0,15.727235,90.0,34.631579,27.105263,38.263158,65.368421,11.631579,4.052632,11.210526,0.0,10,0.526316,1820.0,158.79247
100,4227,Trad-NSGA2,v29_hpp_cost_front_boost_fast,REPORT,100.0,20,4150405167498.581,8.538542,100,139.21644,181.810458,244.263304,1741.132256,2358.683897,3527.982723,0.0,10.418932,74.770085,32.85,30.75,36.4,67.15,12.1,5.0,10.7,0.0,16,0.8,1741.132256,139.304189
100,4228,Trad-NSGA2,v29_hpp_cost_front_boost_fast,REPORT,100.0,10,4098208744886.8726,8.587148,100,150.942579,187.685999,224.793618,1690.0,2139.059859,2890.0,0.0,12.447271,79.693141,33.9,30.0,36.1,66.1,14.2,4.9,12.8,0.0,8,0.8,1690.0,150.942579
100,4229,Trad-NSGA2,v29_hpp_cost_front_boost_fast,REPORT,100.0,10,3952303627252.242,8.265692,100,177.456764,198.514206,222.517414,1940.0,2139.899993,2380.0,0.0,17.242451,86.212257,35.4,29.3,35.3,64.6,14.6,5.0,13.2,0.0,8,0.8,1940.0,177.456764
100,4230,Trad-NSGA2,v29_hpp_cost_front_boost_fast,REPORT,100.0,9,4130857507773.547,8.34492,100,142.652622,180.625726,242.308605,1780.0,2206.666667,2910.0,0.0,8.267007,74.403065,36.555556,33.0,30.444444,63.444444,10.111111,5.0,10.0,0.0,8,0.888889,1780.0,142.788765
50,4201,HPP-init-NSGA2,v29_hpp_cost_front_boost_fast,REPORT,100.0,33,4704267171494.076,13.129395,100,37.380902,60.071352,113.523738,1110.0,1609.69697,2390.0,0.0,0.0,0.0,45.515152,0.151515,4.333333,4.484848,3.909091,0.121212,1.545455,0.121212,33,1.0,1110.0,37.380902
50,4202,HPP-init-NSGA2,v29_hpp_cost_front_boost_fast,REPORT,100.0,33,4689714431933.943,12.31267,100,40.181863,65.374672,116.413771,1120.0,1432.688543,2690.0,0.0,2.727273,90.0,46.060606,0.181818,3.757576,3.939394,4.272727,0.121212,2.0,0.090909,32,0.969697,1120.0,40.181863
50,4203,HPP-init-NSGA2,v29_hpp_cost_front_boost_fast,REPORT,100.0,25,4647878808273.787,9.981386,100,48.780822,65.359745,118.126411,1130.0,1382.0,1740.0,0.0,0.0,0.0,47.4,0.36,2.24,2.6,4.12,0.2,1.44,0.28,25,1.0,1130.0,48.780822
50,4204,HPP-init-NSGA2,v29_hpp_cost_front_boost_fast,REPORT,100.0,36,4712201612723.144,11.241468,100,35.69863,65.393098,136.078304,1110.0,1440.277778,2730.0,0.0,0.0,0.0,44.972222,1.972222,3.055556,5.027778,4.0,1.083333,1.638889,0.138889,36,1.0,1110.0,35.69863
50,4205,HPP-init-NSGA2,v29_hpp_cost_front_boost_fast,REPORT,100.0,26,4647249957437.817,9.587004,100,48.69863,66.61905,102.542446,1140.0,1343.461538,1660.0,0.0,0.0,0.0,45.115385,1.576923,3.307692,4.884615,4.115385,0.384615,1.269231,0.153846,26,1.0,1140.0,48.69863
50,4206,HPP-init-NSGA2,v29_hpp_cost_front_boost_fast,REPORT,100.0,18,4714374656882.872,12.728595,100,34.753425,61.254394,99.342466,1140.0,1507.222222,2390.0,0.0,0.0,0.0,47.333333,0.0,2.666667,2.666667,3.777778,0.0,1.166667,0.333333,18,1.0,1140.0,34.753425
50,4207,HPP-init-NSGA2,v29_hpp_cost_front_boost_fast,REPORT,100.0,28,4694306310991.625,11.314199,100,39.238162,64.422677,125.845379,1120.0,1525.835387,2870.0,0.0,0.0,0.0,44.642857,0.178571,5.178571,5.357143,4.25,0.178571,2.25,0.107143,28,1.0,1120.0,39.238162
50,4208,HPP-init-NSGA2,v29_hpp_cost_front_boost_fast,REPORT,100.0,32,4691079478843.158,12.208228,100,39.713917,69.012134,163.371762,1130.0,1490.27505,2390.0,0.0,4.375,80.0,44.71875,0.5,4.78125,5.28125,4.46875,0.21875,2.3125,0.125,29,0.90625,1130.0,39.713917
50,4209,HPP-init-NSGA2,v29_hpp_cost_front_boost_fast,REPORT,100.0,24,4648807488623.781,9.966172,100,48.369863,70.464897,111.630137,1140.0,1334.583333,1740.0,0.0,0.0,0.0,46.5,0.166667,3.333333,3.5,4.5,0.166667,1.333333,0.291667,24,1.0,1140.0,48.369863
50,4210,HPP-init-NSGA2,v29_hpp_cost_front_boost_fast,REPORT,100.0,38,4649614888779.596,10.211034,100,48.780822,62.428666,117.888413,1110.0,1389.210526,1650.0,0.0,0.0,0.0,45.473684,0.447368,4.078947,4.526316,4.578947,0.184211,2.342105,0.105263,38,1.0,1110.0,48.780822
50,4211,HPP-init-NSGA2,v29_hpp_cost_front_boost_fast,REPORT,100.0,40,4693913964674.884,11.891822,100,38.920418,50.506902,118.681686,1140.0,2031.25,2640.0,0.0,6.0,90.0,45.45,0.05,4.5,4.55,3.475,0.05,1.7,0.175,36,0.9,1140.0,39.011677
50,4212,HPP-init-NSGA2,v29_hpp_cost_front_boost_fast,REPORT,100.0,31,4717117687885.447,16.141469,100,34.712329,67.877415,117.67117,1110.0,1408.709677,2280.0,0.0,0.0,0.0,45.258065,0.516129,4.225806,4.741935,4.193548,0.322581,1.967742,0.064516,31,1.0,1110.0,34.712329
50,4213,HPP-init-NSGA2,v29_hpp_cost_front_boost_fast,REPORT,100.0,29,4714288322778.939,16.433675,100,34.712329,55.659224,92.711097,1140.0,1707.808312,2320.0,0.0,5.517241,100.0,46.827586,0.482759,2.689655,3.172414,3.448276,0.344828,1.344828,0.137931,27,0.931034,1140.0,35.123288
50,4214,HPP-init-NSGA2,v29_hpp_cost_front_boost_fast,REPORT,100.0,20,4650474739163.643,9.526653,100,48.616438,74.254068,110.98519,1110.0,1304.5,1930.0,0.0,0.0,0.0,46.5,0.75,2.75,3.5,4.4,0.4,1.3,0.3,20,1.0,1110.0,48.616438
50,4215,HPP-init-NSGA2,v29_hpp_cost_front_boost_fast,REPORT,100.0,33,4694223749612.176,11.177049,100,39.049528,62.62427,101.070967,1130.0,1455.454545,2850.0,0.0,6.363636,100.0,45.060606,0.666667,4.272727,4.939394,4.060606,0.30303,1.69697,0.090909,30,0.909091,1130.0,39.964094
50,4216,HPP-init-NSGA2,v29_hpp_cost_front_boost_fast,REPORT,100.0,25,4712366475774.706,13.652533,100,35.164384,60.963972,99.328767,1140.0,1515.489025,2610.0,0.0,0.0,0.0,44.8,1.36,3.84,5.2,3.76,0.76,1.32,0.16,25,1.0,1140.0,35.164384
50,4217,HPP-init-NSGA2,v29_hpp_cost_front_boost_fast,REPORT,100.0,27,4711720109472.265,12.573286,100,35.246575,56.292897,92.24861,1140.0,1676.666667,2790.0,0.0,0.0,0.0,45.703704,0.037037,4.259259,4.296296,3.62963,0.037037,2.037037,0.296296,27,1.0,1140.0,35.246575
50,4218,HPP-init-NSGA2,v29_hpp_cost_front_boost_fast,REPORT,100.0,28,4706622874566.919,13.062322,100,36.315068,59.707783,102.412039,1140.0,1515.976541,2980.0,0.0,0.0,0.0,44.535714,0.857143,4.607143,5.464286,3.857143,0.321429,2.142857,0.178571,28,1.0,1140.0,36.315068
50,4219,HPP-init-NSGA2,v29_hpp_cost_front_boost_fast,REPORT,100.0,22,4650352991745.493,9.507927,100,48.287671,62.843683,97.383562,1130.0,1328.181818,1650.0,0.0,0.0,0.0,44.909091,0.136364,4.954545,5.090909,4.136364,0.136364,2.045455,0.090909,22,1.0,1130.0,48.287671
50,4220,HPP-init-NSGA2,v29_hpp_cost_front_boost_fast,REPORT,100.0,34,4700413782595.824,10.452667,100,37.630137,68.326245,112.966839,1140.0,1432.058824,2280.0,0.0,0.0,0.0,45.411765,0.529412,4.058824,4.588235,4.852941,0.264706,2.147059,0.058824,34,1.0,1140.0,37.630137
50,4221,HPP-init-NSGA2,v29_hpp_cost_front_boost_fast,REPORT,100.0,28,4648303491313.353,9.973424,100,48.657534,68.635544,117.952126,1130.0,1348.928571,1640.0,0.0,0.0,0.0,44.928571,0.285714,4.785714,5.071429,4.285714,0.142857,1.964286,0.142857,28,1.0,1130.0,48.657534
50,4222,HPP-init-NSGA2,v29_hpp_cost_front_boost_fast,REPORT,100.0,23,4709291037739.648,9.833481,100,36.068493,64.329073,135.425331,1120.0,1471.304348,2530.0,0.0,0.0,0.0,46.043478,0.434783,3.521739,3.956522,4.347826,0.304348,1.826087,0.173913,23,1.0,1120.0,36.068493
50,4223,HPP-init-NSGA2,v29_hpp_cost_front_boost_fast,REPORT,100.0,36,4706015187973.803,10.945742,100,36.643836,58.743298,115.920202,1130.0,1556.469848,2900.0,0.0,1.388889,30.0,44.5,1.194444,4.305556,5.5,4.583333,0.5,2.388889,0.138889,34,0.944444,1130.0,37.627477
50,4224,HPP-init-NSGA2,v29_hpp_cost_front_boost_fast,REPORT,100.0,39,4697485381234.637,13.043366,100,38.544613,65.974787,135.594123,1120.0,1634.011064,2680.0,0.0,0.769231,20.0,45.974359,0.333333,3.692308,4.025641,4.230769,0.230769,2.102564,0.102564,37,0.948718,1120.0,38.877691
50,4225,HPP-init-NSGA2,v29_hpp_cost_front_boost_fast,REPORT,100.0,18,4649408513397.174,9.765869,100,48.287671,65.632642,99.342466,1140.0,1342.777778,1650.0,0.0,0.0,0.0,45.722222,0.277778,4.0,4.277778,4.166667,0.222222,1.611111,0.222222,18,1.0,1140.0,48.287671
50,4226,HPP-init-NSGA2,v29_hpp_cost_front_boost_fast,REPORT,100.0,27,4702068216256.334,13.400571,100,37.885694,63.463798,125.982085,1110.0,1437.037037,2080.0,0.0,0.0,0.0,44.037037,0.481481,5.481481,5.962963,4.222222,0.407407,2.296296,0.074074,27,1.0,1110.0,37.885694
50,4227,HPP-init-NSGA2,v29_hpp_cost_front_boost_fast,REPORT,100.0,29,4716232091984.447,12.712503,100,34.465753,59.347364,118.873892,1130.0,1631.034483,2450.0,0.0,3.521794,60.710678,45.793103,0.586207,3.62069,4.206897,3.586207,0.310345,1.724138,0.137931,26,0.896552,1130.0,34.465753
50,4228,HPP-init-NSGA2,v29_hpp_cost_front_boost_fast,REPORT,100.0,22,4649207408007.59,9.284307,100,48.287671,70.734496,108.917808,1140.0,1326.363636,1650.0,0.0,0.0,0.0,47.772727,0.136364,2.090909,2.227273,4.454545,0.136364,0.909091,0.363636,22,1.0,1140.0,48.287671
50,4229,HPP-init-NSGA2,v29_hpp_cost_front_boost_fast,REPORT,100.0,23,4700482001194.25,10.315742,100,37.383562,64.164008,108.917808,1140.0,1773.043478,3180.0,0.0,0.0,0.0,47.869565,0.26087,1.869565,2.130435,3.913043,0.217391,0.826087,0.521739,23,1.0,1140.0,37.383562
50,4230,HPP-init-NSGA2,v29_hpp_cost_front_boost_fast,REPORT,100.0,20,4648286810017.201,10.342831,100,48.69863,62.917163,106.014779,1130.0,1373.754238,1730.0,0.0,0.0,0.0,46.2,0.15,3.65,3.8,3.65,0.1,1.2,0.2,20,1.0,1130.0,48.69863
50,4201,KMeans-init-NSGA2,v29_hpp_cost_front_boost_fast,REPORT,100.0,12,4644855797604.547,5.687841,100,49.068493,83.403853,111.874053,1140.0,1315.833333,1740.0,0.0,0.0,0.0,49.583333,0.166667,0.25,0.416667,5.25,0.166667,0.25,0.666667,12,1.0,1140.0,49.068493
50,4202,KMeans-init-NSGA2,v29_hpp_cost_front_boost_fast,REPORT,100.0,16,4645131517835.08,5.355579,100,49.027397,84.600341,108.630137,1140.0,1261.875,1740.0,0.0,0.0,0.0,49.875,0.0625,0.0625,0.125,5.4375,0.0625,0.0625,0.875,16,1.0,1140.0,49.027397
50,4203,KMeans-init-NSGA2,v29_hpp_cost_front_boost_fast,REPORT,100.0,17,4639169338955.59,5.660206,100,50.178082,74.718011,108.835616,1140.0,1463.529412,2200.0,0.0,0.0,0.0,49.882353,0.058824,0.058824,0.117647,4.705882,0.058824,0.058824,0.882353,17,1.0,1140.0,50.178082
50,4204,KMeans-init-NSGA2,v29_hpp_cost_front_boost_fast,REPORT,100.0,20,4646234196948.266,5.323865,100,49.191781,88.112755,128.630137,1120.0,1258.5,1560.0,0.0,0.0,0.0,49.8,0.05,0.15,0.2,5.6,0.05,0.15,0.8,20,1.0,1120.0,49.191781
50,4205,KMeans-init-NSGA2,v29_hpp_cost_front_boost_fast,REPORT,100.0,18,4646879888368.087,5.752413,100,48.657534,72.679718,108.835616,1140.0,1466.666667,1950.0,0.0,0.0,0.0,49.666667,0.055556,0.277778,0.333333,4.611111,0.055556,0.166667,0.777778,18,1.0,1140.0,48.657534
50,4206,KMeans-init-NSGA2,v29_hpp_cost_front_boost_fast,REPORT,100.0,20,4639961900897.758,5.956691,100,49.972603,78.162489,108.794521,1140.0,1466.5,2100.0,0.0,0.0,0.0,49.8,0.1,0.1,0.2,4.9,0.1,0.1,0.85,20,1.0,1140.0,49.972603
50,4207,KMeans-init-NSGA2,v29_hpp_cost_front_boost_fast,REPORT,100.0,25,4646780095590.586,5.664714,100,48.657534,77.326934,97.535327,1140.0,1394.4,1930.0,0.0,0.0,0.0,49.48,0.48,0.04,0.52,4.8,0.44,0.04,0.56,25,1.0,1140.0,48.657534
50,4208,KMeans-init-NSGA2,v29_hpp_cost_front_boost_fast,REPORT,100.0,23,4643914031764.418,4.980196,100,49.438356,79.798125,112.915459,1130.0,1356.956522,1740.0,0.0,0.0,0.0,48.913043,0.173913,0.913043,1.086957,4.956522,0.130435,0.434783,0.478261,23,1.0,1130.0,49.438356
50,4209,KMeans-init-NSGA2,v29_hpp_cost_front_boost_fast,REPORT,100.0,22,4641860209682.62,5.444015,100,49.684932,85.795526,108.712329,1140.0,1312.727273,1820.0,0.0,0.0,0.0,49.454545,0.318182,0.227273,0.545455,5.454545,0.272727,0.227273,0.636364,22,1.0,1140.0,49.684932
50,4210,KMeans-init-NSGA2,v29_hpp_cost_front_boost_fast,REPORT,100.0,13,4642011998919.651,5.766228,100,49.60274,83.893655,108.917808,1140.0,1282.307692,1930.0,0.0,0.0,0.0,49.615385,0.0,0.384615,0.384615,5.307692,0.0,0.230769,0.769231,13,1.0,1140.0,49.60274
50,4211,KMeans-init-NSGA2,v29_hpp_cost_front_boost_fast,REPORT,100.0,23,4645310288559.138,5.700334,100,49.027397,74.690094,108.835616,1140.0,1356.086957,1910.0,0.0,1.73913,20.0,48.913043,0.130435,0.956522,1.086957,4.695652,0.130435,0.608696,0.521739,21,0.913043,1140.0,49.027397
50,4212,KMeans-init-NSGA2,v29_hpp_cost_front_boost_fast,REPORT,100.0,22,4643221332219.653,5.9013,100,49.479452,76.873238,108.712329,1140.0,1281.363636,1580.0,0.0,0.0,0.0,49.090909,0.409091,0.5,0.909091,4.772727,0.227273,0.5,0.5,22,1.0,1140.0,49.479452
50,4213,KMeans-init-NSGA2,v29_hpp_cost_front_boost_fast,REPORT,100.0,14,4648657109960.748,6.131797,100,48.369863,77.101735,108.835616,1140.0,1318.571429,1740.0,0.0,0.0,0.0,49.714286,0.142857,0.142857,0.285714,4.857143,0.071429,0.142857,0.785714,14,1.0,1140.0,48.369863
50,4214,KMeans-init-NSGA2,v29_hpp_cost_front_boost_fast,REPORT,100.0,24,4645983286644.508,4.753996,100,48.90411,74.334181,108.712329,1140.0,1314.166667,1650.0,0.0,0.0,0.0,49.125,0.5,0.375,0.875,4.583333,0.5,0.25,0.291667,24,1.0,1140.0,48.90411
50,4215,KMeans-init-NSGA2,v29_hpp_cost_front_boost_fast,REPORT,100.0,22,4648350766820.707,6.316731,100,48.410959,72.8058,108.712329,1140.0,1370.909091,1730.0,0.0,0.0,0.0,49.045455,0.136364,0.818182,0.954545,4.590909,0.136364,0.590909,0.590909,22,1.0,1140.0,48.410959
50,4216,KMeans-init-NSGA2,v29_hpp_cost_front_boost_fast,REPORT,100.0,21,4707982631823.984,5.799463,100,35.90411,76.490867,108.547945,1140.0,1371.428571,2360.0,0.0,0.0,0.0,49.714286,0.142857,0.142857,0.285714,4.809524,0.142857,0.142857,0.761905,21,1.0,1140.0,35.90411
50,4217,KMeans-init-NSGA2,v29_hpp_cost_front_boost_fast,REPORT,100.0,27,4639602947396.549,6.560709,100,50.09589,76.019533,99.336178,1140.0,1378.888889,2120.0,0.0,0.0,0.0,49.296296,0.222222,0.481481,0.703704,4.703704,0.222222,0.481481,0.444444,27,1.0,1140.0,50.09589
50,4218,KMeans-init-NSGA2,v29_hpp_cost_front_boost_fast,REPORT,100.0,14,4643301926041.029,5.307227,100,49.438356,76.450293,108.917808,1140.0,1335.0,1640.0,0.0,0.0,0.0,49.571429,0.142857,0.285714,0.428571,4.857143,0.142857,0.214286,0.714286,14,1.0,1140.0,49.438356
50,4219,KMeans-init-NSGA2,v29_hpp_cost_front_boost_fast,REPORT,100.0,20,4646446037930.736,4.944888,100,48.821918,80.555638,108.712329,1140.0,1272.5,1480.0,0.0,0.0,0.0,49.9,0.05,0.05,0.1,5.1,0.05,0.05,0.9,20,1.0,1140.0,48.821918
50,4220,KMeans-init-NSGA2,v29_hpp_cost_front_boost_fast,REPORT,100.0,28,4650748515146.196,4.887527,100,48.287671,82.399333,127.60274,1120.0,1286.785714,1650.0,0.0,0.0,0.0,49.821429,0.0,0.178571,0.178571,5.285714,0.0,0.178571,0.821429,28,1.0,1120.0,48.287671
50,4221,KMeans-init-NSGA2,v29_hpp_cost_front_boost_fast,REPORT,100.0,11,4642987443093.139,5.688474,100,49.479452,71.109056,108.712329,1140.0,1427.272727,1800.0,0.0,0.0,0.0,49.727273,0.090909,0.181818,0.272727,4.454545,0.090909,0.090909,0.818182,11,1.0,1140.0,49.479452
50,4222,KMeans-init-NSGA2,v29_hpp_cost_front_boost_fast,REPORT,100.0,26,4647546347931.24,5.826381,100,48.780822,78.545626,115.29871,1130.0,1316.923077,1940.0,0.0,0.0,0.0,49.307692,0.153846,0.538462,0.692308,4.961538,0.115385,0.461538,0.576923,26,1.0,1130.0,48.780822
50,4223,KMeans-init-NSGA2,v29_hpp_cost_front_boost_fast,REPORT,100.0,21,4646404599574.572,5.576259,100,48.821918,78.675297,108.753425,1140.0,1307.142857,1650.0,0.0,0.0,0.0,49.761905,0.047619,0.190476,0.238095,4.952381,0.047619,0.190476,0.809524,21,1.0,1140.0,48.821918
50,4224,KMeans-init-NSGA2,v29_hpp_cost_front_boost_fast,REPORT,100.0,17,4646568562735.237,5.066589,100,48.90411,81.62456,124.260274,1130.0,1342.941176,1940.0,0.0,5.882353,100.0,49.823529,0.058824,0.117647,0.176471,5.176471,0.058824,0.117647,0.823529,16,0.941176,1130.0,48.90411
50,4225,KMeans-init-NSGA2,v29_hpp_cost_front_boost_fast,REPORT,100.0,25,4646350499852.299,5.030917,100,48.90411,79.589763,124.465753,1130.0,1325.2,2120.0,0.0,0.0,0.0,49.52,0.08,0.4,0.48,5.08,0.08,0.36,0.64,25,1.0,1130.0,48.90411
50,4226,KMeans-init-NSGA2,v29_hpp_cost_front_boost_fast,REPORT,100.0,22,4646460111743.239,4.801485,100,48.821918,80.036017,108.835616,1140.0,1294.090909,1430.0,0.0,0.0,0.0,49.772727,0.181818,0.045455,0.227273,5.090909,0.090909,0.045455,0.909091,22,1.0,1140.0,48.821918
50,4227,KMeans-init-NSGA2,v29_hpp_cost_front_boost_fast,REPORT,100.0,15,4645809899147.727,5.449997,100,49.109589,76.095844,115.253987,1130.0,1342.666667,1680.0,0.0,0.0,0.0,48.266667,0.666667,1.066667,1.733333,4.533333,0.6,0.733333,0.133333,15,1.0,1130.0,49.109589
50,4228,KMeans-init-NSGA2,v29_hpp_cost_front_boost_fast,REPORT,100.0,23,4645195274827.621,5.304924,100,49.068493,75.477633,108.712329,1140.0,1321.73913,1560.0,0.0,3.478261,80.0,49.608696,0.217391,0.173913,0.391304,4.73913,0.173913,0.130435,0.73913,22,0.956522,1140.0,49.068493
50,4229,KMeans-init-NSGA2,v29_hpp_cost_front_boost_fast,REPORT,100.0,19,4641954223344.733,5.83098,100,49.684932,78.711445,108.917808,1140.0,1316.842105,1710.0,0.0,0.0,0.0,49.263158,0.263158,0.473684,0.736842,4.842105,0.263158,0.421053,0.578947,19,1.0,1140.0,49.684932
50,4230,KMeans-init-NSGA2,v29_hpp_cost_front_boost_fast,REPORT,100.0,16,4578551932693.989,5.007122,100,62.808219,91.383487,108.917808,1140.0,1223.125,1360.0,0.0,0.0,0.0,49.8125,0.125,0.0625,0.1875,5.8125,0.125,0.0625,0.875,16,1.0,1140.0,62.808219
50,4201,MOPSO,v29_hpp_cost_front_boost_fast,REPORT,100.0,77,4604506301765.576,4.236313,100,57.476103,91.455677,146.270524,1120.0,1480.564765,2584.331109,0.0,2.109305,34.630922,12.753247,16.506494,20.74026,37.246753,7.415584,3.0,7.090909,0.0,70,0.909091,1120.0,57.678988
50,4202,MOPSO,v29_hpp_cost_front_boost_fast,REPORT,100.0,64,4525056576017.795,4.127349,96,73.88996,104.76248,164.327921,1120.0,1497.361937,2759.954807,0.0,3.51885,75.355339,10.984375,14.34375,24.671875,39.015625,8.0,2.921875,7.8125,0.0,59,0.921875,1120.0,73.88996
50,4203,MOPSO,v29_hpp_cost_front_boost_fast,REPORT,100.0,65,4525522107576.63,4.260448,100,73.841906,100.11633,128.851889,1130.0,1296.226438,2358.424465,0.0,7.455235,48.45903,16.784615,13.076923,20.138462,33.215385,7.784615,2.646154,7.384615,0.0,55,0.846154,1130.0,73.841906
50,4204,MOPSO,v29_hpp_cost_front_boost_fast,REPORT,100.0,76,4520500791243.549,4.317803,100,74.9887,107.307988,148.010401,1120.0,1424.42211,2371.362723,0.0,9.805756,91.213203,15.302632,13.236842,21.460526,34.697368,7.565789,3.0,7.013158,0.0,61,0.802632,1120.0,75.212215
50,4205,MOPSO,v29_hpp_cost_front_boost_fast,REPORT,100.0,73,4601991594535.425,4.244786,100,57.749698,89.987174,147.906407,1129.790956,1562.837548,2689.23159,0.0,3.77369,39.354191,13.260274,16.479452,20.260274,36.739726,7.972603,3.0,7.630137,0.0,66,0.90411,1129.790956,58.358071
50,4206,MOPSO,v29_hpp_cost_front_boost_fast,REPORT,100.0,68,4526242492194.223,4.487296,100,73.62606,97.9649,145.335203,1130.0,1345.108705,2174.320111,0.0,2.875338,29.019239,13.235294,14.426471,22.338235,36.764706,8.0,3.0,7.735294,0.0,60,0.882353,1130.0,74.583624
50,4207,MOPSO,v29_hpp_cost_front_boost_fast,REPORT,100.0,49,4505196955358.192,4.181265,100,77.474003,107.864788,144.436844,1140.0,1379.099689,2866.321449,0.0,2.958892,54.209028,12.22449,14.632653,23.142857,37.77551,7.897959,3.0,7.612245,0.0,37,0.755102,1140.0,77.474003
50,4208,MOPSO,v29_hpp_cost_front_boost_fast,REPORT,100.0,84,4514482564742.375,4.409726,100,75.872072,104.879284,147.06035,1130.0,1553.855588,2948.248904,0.0,4.878303,53.656149,14.630952,15.52381,19.845238,35.369048,7.845238,2.988095,7.392857,0.0,75,0.892857,1130.0,75.872072
50,4209,MOPSO,v29_hpp_cost_front_boost_fast,REPORT,100.0,71,4521266801287.224,4.160968,100,74.813284,96.675572,148.755031,1120.0,1425.023136,1987.779383,0.0,1.573351,56.4399,12.140845,15.352113,22.507042,37.859155,7.985915,3.0,7.915493,0.0,67,0.943662,1120.0,74.813284
50,4210,MOPSO,v29_hpp_cost_front_boost_fast,REPORT,100.0,84,4517965480723.434,4.331485,100,75.329147,105.011697,145.137305,1130.0,1375.063191,2361.924847,0.0,3.491676,95.043686,13.047619,14.488095,22.464286,36.952381,7.940476,3.0,7.72619,0.0,79,0.940476,1130.0,75.329147
50,4211,MOPSO,v29_hpp_cost_front_boost_fast,REPORT,100.0,92,4522621887532.744,4.232734,100,74.116683,98.875779,161.958866,1140.0,1402.546818,2520.290316,0.0,0.898329,50.0,12.521739,15.717391,21.76087,37.478261,7.869565,3.0,7.717391,0.0,89,0.967391,1140.0,74.891789
50,4212,MOPSO,v29_hpp_cost_front_boost_fast,REPORT,100.0,57,4599183181897.387,4.214755,100,58.137371,95.375323,165.779091,1120.0,1595.460567,2907.080169,0.0,5.556627,64.961182,12.561404,16.210526,21.22807,37.438596,7.561404,3.0,6.859649,0.0,50,0.877193,1120.0,73.679615
50,4213,MOPSO,v29_hpp_cost_front_boost_fast,REPORT,100.0,71,4448642171509.502,3.838807,89,89.768382,106.762029,146.269232,1120.0,1371.563216,2446.723494,0.0,5.830507,69.409591,15.098592,14.802817,20.098592,34.901408,7.84507,2.985915,7.577465,0.0,64,0.901408,1120.0,89.768382
50,4214,MOPSO,v29_hpp_cost_front_boost_fast,REPORT,100.0,86,4527060987158.446,4.243187,100,72.754433,102.433451,145.172013,1160.0,1496.685021,2470.9249,0.0,5.247898,75.979611,14.593023,15.616279,19.790698,35.406977,7.662791,3.0,7.244186,0.0,79,0.918605,1160.0,72.754433
50,4215,MOPSO,v29_hpp_cost_front_boost_fast,REPORT,100.0,74,4523210789815.504,4.349035,100,74.131716,99.807129,127.490776,1130.0,1401.456536,2370.684174,0.0,4.063295,72.675491,13.783784,13.486486,22.72973,36.216216,7.945946,2.851351,7.918919,0.0,67,0.905405,1130.0,74.611335
50,4216,MOPSO,v29_hpp_cost_front_boost_fast,REPORT,100.0,68,4438769864808.093,4.004019,81,91.251718,113.933128,161.87677,1146.930422,1370.63667,2170.0,0.0,1.090326,74.142136,13.779412,14.676471,21.544118,36.220588,7.941176,3.0,7.191176,0.0,67,0.985294,1146.930422,91.251718
50,4217,MOPSO,v29_hpp_cost_front_boost_fast,REPORT,100.0,77,4520244673489.29,4.200644,100,74.874678,109.443208,147.286174,1120.0,1368.133693,2403.990885,0.0,2.483773,50.42081,12.116883,15.441558,22.441558,37.883117,7.831169,2.987013,7.571429,0.0,70,0.909091,1120.0,75.241001
50,4218,MOPSO,v29_hpp_cost_front_boost_fast,REPORT,100.0,81,4516451954341.542,2.993814,69,75.552488,110.457561,162.613497,1120.0,1486.976379,2780.935867,0.0,0.882913,49.513231,15.419753,14.407407,20.17284,34.580247,7.802469,2.962963,7.17284,0.0,79,0.975309,1120.0,75.552488
50,4219,MOPSO,v29_hpp_cost_front_boost_fast,REPORT,100.0,85,4524351882363.16,4.494582,100,73.842723,94.548733,159.075936,1140.0,1614.187029,2619.975886,0.0,1.91392,90.739282,13.435294,15.517647,21.047059,36.564706,7.894118,3.0,7.8,0.0,82,0.964706,1140.0,73.842723
50,4220,MOPSO,v29_hpp_cost_front_boost_fast,REPORT,100.0,82,4596631565572.767,4.270945,100,59.028825,107.186169,163.870508,1110.0,1464.953615,2741.914065,0.0,4.625673,79.815969,12.414634,15.512195,22.073171,37.585366,7.939024,3.0,7.536585,0.0,75,0.914634,1110.0,59.028825
50,4221,MOPSO,v29_hpp_cost_front_boost_fast,REPORT,100.0,98,4599981191012.883,4.166471,100,58.505326,95.62217,128.062447,1120.0,1473.089295,2916.909612,0.0,5.824343,100.0,13.081633,15.336735,21.581633,36.918367,7.908163,3.0,7.326531,0.0,92,0.938776,1120.0,58.505326
50,4222,MOPSO,v29_hpp_cost_front_boost_fast,REPORT,100.0,67,4522992451955.849,4.332384,100,73.981482,109.633951,164.922213,1133.130894,1426.109421,2156.187692,0.0,3.330055,65.355339,13.0,15.537313,21.462687,37.0,7.985075,3.0,7.567164,0.0,63,0.940299,1133.130894,73.981482
50,4223,MOPSO,v29_hpp_cost_front_boost_fast,REPORT,100.0,80,4523192031594.584,4.186564,100,74.263318,104.02956,146.066572,1130.0,1320.785638,2039.916726,0.0,1.535351,29.45701,15.3125,15.45,19.2375,34.6875,7.7,3.0,7.15,0.0,75,0.9375,1130.0,74.263318
50,4224,MOPSO,v29_hpp_cost_front_boost_fast,REPORT,100.0,85,4449040434908.183,3.802193,90,89.446714,113.919225,160.876713,1130.0,1306.561102,1686.364805,0.0,0.405674,34.482327,14.952941,12.694118,22.352941,35.047059,8.0,3.0,7.658824,0.0,84,0.988235,1130.0,89.446714
50,4225,MOPSO,v29_hpp_cost_front_boost_fast,REPORT,100.0,53,4527126068773.773,4.225423,100,73.536528,97.541051,163.077309,1120.0,1603.879515,2730.083021,0.0,30.781073,100.0,13.188679,13.45283,23.358491,36.811321,7.811321,2.867925,7.641509,0.0,33,0.622642,1120.0,74.781202
50,4226,MOPSO,v29_hpp_cost_front_boost_fast,REPORT,100.0,89,4609559317160.141,4.194876,100,56.300139,92.373562,142.402045,1130.0,1402.591996,2184.751735,0.0,0.131574,5.855054,17.134831,14.741573,18.123596,32.865169,7.786517,3.0,7.224719,0.0,87,0.977528,1130.0,56.300139
50,4227,MOPSO,v29_hpp_cost_front_boost_fast,REPORT,100.0,77,4517379646512.503,4.149565,100,75.020288,96.457638,159.364796,1146.39085,1505.926439,2143.860553,0.0,8.109276,93.124275,12.636364,15.805195,21.558442,37.363636,7.701299,3.0,7.597403,0.0,66,0.857143,1146.39085,75.020288
50,4228,MOPSO,v29_hpp_cost_front_boost_fast,REPORT,100.0,83,4495541434907.7,4.286691,100,79.743416,106.707599,144.350393,1130.0,1380.819905,3475.928923,0.0,12.533759,90.498466,14.915663,13.554217,21.53012,35.084337,7.831325,3.0,7.204819,0.0,67,0.807229,1130.0,79.743416
50,4229,MOPSO,v29_hpp_cost_front_boost_fast,REPORT,100.0,93,4524076228837.489,4.175637,100,74.222588,103.58128,126.465523,1120.0,1417.488598,2999.543738,0.0,0.767635,71.390045,13.569892,15.107527,21.322581,36.430108,7.72043,3.0,7.204301,0.0,92,0.989247,1120.0,74.222588
50,4230,MOPSO,v29_hpp_cost_front_boost_fast,REPORT,100.0,84,4590700968468.246,4.569534,100,60.186887,111.917786,145.598563,1120.0,1362.659741,2169.591795,0.0,10.312886,97.925947,13.178571,14.797619,22.02381,36.821429,7.97619,3.0,7.761905,0.0,69,0.821429,1120.0,60.186887
50,4201,Trad-NSGA2,v29_hpp_cost_front_boost_fast,REPORT,100.0,60,4629413503249.206,6.049587,100,52.525906,63.730576,108.548503,1130.0,1688.297038,2814.896625,0.0,1.318825,79.129482,17.866667,12.266667,19.866667,32.133333,7.316667,3.0,7.316667,0.0,59,0.983333,1130.0,52.525906
50,4202,Trad-NSGA2,v29_hpp_cost_front_boost_fast,REPORT,100.0,25,4621442666640.791,5.674808,100,54.464712,73.105928,127.60797,1110.0,1591.676451,2633.097497,0.0,2.313774,57.844357,17.0,15.2,17.8,33.0,7.44,3.0,7.2,0.0,24,0.96,1110.0,54.489397
50,4203,Trad-NSGA2,v29_hpp_cost_front_boost_fast,REPORT,100.0,21,4620922252844.966,5.728367,100,54.616197,69.916308,108.356894,1110.0,1454.841219,2138.417113,0.0,0.0,0.0,14.904762,14.047619,21.047619,35.095238,6.238095,3.0,6.190476,0.0,21,1.0,1110.0,54.616197
50,4204,Trad-NSGA2,v29_hpp_cost_front_boost_fast,REPORT,100.0,14,4617010925434.789,5.446764,100,54.865522,66.742795,90.256343,1140.0,1449.3901,1820.0,0.0,0.0,0.0,17.714286,14.428571,17.857143,32.285714,6.357143,2.928571,6.357143,0.0,14,1.0,1140.0,54.865522
50,4205,Trad-NSGA2,v29_hpp_cost_front_boost_fast,REPORT,100.0,48,4637411309616.909,5.768615,100,51.001703,66.356191,109.215796,1120.0,1578.715716,2679.374094,0.0,20.833333,100.0,19.3125,14.0625,16.625,30.6875,5.895833,2.979167,5.8125,0.0,38,0.791667,1120.0,51.001703
50,4206,Trad-NSGA2,v29_hpp_cost_front_boost_fast,REPORT,100.0,26,4619467139324.518,5.934355,100,54.82592,69.811986,126.428686,1110.0,1760.812269,2763.423924,0.0,5.376372,72.810582,16.5,12.961538,20.538462,33.5,6.5,3.0,6.269231,0.0,24,0.923077,1110.0,54.82592
50,4207,Trad-NSGA2,v29_hpp_cost_front_boost_fast,REPORT,100.0,15,4622564723448.615,5.928452,100,54.154657,76.404747,138.834814,1120.0,1284.42998,1436.647688,0.0,0.0,0.0,17.0,13.933333,19.066667,33.0,6.866667,3.0,6.6,0.0,15,1.0,1120.0,54.154657
50,4208,Trad-NSGA2,v29_hpp_cost_front_boost_fast,REPORT,100.0,12,4637552327171.511,5.898373,100,51.135251,80.738898,145.329349,1110.0,1374.821126,1749.640141,0.0,0.0,0.0,16.0,11.666667,22.333333,34.0,6.916667,2.5,6.75,0.0,12,1.0,1110.0,51.135251
50,4209,Trad-NSGA2,v29_hpp_cost_front_boost_fast,REPORT,100.0,17,4622293635029.976,5.675294,100,54.330704,79.332075,144.078991,1110.0,1406.150602,2439.978188,0.0,0.0,0.0,13.882353,14.0,22.117647,36.117647,7.705882,2.941176,7.588235,0.0,17,1.0,1110.0,54.330704
50,4210,Trad-NSGA2,v29_hpp_cost_front_boost_fast,REPORT,100.0,25,4620033833583.076,6.005841,100,54.589276,76.728984,127.205206,1110.0,1733.974762,2833.305931,0.0,11.02113,80.247801,15.72,10.92,23.36,34.28,7.04,2.92,6.88,0.0,19,0.76,1110.0,54.589276
50,4211,Trad-NSGA2,v29_hpp_cost_front_boost_fast,REPORT,100.0,18,4615505077915.194,5.480492,100,55.670662,74.128498,145.339027,1110.0,1676.029217,2751.472256,0.0,3.538351,63.690324,15.444444,17.833333,16.722222,34.555556,5.777778,3.0,5.444444,0.0,17,0.944444,1110.0,55.670662
50,4212,Trad-NSGA2,v29_hpp_cost_front_boost_fast,REPORT,100.0,10,4614616354548.61,5.760312,100,55.298167,83.356906,108.70903,1140.0,1320.463306,1866.070388,0.0,0.0,0.0,12.4,15.7,21.9,37.6,7.5,3.0,7.2,0.0,10,1.0,1140.0,55.298167
50,4213,Trad-NSGA2,v29_hpp_cost_front_boost_fast,REPORT,100.0,21,4621958745287.7,5.750793,100,54.264059,76.918856,125.676664,1120.0,1318.096732,1709.516785,0.0,0.0,0.0,18.333333,12.142857,19.52381,31.666667,6.190476,3.0,5.857143,0.0,21,1.0,1120.0,54.264059
50,4214,Trad-NSGA2,v29_hpp_cost_front_boost_fast,REPORT,100.0,32,4632906148252.498,6.068333,100,51.938812,75.674983,145.105147,1110.0,1776.493861,3935.451485,0.0,9.553879,70.839902,18.1875,12.65625,19.15625,31.8125,6.6875,2.59375,6.53125,0.0,26,0.8125,1110.0,52.284891
50,4215,Trad-NSGA2,v29_hpp_cost_front_boost_fast,REPORT,100.0,20,4644680292935.714,6.195125,100,49.768921,68.953866,105.076628,1110.0,1332.399089,1531.617073,0.0,0.0,0.0,18.8,9.9,21.3,31.2,6.3,2.15,6.25,0.0,20,1.0,1110.0,49.768921
50,4216,Trad-NSGA2,v29_hpp_cost_front_boost_fast,REPORT,100.0,25,4622905313424.188,5.79215,100,53.966969,64.946423,127.124268,1120.0,1746.182378,2321.099127,0.0,9.801375,65.900433,15.44,15.68,18.88,34.56,6.68,3.0,6.6,0.0,20,0.8,1120.0,54.574666
50,4217,Trad-NSGA2,v29_hpp_cost_front_boost_fast,REPORT,100.0,29,4625011800797.907,5.892589,100,53.28928,68.374734,108.696653,1130.0,1640.744606,2372.349796,0.0,10.737635,89.081377,11.793103,14.758621,23.448276,38.206897,7.448276,2.586207,7.448276,0.0,22,0.758621,1130.0,53.383715
50,4218,Trad-NSGA2,v29_hpp_cost_front_boost_fast,REPORT,100.0,23,4541825283978.788,6.022985,100,70.624621,72.700068,89.821089,1130.0,1326.963412,2317.861313,0.0,0.0,0.0,18.695652,11.043478,20.26087,31.304348,6.347826,3.0,6.347826,0.0,23,1.0,1130.0,70.624621
50,4219,Trad-NSGA2,v29_hpp_cost_front_boost_fast,REPORT,100.0,28,4631957083464.333,5.670017,100,52.395894,67.637857,108.318479,1110.0,1412.302214,2178.554378,0.0,0.0,0.0,19.142857,12.107143,18.75,30.857143,6.214286,3.0,6.035714,0.0,28,1.0,1110.0,52.395894
50,4220,Trad-NSGA2,v29_hpp_cost_front_boost_fast,REPORT,100.0,20,4555664039080.195,6.013728,100,68.108424,89.774247,109.734785,1110.0,1212.026034,1482.131449,0.0,1.562593,15.62593,16.6,6.95,26.45,33.4,7.2,2.1,7.15,0.0,18,0.9,1110.0,68.108424
50,4221,Trad-NSGA2,v29_hpp_cost_front_boost_fast,REPORT,100.0,28,4570784289395.361,5.959833,100,64.897611,81.174091,127.811328,1110.0,1488.048258,2330.715809,0.0,15.526671,88.177914,17.321429,5.785714,26.892857,32.678571,7.571429,1.25,7.392857,0.0,18,0.642857,1110.0,65.235993
50,4222,Trad-NSGA2,v29_hpp_cost_front_boost_fast,REPORT,100.0,22,4633816744183.839,5.909464,100,51.699078,83.174091,130.182574,1120.0,1415.486022,2030.766332,0.0,6.56141,94.714511,14.909091,12.409091,22.681818,35.090909,7.0,2.727273,7.0,0.0,19,0.863636,1120.0,51.699078
50,4223,Trad-NSGA2,v29_hpp_cost_front_boost_fast,REPORT,100.0,25,4620989349031.83,5.865961,100,53.922165,72.127248,108.516837,1140.0,1620.99407,2313.599362,0.0,9.089242,79.077017,13.84,12.88,23.28,36.16,7.8,3.0,7.12,0.0,22,0.88,1140.0,54.789111
50,4224,Trad-NSGA2,v29_hpp_cost_front_boost_fast,REPORT,100.0,12,4617446718349.185,5.611941,100,55.308626,79.931415,128.539488,1110.0,1424.55682,2361.016942,0.0,0.0,0.0,19.166667,14.916667,15.916667,30.833333,4.666667,3.0,4.333333,0.0,12,1.0,1110.0,55.308626
50,4225,Trad-NSGA2,v29_hpp_cost_front_boost_fast,REPORT,100.0,15,4633058633430.561,5.862942,100,51.659602,80.385977,108.196774,1130.0,1369.151458,1760.0,0.0,0.323732,4.85598,16.8,12.733333,20.466667,33.2,7.0,2.733333,6.866667,0.0,14,0.933333,1130.0,51.659602
50,4226,Trad-NSGA2,v29_hpp_cost_front_boost_fast,REPORT,100.0,25,4634028786424.937,5.823326,100,51.524693,61.228981,108.17959,1120.0,1907.869467,2588.700967,0.0,16.233127,71.743833,16.28,12.0,21.72,33.72,6.36,2.28,6.36,0.0,18,0.72,1120.0,51.531168
50,4227,Trad-NSGA2,v29_hpp_cost_front_boost_fast,REPORT,100.0,9,4627152305429.388,5.974013,100,53.430302,90.462513,124.387294,1110.0,1173.950801,1350.0,0.0,0.957268,8.615415,18.777778,12.333333,18.888889,31.222222,7.111111,3.0,6.666667,0.0,8,0.888889,1110.0,53.430302
50,4228,Trad-NSGA2,v29_hpp_cost_front_boost_fast,REPORT,100.0,32,4621982742570.339,6.004786,100,54.23646,67.074306,124.649651,1120.0,1621.201987,2840.247857,0.0,11.883669,81.867393,17.40625,14.3125,18.28125,32.59375,6.125,2.96875,6.125,0.0,25,0.78125,1120.0,55.168154
50,4229,Trad-NSGA2,v29_hpp_cost_front_boost_fast,REPORT,100.0,25,4639747642853.836,5.924929,100,50.399714,67.344402,127.176547,1120.0,1809.039791,2871.085955,0.0,5.356342,98.677219,15.36,10.52,24.12,34.64,6.84,2.56,6.84,0.0,22,0.88,1120.0,50.399714
50,4230,Trad-NSGA2,v29_hpp_cost_front_boost_fast,REPORT,100.0,19,4632754687154.117,5.609386,100,52.306884,69.8882,122.89521,1110.0,1249.344218,1526.693559,0.0,3.729097,35.426419,18.526316,13.473684,18.0,31.473684,6.578947,2.947368,6.526316,0.0,17,0.894737,1110.0,52.306884
100,4201,HPP-init-NSGA2,v29_hpp_cost_front_boost_fast,REPORT,100.0,23,4405659964329.712,18.514822,100,89.986301,128.238222,191.835616,1550.0,2174.782609,3930.0,0.0,0.0,0.0,98.304348,0.0,1.695652,1.695652,7.478261,0.0,0.869565,0.434783,23,1.0,1550.0,89.986301
100,4202,HPP-init-NSGA2,v29_hpp_cost_front_boost_fast,REPORT,100.0,13,4401486772366.307,15.578271,100,90.728175,124.789228,175.945205,1570.0,1886.436665,2520.0,0.0,0.0,0.0,93.538462,0.0,6.461538,6.461538,7.153846,0.0,1.615385,0.153846,13,1.0,1570.0,90.728175
100,4203,HPP-init-NSGA2,v29_hpp_cost_front_boost_fast,REPORT,100.0,23,4420208941385.546,17.502826,100,87.027397,131.239418,213.90411,1550.0,1886.086957,2270.0,0.0,0.0,0.0,97.347826,0.478261,2.173913,2.652174,7.782609,0.304348,1.565217,0.086957,23,1.0,1550.0,87.027397
100,4204,HPP-init-NSGA2,v29_hpp_cost_front_boost_fast,REPORT,100.0,13,4404150068719.774,14.703671,100,90.191781,131.16542,198.356164,1560.0,1834.615385,2910.0,0.0,0.0,0.0,98.384615,0.0,1.615385,1.615385,8.076923,0.0,1.384615,0.307692,13,1.0,1560.0,90.191781
100,4205,HPP-init-NSGA2,v29_hpp_cost_front_boost_fast,REPORT,100.0,16,4340870408259.4336,16.267559,100,103.273973,130.550685,186.986301,1570.0,1946.875,2390.0,0.0,0.0,0.0,99.1875,0.125,0.6875,0.8125,7.6875,0.125,0.5,0.625,16,1.0,1570.0,103.273973
100,4206,HPP-init-NSGA2,v29_hpp_cost_front_boost_fast,REPORT,100.0,23,4421518152876.625,15.617749,100,86.986301,124.909557,176.277487,1540.0,1936.956522,2420.0,0.0,0.0,0.0,96.782609,0.130435,3.086957,3.217391,7.478261,0.130435,2.130435,0.304348,23,1.0,1540.0,86.986301
100,4207,HPP-init-NSGA2,v29_hpp_cost_front_boost_fast,REPORT,100.0,18,4418071715455.681,16.202449,100,87.438356,126.827661,182.09589,1560.0,1851.111111,2270.0,0.0,0.0,0.0,98.055556,0.222222,1.722222,1.944444,7.388889,0.222222,0.944444,0.388889,18,1.0,1560.0,87.438356
100,4208,HPP-init-NSGA2,v29_hpp_cost_front_boost_fast,REPORT,100.0,12,4378600501787.772,17.570738,100,95.164384,123.293466,172.260274,1570.0,2252.5,3370.0,0.0,0.0,0.0,96.333333,0.166667,3.5,3.666667,7.166667,0.166667,1.833333,0.166667,12,1.0,1570.0,95.164384
100,4209,HPP-init-NSGA2,v29_hpp_cost_front_boost_fast,REPORT,100.0,19,4411362630431.09,16.624242,100,88.712329,136.368938,218.288752,1550.0,1911.578947,2980.0,0.0,0.0,0.0,96.105263,0.105263,3.789474,3.894737,7.842105,0.105263,1.947368,0.105263,19,1.0,1550.0,88.712329
100,4210,HPP-init-NSGA2,v29_hpp_cost_front_boost_fast,REPORT,100.0,21,4465430055387.409,20.525133,100,77.479452,112.627907,171.88737,1550.0,2235.714286,3880.0,0.0,2.380952,50.0,97.904762,0.428571,1.666667,2.095238,6.571429,0.285714,0.761905,0.333333,20,0.952381,1550.0,77.726027
100,4211,HPP-init-NSGA2,v29_hpp_cost_front_boost_fast,REPORT,100.0,21,4411146263526.23,16.09786,100,88.753425,124.870443,196.290467,1560.0,2096.190476,3300.0,0.0,0.0,0.0,99.095238,0.0,0.904762,0.904762,7.428571,0.0,0.52381,0.52381,21,1.0,1560.0,88.753425
100,4212,HPP-init-NSGA2,v29_hpp_cost_front_boost_fast,REPORT,100.0,13,4405428188109.548,19.282857,100,89.863014,107.377876,154.781902,1560.0,2508.461538,3760.0,0.0,0.0,0.0,97.538462,0.769231,1.692308,2.461538,6.0,0.307692,1.076923,0.230769,13,1.0,1560.0,89.863014
100,4213,HPP-init-NSGA2,v29_hpp_cost_front_boost_fast,REPORT,100.0,21,4350289602160.2393,13.815178,100,101.753425,137.31637,193.620703,1540.0,1909.047619,2280.0,0.0,0.0,0.0,97.095238,0.809524,2.095238,2.904762,8.0,0.285714,1.761905,0.095238,21,1.0,1540.0,101.753425
100,4214,HPP-init-NSGA2,v29_hpp_cost_front_boost_fast,REPORT,100.0,17,4416693929788.169,16.662702,100,87.60274,130.418057,192.034808,1560.0,1885.882353,2470.0,0.0,0.0,0.0,98.117647,0.294118,1.588235,1.882353,7.588235,0.294118,1.352941,0.352941,17,1.0,1560.0,87.60274
100,4215,HPP-init-NSGA2,v29_hpp_cost_front_boost_fast,REPORT,100.0,22,4414135589165.705,15.951724,100,88.547945,125.134704,210.34523,1530.0,1984.090909,3250.0,0.0,0.0,0.0,95.136364,0.5,4.363636,4.863636,7.454545,0.272727,1.272727,0.272727,22,1.0,1530.0,88.547945
100,4216,HPP-init-NSGA2,v29_hpp_cost_front_boost_fast,REPORT,100.0,16,4396117065296.431,18.327866,100,91.794521,121.544776,198.452055,1550.0,2255.381587,3140.0,0.0,0.0,0.0,97.75,0.0625,2.1875,2.25,7.0,0.0625,0.75,0.5,16,1.0,1550.0,91.794521
100,4217,HPP-init-NSGA2,v29_hpp_cost_front_boost_fast,REPORT,100.0,9,4342949808041.248,17.263256,100,103.273973,128.553031,188.0,1550.0,1881.111111,2180.0,0.0,0.0,0.0,98.444444,0.444444,1.111111,1.555556,7.555556,0.333333,0.888889,0.555556,9,1.0,1550.0,103.273973
100,4218,HPP-init-NSGA2,v29_hpp_cost_front_boost_fast,REPORT,100.0,22,4402120373732.4,19.915873,100,90.356164,119.2656,187.69863,1550.0,2410.909091,3350.0,0.0,0.0,0.0,96.954545,0.136364,2.909091,3.045455,6.681818,0.136364,1.272727,0.227273,22,1.0,1550.0,90.356164
100,4219,HPP-init-NSGA2,v29_hpp_cost_front_boost_fast,REPORT,100.0,19,4412513794052.082,19.135888,100,88.260274,120.493218,157.520548,1570.0,2045.263158,2650.0,0.0,0.0,0.0,98.473684,0.052632,1.473684,1.526316,7.052632,0.052632,1.0,0.368421,19,1.0,1570.0,88.260274
100,4220,HPP-init-NSGA2,v29_hpp_cost_front_boost_fast,REPORT,100.0,15,4402175451568.256,18.465735,100,90.315068,126.955836,168.566585,1570.0,1990.666667,2550.0,0.0,0.0,0.0,96.866667,0.4,2.733333,3.133333,7.266667,0.133333,1.2,0.333333,15,1.0,1570.0,90.315068
100,4221,HPP-init-NSGA2,v29_hpp_cost_front_boost_fast,REPORT,100.0,19,4416269698546.027,18.956624,100,87.561644,124.14854,182.66033,1570.0,1924.736842,2350.0,0.0,0.0,0.0,98.105263,0.105263,1.789474,1.894737,7.210526,0.105263,1.526316,0.210526,19,1.0,1570.0,87.561644
100,4222,HPP-init-NSGA2,v29_hpp_cost_front_boost_fast,REPORT,100.0,18,4377532514895.688,17.699211,100,95.883906,140.477183,207.397566,1540.0,1954.444444,4030.0,0.0,0.0,0.0,95.722222,0.0,4.277778,4.277778,8.388889,0.0,1.722222,0.277778,18,1.0,1540.0,95.883906
100,4223,HPP-init-NSGA2,v29_hpp_cost_front_boost_fast,REPORT,100.0,22,4408295876596.529,16.620642,100,89.921336,128.939853,223.383562,1540.0,1811.363636,2410.0,0.0,0.0,0.0,95.863636,0.181818,3.954545,4.136364,7.5,0.136364,1.227273,0.045455,22,1.0,1540.0,89.921336
100,4224,HPP-init-NSGA2,v29_hpp_cost_front_boost_fast,REPORT,100.0,17,4415666310476.187,22.001506,100,88.136986,119.936418,162.331608,1550.0,1908.235294,2620.0,0.0,0.0,0.0,95.647059,0.470588,3.882353,4.352941,7.235294,0.352941,2.058824,0.117647,17,1.0,1550.0,88.136986
100,4225,HPP-init-NSGA2,v29_hpp_cost_front_boost_fast,REPORT,100.0,19,4352607220776.418,15.609476,100,101.506849,133.387724,157.02111,1540.0,1773.684211,2080.0,0.0,0.0,0.0,98.263158,0.0,1.736842,1.736842,7.894737,0.0,1.526316,0.052632,19,1.0,1540.0,101.506849
100,4226,HPP-init-NSGA2,v29_hpp_cost_front_boost_fast,REPORT,100.0,17,4420943530404.961,16.159117,100,86.863014,120.859666,192.336777,1560.0,1934.117647,2470.0,0.0,0.0,0.0,96.176471,0.176471,3.647059,3.823529,6.941176,0.117647,1.176471,0.294118,17,1.0,1560.0,86.863014
100,4227,HPP-init-NSGA2,v29_hpp_cost_front_boost_fast,REPORT,100.0,26,4418725687483.074,16.446441,100,87.315068,116.040506,218.164384,1550.0,2125.0,2730.0,0.0,0.0,0.0,98.115385,0.038462,1.846154,1.884615,7.038462,0.038462,1.346154,0.192308,26,1.0,1550.0,87.315068
100,4228,HPP-init-NSGA2,v29_hpp_cost_front_boost_fast,REPORT,100.0,18,4417947599348.813,16.102989,100,87.232877,119.383019,163.782006,1570.0,1930.0,2300.0,0.0,0.0,0.0,98.111111,0.0,1.888889,1.888889,6.944444,0.0,0.944444,0.388889,18,1.0,1570.0,87.232877
100,4229,HPP-init-NSGA2,v29_hpp_cost_front_boost_fast,REPORT,100.0,20,4343749269385.605,16.75089,100,103.027397,131.182478,201.44822,1550.0,1954.0,2490.0,0.0,0.0,0.0,98.95,0.0,1.05,1.05,7.7,0.0,0.75,0.65,20,1.0,1550.0,103.027397
100,4230,HPP-init-NSGA2,v29_hpp_cost_front_boost_fast,REPORT,100.0,20,4397674270228.32,19.690838,100,91.342466,121.826047,157.928734,1570.0,2096.5,2940.0,0.0,0.0,0.0,98.25,0.1,1.65,1.75,7.3,0.1,0.95,0.45,20,1.0,1570.0,91.342466
100,4201,KMeans-init-NSGA2,v29_hpp_cost_front_boost_fast,REPORT,100.0,12,4416579735701.844,8.918475,100,87.931507,131.0186,192.657534,1540.0,1848.333333,2720.0,0.0,0.0,0.0,99.916667,0.083333,0.0,0.083333,7.916667,0.083333,0.0,0.916667,12,1.0,1540.0,87.931507
100,4202,KMeans-init-NSGA2,v29_hpp_cost_front_boost_fast,REPORT,100.0,14,4346461467664.2144,9.883029,100,102.410959,128.38342,195.041096,1550.0,1907.142857,2210.0,0.0,0.0,0.0,99.642857,0.142857,0.214286,0.357143,7.714286,0.142857,0.214286,0.714286,14,1.0,1550.0,102.410959
100,4203,KMeans-init-NSGA2,v29_hpp_cost_front_boost_fast,REPORT,100.0,24,4350393260273.971,7.902508,100,102.164384,149.966895,196.479452,1520.0,1711.666667,2400.0,0.0,0.0,0.0,99.666667,0.208333,0.125,0.333333,9.208333,0.208333,0.125,0.666667,24,1.0,1520.0,102.164384
100,4204,KMeans-init-NSGA2,v29_hpp_cost_front_boost_fast,REPORT,100.0,9,4354867637108.1313,7.436153,100,101.013699,140.935786,195.041096,1540.0,1751.111111,2040.0,0.0,0.0,0.0,99.666667,0.111111,0.222222,0.333333,8.555556,0.111111,0.222222,0.666667,9,1.0,1540.0,101.013699
100,4205,KMeans-init-NSGA2,v29_hpp_cost_front_boost_fast,REPORT,100.0,12,4409112467667.032,6.848703,100,89.86043,147.712642,182.367203,1520.0,1743.333333,2410.0,0.0,0.0,0.0,99.333333,0.333333,0.333333,0.666667,8.833333,0.333333,0.333333,0.416667,12,1.0,1520.0,89.86043
100,4206,KMeans-init-NSGA2,v29_hpp_cost_front_boost_fast,REPORT,100.0,14,4352273796579.169,7.596054,100,101.424658,152.471687,184.613862,1540.0,1748.571429,2950.0,0.0,2.142857,30.0,99.071429,0.357143,0.571429,0.928571,9.142857,0.357143,0.571429,0.357143,13,0.928571,1540.0,102.369863
100,4207,KMeans-init-NSGA2,v29_hpp_cost_front_boost_fast,REPORT,100.0,13,4338248111721.075,11.201401,100,104.342466,142.943556,196.103302,1530.0,1856.153846,2680.0,0.0,0.0,0.0,99.692308,0.230769,0.076923,0.307692,8.615385,0.230769,0.076923,0.692308,13,1.0,1530.0,104.342466
100,4208,KMeans-init-NSGA2,v29_hpp_cost_front_boost_fast,REPORT,100.0,14,4350926504907.042,8.469781,100,101.630137,142.39055,179.597271,1540.0,1826.428571,2400.0,0.0,0.0,0.0,99.857143,0.071429,0.071429,0.142857,8.642857,0.071429,0.071429,0.857143,14,1.0,1540.0,101.630137
100,4209,KMeans-init-NSGA2,v29_hpp_cost_front_boost_fast,REPORT,100.0,13,4350574392639.035,8.645623,100,101.506849,124.449107,177.273973,1550.0,2104.615385,2720.0,0.0,3.076923,20.0,99.846154,0.076923,0.076923,0.153846,7.538462,0.076923,0.076923,0.846154,11,0.846154,1550.0,101.506849
100,4210,KMeans-init-NSGA2,v29_hpp_cost_front_boost_fast,REPORT,100.0,19,4353574945205.479,8.765039,100,101.178082,132.018745,193.191781,1540.0,1890.0,2310.0,0.0,0.0,0.0,100.0,0.0,0.0,0.0,8.0,0.0,0.0,1.0,19,1.0,1540.0,101.178082
100,4211,KMeans-init-NSGA2,v29_hpp_cost_front_boost_fast,REPORT,100.0,24,4350944844578.6416,7.203963,100,102.123288,136.861191,210.589041,1520.0,1810.833333,2210.0,0.0,0.0,0.0,99.541667,0.125,0.333333,0.458333,8.25,0.125,0.291667,0.666667,24,1.0,1520.0,102.123288
100,4212,KMeans-init-NSGA2,v29_hpp_cost_front_boost_fast,REPORT,100.0,7,4281413109589.041,6.885297,100,116.60274,140.682975,178.958904,1520.0,1761.428571,1990.0,0.0,0.0,0.0,100.0,0.0,0.0,0.0,8.571429,0.0,0.0,1.0,7,1.0,1520.0,116.60274
100,4213,KMeans-init-NSGA2,v29_hpp_cost_front_boost_fast,REPORT,100.0,15,4351348150684.9326,7.498604,100,101.506849,131.406393,178.917808,1550.0,1850.0,2330.0,0.0,0.0,0.0,99.933333,0.0,0.066667,0.066667,7.933333,0.0,0.066667,0.933333,15,1.0,1550.0,101.506849
100,4214,KMeans-init-NSGA2,v29_hpp_cost_front_boost_fast,REPORT,100.0,17,4482419059368.164,11.081309,100,73.246575,113.304157,176.863014,1570.0,2247.647059,3050.0,0.0,4.705882,30.0,99.823529,0.117647,0.058824,0.176471,6.647059,0.117647,0.058824,0.823529,14,0.823529,1570.0,74.520548
100,4215,KMeans-init-NSGA2,v29_hpp_cost_front_boost_fast,REPORT,100.0,12,4329710476033.125,7.123436,100,105.164384,134.853286,165.707966,1570.0,2040.833333,3950.0,0.0,0.0,0.0,99.5,0.0,0.5,0.5,8.083333,0.0,0.333333,0.75,12,1.0,1570.0,105.164384
100,4216,KMeans-init-NSGA2,v29_hpp_cost_front_boost_fast,REPORT,100.0,18,4358650653871.544,8.879062,100,100.150685,133.820289,183.378093,1540.0,1813.888889,2290.0,0.0,0.0,0.0,99.388889,0.388889,0.222222,0.611111,8.0,0.388889,0.222222,0.611111,18,1.0,1540.0,100.150685
100,4217,KMeans-init-NSGA2,v29_hpp_cost_front_boost_fast,REPORT,100.0,15,4417439015950.333,8.104748,100,87.767123,128.747788,181.383562,1540.0,1918.0,2490.0,0.0,0.0,0.0,99.666667,0.0,0.333333,0.333333,7.8,0.0,0.333333,0.733333,15,1.0,1540.0,87.767123
100,4218,KMeans-init-NSGA2,v29_hpp_cost_front_boost_fast,REPORT,100.0,22,4338897547768.148,8.14855,100,103.972603,134.492332,182.451685,1540.0,2005.0,3090.0,0.0,0.0,0.0,99.454545,0.045455,0.5,0.545455,8.181818,0.045455,0.363636,0.727273,22,1.0,1540.0,103.972603
100,4219,KMeans-init-NSGA2,v29_hpp_cost_front_boost_fast,REPORT,100.0,12,4351745426481.4487,7.159074,100,101.589041,140.408951,181.452055,1540.0,1765.0,2070.0,0.0,0.0,0.0,99.25,0.583333,0.166667,0.75,8.416667,0.583333,0.166667,0.416667,12,1.0,1540.0,101.589041
100,4220,KMeans-init-NSGA2,v29_hpp_cost_front_boost_fast,REPORT,100.0,12,4347444388271.56,7.660017,100,102.493151,126.403058,162.794521,1550.0,1750.833333,2030.0,0.0,0.0,0.0,99.833333,0.083333,0.083333,0.166667,7.583333,0.083333,0.083333,0.833333,12,1.0,1550.0,102.493151
100,4221,KMeans-init-NSGA2,v29_hpp_cost_front_boost_fast,REPORT,100.0,13,4342550701113.7134,8.160964,100,103.561644,147.72943,211.863014,1530.0,1754.615385,2480.0,0.0,0.0,0.0,99.538462,0.153846,0.307692,0.461538,8.923077,0.153846,0.230769,0.692308,13,1.0,1530.0,103.561644
100,4222,KMeans-init-NSGA2,v29_hpp_cost_front_boost_fast,REPORT,100.0,11,4341002978088.085,7.792951,100,103.726027,141.809876,194.219178,1540.0,1821.818182,2340.0,0.0,0.0,0.0,99.272727,0.090909,0.636364,0.727273,8.909091,0.090909,0.636364,0.636364,11,1.0,1540.0,103.726027
100,4223,KMeans-init-NSGA2,v29_hpp_cost_front_boost_fast,REPORT,100.0,9,4273896626923.705,8.160916,100,117.835616,147.912665,166.739726,1540.0,1665.555556,1910.0,0.0,0.0,0.0,99.555556,0.0,0.444444,0.444444,9.0,0.0,0.444444,0.555556,9,1.0,1540.0,117.835616
100,4224,KMeans-init-NSGA2,v29_hpp_cost_front_boost_fast,REPORT,100.0,18,4351607804929.879,7.263656,100,101.671233,127.15258,165.345978,1540.0,1985.0,2510.0,0.0,10.555556,80.0,99.666667,0.0,0.333333,0.333333,7.611111,0.0,0.333333,0.666667,14,0.777778,1540.0,102.287671
100,4225,KMeans-init-NSGA2,v29_hpp_cost_front_boost_fast,REPORT,100.0,12,4346437815970.344,7.298264,100,102.69863,141.516477,179.931507,1540.0,1819.166667,2470.0,0.0,0.0,0.0,99.75,0.083333,0.166667,0.25,8.583333,0.083333,0.166667,0.75,12,1.0,1540.0,102.69863
100,4226,KMeans-init-NSGA2,v29_hpp_cost_front_boost_fast,REPORT,100.0,20,4348716120046.6206,7.250065,100,102.205479,140.006272,208.123288,1540.0,1802.5,2200.0,0.0,0.0,0.0,99.75,0.0,0.25,0.25,8.55,0.0,0.25,0.75,20,1.0,1540.0,102.205479
100,4227,KMeans-init-NSGA2,v29_hpp_cost_front_boost_fast,REPORT,100.0,8,4359991794520.549,7.496376,100,101.136986,157.011986,199.424658,1470.0,1643.75,1990.0,0.0,0.0,0.0,99.375,0.0,0.625,0.625,9.625,0.0,0.625,0.5,8,1.0,1470.0,101.136986
100,4228,KMeans-init-NSGA2,v29_hpp_cost_front_boost_fast,REPORT,100.0,16,4341675385247.5503,7.28249,100,103.561644,148.965453,194.678807,1540.0,1750.0,2710.0,0.0,0.0,0.0,99.125,0.625,0.25,0.875,9.0,0.3125,0.1875,0.5,16,1.0,1540.0,103.561644
100,4229,KMeans-init-NSGA2,v29_hpp_cost_front_boost_fast,REPORT,100.0,7,4350864580713.959,8.591532,100,101.876712,132.183186,166.493151,1540.0,1754.285714,2080.0,0.0,0.0,0.0,99.428571,0.142857,0.428571,0.571429,8.0,0.142857,0.428571,0.571429,7,1.0,1540.0,101.876712
100,4230,KMeans-init-NSGA2,v29_hpp_cost_front_boost_fast,REPORT,100.0,16,4421970743410.239,8.451244,100,86.945205,125.29075,179.123288,1540.0,1860.0,2470.0,0.0,0.0,0.0,99.6875,0.1875,0.125,0.3125,7.5,0.1875,0.0625,0.75,16,1.0,1540.0,86.945205
100,4201,MOPSO,v29_hpp_cost_front_boost_fast,REPORT,100.0,83,3786312697866.3584,6.063875,100,212.660037,256.49737,304.94065,1873.088723,2300.41816,3003.582139,0.0,1.600301,43.599156,35.096386,32.26506,32.638554,64.903614,14.915663,5.0,13.168675,0.0,79,0.951807,1873.088723,212.660037
100,4202,MOPSO,v29_hpp_cost_front_boost_fast,REPORT,100.0,94,3725479947378.5527,6.156735,100,222.732262,263.095649,316.003446,2032.535403,2452.872176,3730.0,0.0,0.411588,38.689277,39.170213,28.074468,32.755319,60.829787,14.382979,5.0,13.308511,0.0,93,0.989362,2032.535403,222.732262
100,4203,MOPSO,v29_hpp_cost_front_boost_fast,REPORT,100.0,94,3667175413700.005,6.397766,100,234.540792,258.64523,311.803414,2080.0,2323.656324,3330.0,0.0,0.0,0.0,34.457447,34.787234,30.755319,65.542553,14.691489,5.0,13.723404,0.0,94,1.0,2080.0,234.540792
100,4204,MOPSO,v29_hpp_cost_front_boost_fast,REPORT,100.0,69,3796178487412.8286,6.265905,100,210.467715,248.567507,320.806388,1856.041605,2517.383201,4050.0,0.0,3.762825,72.332416,31.652174,29.927536,38.42029,68.347826,14.927536,5.0,13.710145,0.0,63,0.913043,1856.041605,210.467715
100,4205,MOPSO,v29_hpp_cost_front_boost_fast,REPORT,100.0,56,3761293549635.835,4.898294,79,215.331624,253.652403,331.03897,2028.832138,2438.829576,3020.0,0.0,1.428571,80.0,34.732143,31.553571,33.714286,65.267857,14.964286,5.0,12.982143,0.0,55,0.982143,2028.832138,215.331624
100,4206,MOPSO,v29_hpp_cost_front_boost_fast,REPORT,100.0,89,3714401579928.064,5.688209,86,225.400214,266.41292,309.711386,2020.0,2235.114281,3610.0,0.0,3.150653,96.925824,40.089888,27.247191,32.662921,59.910112,14.539326,5.0,12.741573,0.0,85,0.955056,2030.0,225.400214
100,4207,MOPSO,v29_hpp_cost_front_boost_fast,REPORT,100.0,91,3834477805234.9336,5.973932,100,201.513759,246.496064,305.549348,1921.251281,2494.211252,4166.672406,0.0,0.371996,16.925824,34.802198,33.197802,32.0,65.197802,14.43956,5.0,13.307692,0.0,89,0.978022,1921.251281,201.513759
100,4208,MOPSO,v29_hpp_cost_front_boost_fast,REPORT,100.0,73,3695781238930.174,5.877416,100,229.748304,240.080958,321.863353,2014.453801,2311.968159,2990.0,0.0,1.237913,82.525597,40.246575,29.493151,30.260274,59.753425,14.684932,5.0,13.835616,0.0,71,0.972603,2014.453801,229.748304
100,4209,MOPSO,v29_hpp_cost_front_boost_fast,REPORT,100.0,70,3705338149461.889,5.984082,100,229.120276,252.406249,273.600692,1914.021074,2232.089415,3370.0,0.0,1.153561,27.966343,34.242857,26.628571,39.128571,65.757143,14.728571,4.857143,14.057143,0.0,67,0.957143,1914.021074,232.466801
100,4210,MOPSO,v29_hpp_cost_front_boost_fast,REPORT,100.0,51,3706035103193.9087,6.388347,100,227.104031,250.021654,271.648985,2020.0,2568.782096,3160.0,0.0,2.823858,85.0,37.72549,29.764706,32.509804,62.27451,14.294118,5.0,12.627451,0.0,48,0.941176,2020.0,227.104031
100,4211,MOPSO,v29_hpp_cost_front_boost_fast,REPORT,100.0,70,3739818651863.296,5.473117,88,220.750816,244.187568,324.359081,1980.0,2502.034379,2930.0,0.0,3.745983,60.196202,38.1,29.785714,32.114286,61.9,14.828571,4.942857,13.571429,0.0,62,0.885714,1980.0,220.750816
100,4212,MOPSO,v29_hpp_cost_front_boost_fast,REPORT,100.0,95,3801169216038.676,5.879383,100,209.986382,247.502529,304.133194,1844.186456,2259.857377,2960.0,0.0,0.0,0.0,33.126316,30.831579,36.042105,66.873684,14.989474,5.0,12.842105,0.0,95,1.0,1844.186456,209.986382
100,4213,MOPSO,v29_hpp_cost_front_boost_fast,REPORT,100.0,78,3720344338167.345,6.520403,100,227.694654,261.498316,303.390969,1780.0,2420.187227,3310.0,0.0,2.409074,47.170022,40.0,28.512821,31.487179,60.0,14.75641,4.974359,13.0,0.0,72,0.923077,1780.0,230.681369
100,4214,MOPSO,v29_hpp_cost_front_boost_fast,REPORT,100.0,57,3779448449588.904,6.004926,100,211.094361,246.262144,301.015948,2070.0,2435.876341,3490.0,0.0,2.017605,66.925824,38.77193,30.894737,30.333333,61.22807,14.473684,4.982456,12.315789,0.0,55,0.964912,2070.0,211.094361
100,4215,MOPSO,v29_hpp_cost_front_boost_fast,REPORT,100.0,66,3617993330228.888,5.276778,85,248.966073,268.557172,323.580351,1800.0,2459.917326,3219.620489,0.0,13.484333,93.765627,39.757576,29.060606,31.181818,60.242424,14.757576,5.0,12.818182,0.0,48,0.727273,1800.0,248.966073
100,4216,MOPSO,v29_hpp_cost_front_boost_fast,REPORT,100.0,99,3812956647661.603,6.074987,100,205.339126,256.737843,323.362732,1974.253099,2367.309844,3562.012807,0.0,0.0,0.0,37.040404,30.020202,32.939394,62.959596,14.939394,5.0,13.111111,0.0,99,1.0,1974.253099,205.339126
100,4217,MOPSO,v29_hpp_cost_front_boost_fast,REPORT,100.0,81,3817332006168.697,5.796962,100,206.643456,250.904264,298.662009,1828.701008,2321.222695,3571.051184,0.0,9.842094,95.875628,32.790123,32.222222,34.987654,67.209877,14.432099,5.0,13.333333,0.0,72,0.888889,1890.0,206.643456
100,4218,MOPSO,v29_hpp_cost_front_boost_fast,REPORT,100.0,71,3673867451320.612,6.163033,100,233.285853,279.182811,335.829876,2060.0,2290.154849,3290.0,0.0,0.0,0.0,38.478873,29.338028,32.183099,61.521127,14.676056,5.0,13.070423,0.0,71,1.0,2060.0,233.285853
100,4219,MOPSO,v29_hpp_cost_front_boost_fast,REPORT,100.0,71,3757162947160.852,6.095847,100,218.447787,257.262635,332.803854,1870.0,2412.398883,3140.0,0.0,3.00361,76.736246,35.901408,28.140845,35.957746,64.098592,14.760563,5.0,13.971831,0.0,66,0.929577,1870.0,218.447787
100,4220,MOPSO,v29_hpp_cost_front_boost_fast,REPORT,100.0,83,3672737487772.198,5.668491,94,232.466345,262.733996,321.589022,2127.854988,2430.575139,4120.0,0.0,0.577252,40.0,37.578313,28.156627,34.26506,62.421687,14.192771,5.0,12.987952,0.0,81,0.975904,2170.0,232.466345
100,4221,MOPSO,v29_hpp_cost_front_boost_fast,REPORT,100.0,81,3820373102571.506,5.920091,100,203.486148,235.761547,291.751105,2010.0,2429.092926,3719.548942,0.0,0.0,0.0,35.567901,31.91358,32.518519,64.432099,14.37037,5.0,14.209877,0.0,81,1.0,2010.0,203.486148
100,4222,MOPSO,v29_hpp_cost_front_boost_fast,REPORT,100.0,83,3746908084403.466,6.031672,100,220.635633,254.978159,327.162136,1880.0,2371.592397,2918.581662,0.0,0.745231,20.647372,33.216867,32.783133,34.0,66.783133,14.759036,5.0,13.590361,0.0,80,0.963855,1880.0,220.635633
100,4223,MOPSO,v29_hpp_cost_front_boost_fast,REPORT,100.0,49,3718874057694.515,5.958878,100,226.770683,258.311882,288.524188,1860.0,2325.390284,3720.0,0.0,1.932747,39.051248,38.122449,29.877551,32.0,61.877551,14.44898,4.959184,12.795918,0.0,45,0.918367,1860.0,226.770683
100,4224,MOPSO,v29_hpp_cost_front_boost_fast,REPORT,100.0,82,3734001450372.241,6.707592,100,223.892658,254.665055,289.138329,1860.0,2233.787191,2600.0,0.0,4.75481,75.0,39.695122,25.682927,34.621951,60.304878,14.292683,5.0,12.45122,0.0,74,0.902439,1860.0,223.892658
100,4225,MOPSO,v29_hpp_cost_front_boost_fast,REPORT,100.0,92,3785420631284.74,5.952932,100,211.751057,251.937205,320.772404,1950.0,2328.901569,3540.0,0.0,4.174467,86.422315,33.945652,34.086957,31.967391,66.054348,14.456522,5.0,12.271739,0.0,86,0.934783,1950.0,211.751057
100,4226,MOPSO,v29_hpp_cost_front_boost_fast,REPORT,100.0,73,3770618382634.863,6.469641,100,215.831162,259.140805,304.733642,1880.0,2253.497106,3064.671108,0.0,1.739852,19.511912,34.328767,29.726027,35.945205,65.671233,14.260274,5.0,13.109589,0.0,65,0.890411,1880.0,217.377342
100,4227,MOPSO,v29_hpp_cost_front_boost_fast,REPORT,100.0,89,3684744341848.5767,6.702542,100,232.019007,264.826924,325.264741,1990.0,2360.788366,3574.854797,0.0,1.035478,47.15133,32.831461,31.58427,35.58427,67.168539,14.910112,5.0,13.662921,0.0,87,0.977528,1990.0,232.019007
100,4228,MOPSO,v29_hpp_cost_front_boost_fast,REPORT,100.0,49,3742813732115.7183,6.050231,100,218.701631,244.130202,333.536262,2070.0,2482.913068,3390.0,0.0,7.483119,83.352824,38.918367,27.081633,34.0,61.081633,14.612245,4.918367,13.857143,0.0,43,0.877551,2070.0,218.756613
100,4229,MOPSO,v29_hpp_cost_front_boost_fast,REPORT,100.0,90,3779593976047.895,5.90829,100,213.685897,243.075412,307.271058,1915.363465,2203.296636,3921.576517,0.0,1.076954,96.925824,31.933333,28.811111,39.255556,68.066667,14.822222,5.0,13.622222,0.0,89,0.988889,1915.363465,213.685897
100,4230,MOPSO,v29_hpp_cost_front_boost_fast,REPORT,100.0,78,3779177790645.568,6.146353,100,215.860915,259.12395,321.163794,1780.0,2101.045205,2690.246117,0.0,0.452081,16.291638,31.25641,27.807692,40.935897,68.74359,14.871795,5.0,13.935897,0.0,75,0.961538,1780.0,215.860915
100,4201,Trad-NSGA2,v29_hpp_cost_front_boost_fast,REPORT,100.0,15,4151788557853.692,8.305245,100,138.647489,163.769757,224.089759,1780.0,2055.682003,2440.0,0.0,18.978593,74.058459,34.533333,32.866667,32.6,65.466667,10.533333,5.0,9.8,0.0,11,0.733333,1780.0,138.647489
100,4202,Trad-NSGA2,v29_hpp_cost_front_boost_fast,REPORT,100.0,13,4078161184569.23,7.872334,100,152.10223,192.701043,264.107135,1862.187698,2306.35749,3790.0,0.0,0.0,0.0,42.692308,35.153846,22.153846,57.307692,10.076923,5.0,7.615385,0.0,13,1.0,1862.187698,152.10223
100,4203,Trad-NSGA2,v29_hpp_cost_front_boost_fast,REPORT,100.0,18,4142117631056.931,7.735123,100,136.925708,188.276134,250.869678,1980.0,2206.254573,2750.0,0.0,14.392052,90.0,39.5,31.055556,29.444444,60.5,11.888889,5.0,11.055556,0.0,15,0.833333,1980.0,136.925708
100,4204,Trad-NSGA2,v29_hpp_cost_front_boost_fast,REPORT,100.0,14,4227447504471.346,8.570943,100,118.701999,159.66208,207.944851,2000.0,2287.185275,3120.0,0.0,17.685577,62.506656,31.214286,36.214286,32.571429,68.785714,13.142857,5.0,11.5,0.0,10,0.714286,2000.0,118.701999
100,4205,Trad-NSGA2,v29_hpp_cost_front_boost_fast,REPORT,100.0,9,4126890798489.6094,8.878581,100,139.184313,171.1838,228.154927,2030.0,2423.522734,2670.638026,0.0,0.0,0.0,31.111111,24.777778,44.111111,68.888889,13.111111,5.0,13.111111,0.0,9,1.0,2030.0,139.184313
100,4206,Trad-NSGA2,v29_hpp_cost_front_boost_fast,REPORT,100.0,7,4047566576515.944,8.229621,100,155.450829,166.414071,174.549458,2070.0,2268.623726,2721.052907,0.0,0.0,0.0,36.285714,27.571429,36.142857,63.714286,10.571429,4.571429,10.571429,0.0,7,1.0,2070.0,155.450829
100,4207,Trad-NSGA2,v29_hpp_cost_front_boost_fast,REPORT,100.0,11,4134379795972.139,8.474102,100,139.67804,177.470978,231.880577,1900.0,2301.439426,2666.156155,0.0,1.050586,11.556444,41.090909,30.727273,28.181818,58.909091,8.727273,5.0,7.727273,0.0,10,0.909091,1900.0,139.67804
100,4208,Trad-NSGA2,v29_hpp_cost_front_boost_fast,REPORT,100.0,17,4141397142932.176,8.461413,100,140.933548,174.398383,228.866574,1740.0,2446.419606,3847.138241,0.0,0.0,0.0,39.647059,25.705882,34.647059,60.352941,11.529412,4.823529,11.352941,0.0,17,1.0,1740.0,140.933548
100,4209,Trad-NSGA2,v29_hpp_cost_front_boost_fast,REPORT,100.0,17,4140289450380.943,8.142301,100,137.376122,204.961166,247.71801,1950.0,2274.511054,3086.410144,0.0,10.332614,93.005376,40.352941,28.176471,31.470588,59.647059,11.764706,5.0,9.764706,0.0,15,0.882353,1950.0,137.376122
100,4210,Trad-NSGA2,v29_hpp_cost_front_boost_fast,REPORT,100.0,8,4049218409161.106,8.240264,100,155.549676,172.391471,193.106843,2040.0,2255.377462,2618.023969,0.0,0.0,0.0,33.375,31.125,35.5,66.625,13.875,5.0,13.25,0.0,8,1.0,2040.0,155.549676
100,4211,Trad-NSGA2,v29_hpp_cost_front_boost_fast,REPORT,100.0,13,4141233990745.26,8.563327,100,140.625747,183.154941,264.716272,1777.030497,2184.77487,3070.0,0.0,6.648412,86.429359,29.538462,28.846154,41.615385,70.461538,12.923077,5.0,12.384615,0.0,12,0.923077,1777.030497,140.625747
100,4212,Trad-NSGA2,v29_hpp_cost_front_boost_fast,REPORT,100.0,21,4001468758062.076,8.545546,100,171.298539,204.454983,259.959047,1695.025463,1945.817332,2297.395259,0.0,32.301655,85.0,30.52381,28.238095,41.238095,69.47619,13.761905,5.0,13.380952,0.0,11,0.52381,1695.025463,172.04484
100,4213,Trad-NSGA2,v29_hpp_cost_front_boost_fast,REPORT,100.0,17,4151629857415.905,7.768708,100,136.238865,180.484485,223.436612,1890.0,2301.171534,3144.475892,0.0,0.0,0.0,41.705882,31.529412,26.764706,58.294118,11.117647,5.0,9.058824,0.0,17,1.0,1890.0,136.238865
100,4214,Trad-NSGA2,v29_hpp_cost_front_boost_fast,REPORT,100.0,13,4132324426433.866,8.13982,100,139.505725,173.924204,225.033602,1940.0,2407.968582,3040.0,0.0,9.671545,62.865044,39.923077,31.538462,28.538462,60.076923,9.615385,5.0,8.846154,0.0,11,0.846154,1940.0,139.505725
100,4215,Trad-NSGA2,v29_hpp_cost_front_boost_fast,REPORT,100.0,10,4139331447635.048,7.900239,100,140.075107,161.759442,185.868636,1844.657785,2248.102629,3203.878652,0.0,0.0,0.0,45.2,31.8,23.0,54.8,9.7,5.0,9.1,0.0,10,1.0,1844.657785,140.075107
100,4216,Trad-NSGA2,v29_hpp_cost_front_boost_fast,REPORT,100.0,16,4137889715902.569,8.178213,100,140.440732,171.02423,229.147249,1809.797239,2417.142545,2860.684924,0.0,11.314518,69.648339,34.875,33.0,32.125,65.125,11.9375,5.0,11.0625,0.0,10,0.625,1809.797239,144.561121
100,4217,Trad-NSGA2,v29_hpp_cost_front_boost_fast,REPORT,100.0,12,4141425640911.7617,8.526433,100,139.163793,203.101509,264.863527,1843.967513,2108.318134,2680.0,0.0,13.2494,93.668772,38.5,32.416667,29.083333,61.5,11.5,5.0,10.333333,0.0,10,0.833333,1843.967513,139.163793
100,4218,Trad-NSGA2,v29_hpp_cost_front_boost_fast,REPORT,100.0,9,4162607874259.9497,8.528231,100,136.114027,188.738432,244.272321,1770.0,2181.303855,2850.0,0.0,0.0,0.0,38.888889,27.222222,33.888889,61.111111,11.444444,5.0,10.666667,0.0,9,1.0,1770.0,136.114027
100,4219,Trad-NSGA2,v29_hpp_cost_front_boost_fast,REPORT,100.0,17,4088722886641.951,8.583098,100,152.593143,189.351996,229.440191,1716.249595,2104.516105,2600.0,0.0,5.434071,92.379209,41.411765,25.058824,33.529412,58.588235,12.058824,4.529412,11.588235,0.0,16,0.941176,1716.249595,152.593143
100,4220,Trad-NSGA2,v29_hpp_cost_front_boost_fast,REPORT,100.0,9,4181607061077.2334,8.593174,100,132.44129,141.314229,169.659764,1790.0,2257.435776,2833.538572,0.0,0.0,0.0,32.777778,25.666667,41.555556,67.222222,11.0,5.0,11.0,0.0,9,1.0,1790.0,132.44129
100,4221,Trad-NSGA2,v29_hpp_cost_front_boost_fast,REPORT,100.0,8,4167490007118.816,7.69015,100,134.83777,163.273472,205.179664,1810.0,2081.955254,2460.0,0.0,7.359606,58.876849,39.875,34.5,25.625,60.125,9.625,5.0,8.25,0.0,7,0.875,1810.0,134.83777
100,4222,Trad-NSGA2,v29_hpp_cost_front_boost_fast,REPORT,100.0,8,4159375408541.324,9.003138,100,138.064794,158.188318,208.705751,1710.0,2228.301031,2513.564546,0.0,0.0,0.0,33.375,26.25,40.375,66.625,13.5,5.0,12.875,0.0,8,1.0,1710.0,138.064794
100,4223,Trad-NSGA2,v29_hpp_cost_front_boost_fast,REPORT,100.0,13,4130028608089.36,8.372922,100,138.332218,166.748395,206.882273,2030.0,2574.207912,3470.0,0.0,0.0,0.0,41.692308,29.307692,29.0,58.307692,11.307692,5.0,10.692308,0.0,13,1.0,2030.0,138.332218
100,4224,Trad-NSGA2,v29_hpp_cost_front_boost_fast,REPORT,100.0,17,4216017026740.049,8.59751,100,120.57915,154.447429,225.012725,2010.0,2616.553744,3549.212231,0.0,14.065721,89.852878,36.117647,31.411765,32.470588,63.882353,11.0,5.0,10.176471,0.0,11,0.647059,2010.0,137.528174
100,4225,Trad-NSGA2,v29_hpp_cost_front_boost_fast,REPORT,100.0,16,4046120883365.237,8.298635,100,159.824865,189.037935,247.023749,1809.691694,2309.033711,3006.175587,0.0,21.354899,97.640747,36.25,29.0625,34.6875,63.75,12.875,5.0,12.6875,0.0,11,0.6875,1809.691694,159.824865
100,4226,Trad-NSGA2,v29_hpp_cost_front_boost_fast,REPORT,100.0,11,4087396990039.816,8.191844,100,152.566026,175.159993,223.987818,1740.0,2364.423318,3069.72993,0.0,0.0,0.0,40.272727,25.818182,33.909091,59.727273,10.363636,5.0,9.909091,0.0,11,1.0,1740.0,152.566026
100,4227,Trad-NSGA2,v29_hpp_cost_front_boost_fast,REPORT,100.0,11,4132177429382.524,8.395847,100,139.437006,207.949719,262.288499,1930.0,2151.223612,2767.871436,0.0,5.818681,32.002747,41.727273,23.636364,34.636364,58.272727,12.090909,5.0,10.363636,0.0,9,0.818182,1930.0,139.437006
100,4228,Trad-NSGA2,v29_hpp_cost_front_boost_fast,REPORT,100.0,24,4134481385056.4194,8.370628,100,142.140886,173.013503,245.252091,1760.0,2720.77887,3913.914896,0.0,9.766704,58.600226,35.25,26.375,38.375,64.75,11.166667,5.0,11.0,0.0,20,0.833333,1760.0,142.140886
100,4229,Trad-NSGA2,v29_hpp_cost_front_boost_fast,REPORT,100.0,13,4170771615106.2393,8.200821,100,135.840411,169.662407,210.258992,1710.0,2024.807917,2379.640967,0.0,2.061962,26.805512,31.461538,30.230769,38.307692,68.538462,12.384615,5.0,11.923077,0.0,12,0.923077,1710.0,135.840411
100,4230,Trad-NSGA2,v29_hpp_cost_front_boost_fast,REPORT,100.0,20,4136222950565.4814,8.816605,100,143.408871,173.827974,240.318198,1670.0,2220.469597,2877.958724,0.0,0.440307,2.201533,32.45,28.0,39.55,67.55,11.55,5.0,10.55,0.0,16,0.8,1670.0,143.408871
50,4201,HPP-init-NSGA2,v29_hpp_cost_front_boost_fast,REPORT,100.0,24,4708653893328.127,11.115062,100,35.945205,63.874457,112.678809,1140.0,1473.333333,2750.0,0.0,0.0,0.0,46.666667,0.208333,3.125,3.333333,4.166667,0.208333,1.625,0.208333,24,1.0,1140.0,35.945205
50,4202,HPP-init-NSGA2,v29_hpp_cost_front_boost_fast,REPORT,100.0,17,4645910349427.734,9.56238,100,48.986301,66.864576,100.559899,1140.0,1377.647059,2140.0,0.0,0.0,0.0,46.882353,0.470588,2.647059,3.117647,3.941176,0.352941,1.117647,0.235294,17,1.0,1140.0,48.986301
50,4203,HPP-init-NSGA2,v29_hpp_cost_front_boost_fast,REPORT,100.0,26,4713136173637.735,9.950783,100,34.876712,64.167206,112.178082,1140.0,1471.923077,2430.0,0.0,0.0,0.0,47.5,0.5,2.0,2.5,4.346154,0.307692,1.5,0.192308,26,1.0,1140.0,34.876712
50,4204,HPP-init-NSGA2,v29_hpp_cost_front_boost_fast,REPORT,100.0,23,4649689633385.82,8.98732,100,48.369863,68.136415,145.633579,1130.0,1358.246206,1650.0,0.0,0.0,0.0,43.347826,0.521739,6.130435,6.652174,4.652174,0.217391,2.608696,0.043478,23,1.0,1130.0,48.369863
50,4205,HPP-init-NSGA2,v29_hpp_cost_front_boost_fast,REPORT,100.0,24,4718679019110.408,10.534621,100,33.849315,67.89651,106.704648,1140.0,1389.166667,1870.0,0.0,0.0,0.0,46.125,0.208333,3.666667,3.875,4.25,0.208333,1.708333,0.125,24,1.0,1140.0,33.849315
50,4206,HPP-init-NSGA2,v29_hpp_cost_front_boost_fast,REPORT,100.0,28,4718666524861.802,9.575074,100,34.383562,65.754334,137.656688,1110.0,1481.428571,2140.0,0.0,0.0,0.0,44.107143,0.928571,4.964286,5.892857,4.25,0.678571,2.357143,0.142857,28,1.0,1110.0,34.383562
50,4207,HPP-init-NSGA2,v29_hpp_cost_front_boost_fast,REPORT,100.0,26,4719771697465.065,10.688109,100,33.972603,70.035529,119.553795,1120.0,1386.384238,1960.0,0.0,2.961133,76.989456,44.653846,1.076923,4.269231,5.346154,4.730769,0.423077,2.076923,0.153846,25,0.961538,1120.0,33.972603
50,4208,HPP-init-NSGA2,v29_hpp_cost_front_boost_fast,REPORT,100.0,31,4713964777567.802,10.614692,100,34.794521,59.430909,100.03977,1140.0,1569.169949,2260.0,0.0,0.0,0.0,46.612903,0.096774,3.290323,3.387097,3.806452,0.096774,1.645161,0.193548,31,1.0,1140.0,34.794521
50,4209,HPP-init-NSGA2,v29_hpp_cost_front_boost_fast,REPORT,100.0,23,4709582277857.487,11.381629,100,35.780822,60.188081,100.62487,1140.0,1564.782609,2790.0,0.0,0.0,0.0,45.434783,0.26087,4.304348,4.565217,3.608696,0.26087,1.695652,0.173913,23,1.0,1140.0,35.780822
50,4210,HPP-init-NSGA2,v29_hpp_cost_front_boost_fast,REPORT,100.0,29,4713573701322.413,11.103782,100,34.794521,59.20238,108.403808,1140.0,1680.689655,3090.0,0.0,2.068966,50.0,46.37931,0.310345,3.310345,3.62069,3.758621,0.206897,1.37931,0.310345,27,0.931034,1140.0,34.794521
50,4211,HPP-init-NSGA2,v29_hpp_cost_front_boost_fast,REPORT,100.0,38,4713380252440.23,10.851888,100,35.369863,64.626488,132.123315,1110.0,1496.635111,2610.0,0.0,0.0,0.0,45.184211,1.078947,3.736842,4.815789,3.868421,0.526316,1.763158,0.131579,38,1.0,1110.0,35.369863
50,4212,HPP-init-NSGA2,v29_hpp_cost_front_boost_fast,REPORT,100.0,34,4716429356123.318,11.425922,100,34.30137,68.470867,103.22767,1140.0,1417.352941,2210.0,0.0,0.0,0.0,44.852941,0.970588,4.176471,5.147059,5.088235,0.588235,2.558824,0.088235,34,1.0,1140.0,34.30137
50,4213,HPP-init-NSGA2,v29_hpp_cost_front_boost_fast,REPORT,100.0,27,4710346449759.727,11.799446,100,35.821918,68.658402,130.273325,1120.0,1505.555556,2480.0,0.0,0.0,0.0,45.703704,0.407407,3.888889,4.296296,4.037037,0.333333,2.0,0.185185,27,1.0,1120.0,35.821918
50,4214,HPP-init-NSGA2,v29_hpp_cost_front_boost_fast,REPORT,100.0,22,4716087505181.147,11.936193,100,34.30137,67.989398,105.878956,1140.0,1424.090909,2030.0,0.0,0.0,0.0,45.0,0.0,5.0,5.0,4.454545,0.0,2.5,0.090909,22,1.0,1140.0,34.30137
50,4215,HPP-init-NSGA2,v29_hpp_cost_front_boost_fast,REPORT,100.0,22,4718756221098.523,12.408482,100,33.849315,63.330026,106.887818,1140.0,1425.081679,1860.0,0.0,0.0,0.0,46.454545,0.045455,3.5,3.545455,3.954545,0.045455,1.227273,0.136364,22,1.0,1140.0,33.849315
50,4216,HPP-init-NSGA2,v29_hpp_cost_front_boost_fast,REPORT,100.0,18,4716118876105.951,9.365717,100,34.383562,61.957153,109.041096,1140.0,1473.888889,2140.0,0.0,0.0,0.0,47.333333,0.166667,2.5,2.666667,4.611111,0.166667,1.611111,0.333333,18,1.0,1140.0,34.383562
50,4217,HPP-init-NSGA2,v29_hpp_cost_front_boost_fast,REPORT,100.0,21,4711827207076.866,11.252573,100,35.164384,70.676377,112.25084,1140.0,1436.666667,2200.0,0.0,0.0,0.0,46.428571,0.380952,3.190476,3.571429,4.619048,0.238095,1.47619,0.142857,21,1.0,1140.0,35.164384
50,4218,HPP-init-NSGA2,v29_hpp_cost_front_boost_fast,REPORT,100.0,23,4645109406152.313,9.13536,100,49.109589,80.720074,114.90411,1140.0,1295.652174,1520.0,0.0,0.0,0.0,45.695652,0.043478,4.26087,4.304348,4.956522,0.043478,1.73913,0.130435,23,1.0,1140.0,49.109589
50,4219,HPP-init-NSGA2,v29_hpp_cost_front_boost_fast,REPORT,100.0,21,4718512977408.363,12.073661,100,33.890411,59.607782,109.246575,1140.0,1484.285714,1880.0,0.0,0.0,0.0,47.047619,0.095238,2.857143,2.952381,3.761905,0.095238,1.333333,0.285714,21,1.0,1140.0,33.890411
50,4220,HPP-init-NSGA2,v29_hpp_cost_front_boost_fast,REPORT,100.0,25,4711152001897.669,9.673334,100,35.328767,65.500364,115.052161,1140.0,1568.0,2770.0,0.0,0.0,0.0,46.0,0.08,3.92,4.0,4.32,0.04,1.8,0.12,25,1.0,1140.0,35.328767
50,4221,HPP-init-NSGA2,v29_hpp_cost_front_boost_fast,REPORT,100.0,29,4718795169544.816,10.126463,100,33.849315,59.595305,102.844148,1140.0,1512.448894,1970.0,0.0,0.0,0.0,46.655172,0.206897,3.137931,3.344828,3.586207,0.172414,1.310345,0.310345,29,1.0,1140.0,33.849315
50,4222,HPP-init-NSGA2,v29_hpp_cost_front_boost_fast,REPORT,100.0,19,4645396774748.617,8.752575,100,49.068493,69.065997,97.578127,1140.0,1336.315789,1650.0,0.0,0.0,0.0,45.052632,0.105263,4.842105,4.947368,4.263158,0.052632,2.0,0.052632,19,1.0,1140.0,49.068493
50,4223,HPP-init-NSGA2,v29_hpp_cost_front_boost_fast,REPORT,100.0,22,4648281575314.688,8.773127,100,48.452055,71.787431,111.982466,1140.0,1359.642464,1650.0,0.0,0.0,0.0,46.409091,0.090909,3.5,3.590909,4.409091,0.090909,1.363636,0.181818,22,1.0,1140.0,48.452055
50,4224,HPP-init-NSGA2,v29_hpp_cost_front_boost_fast,REPORT,100.0,17,4646909363179.184,9.814981,100,48.739726,69.588516,100.563493,1140.0,1387.058824,2250.0,0.0,0.0,0.0,47.411765,0.0,2.588235,2.588235,4.352941,0.0,1.117647,0.235294,17,1.0,1140.0,48.739726
50,4225,HPP-init-NSGA2,v29_hpp_cost_front_boost_fast,REPORT,100.0,17,4648751621393.849,7.960028,100,48.410959,64.406234,109.246575,1140.0,1353.529412,1620.0,0.0,0.0,0.0,46.176471,0.823529,3.0,3.823529,4.176471,0.352941,1.705882,0.176471,17,1.0,1140.0,48.410959
50,4226,HPP-init-NSGA2,v29_hpp_cost_front_boost_fast,REPORT,100.0,42,4714619278788.173,10.62755,100,34.794521,52.704989,107.04465,1130.0,1775.952381,2260.0,0.0,0.0,0.0,46.285714,0.142857,3.571429,3.714286,3.380952,0.142857,1.690476,0.166667,42,1.0,1130.0,34.794521
50,4227,HPP-init-NSGA2,v29_hpp_cost_front_boost_fast,REPORT,100.0,28,4717484876386.945,10.13348,100,34.054795,69.356636,112.260274,1140.0,1372.857143,2060.0,0.0,0.0,0.0,46.0,0.071429,3.928571,4.0,4.214286,0.071429,1.892857,0.107143,28,1.0,1140.0,34.054795
50,4228,HPP-init-NSGA2,v29_hpp_cost_front_boost_fast,REPORT,100.0,28,4712578518982.57,9.040094,100,35.0,73.295296,109.246575,1140.0,1418.214286,2200.0,0.0,0.0,0.0,48.178571,0.285714,1.535714,1.821429,4.678571,0.285714,0.964286,0.392857,28,1.0,1140.0,35.0
50,4229,HPP-init-NSGA2,v29_hpp_cost_front_boost_fast,REPORT,100.0,20,4717140953629.632,9.498001,100,34.054795,70.621605,109.246575,1140.0,1444.0,2060.0,0.0,0.0,0.0,48.4,0.0,1.6,1.6,4.25,0.0,0.95,0.4,20,1.0,1140.0,34.054795
50,4230,HPP-init-NSGA2,v29_hpp_cost_front_boost_fast,REPORT,100.0,28,4715644396397.327,9.994843,100,34.260274,61.535721,115.945205,1150.0,1500.714286,2070.0,0.0,0.0,0.0,47.035714,0.464286,2.5,2.964286,3.785714,0.357143,1.25,0.214286,28,1.0,1150.0,34.260274
50,4201,KMeans-init-NSGA2,v29_hpp_cost_front_boost_fast,REPORT,100.0,21,4647073257050.567,6.334552,100,48.616438,82.084978,109.041096,1140.0,1322.380952,1650.0,0.0,0.0,0.0,49.619048,0.190476,0.190476,0.380952,5.238095,0.142857,0.142857,0.714286,21,1.0,1140.0,48.616438
50,4202,KMeans-init-NSGA2,v29_hpp_cost_front_boost_fast,REPORT,100.0,28,4705689585230.826,5.697027,100,36.438356,68.874292,116.005345,1130.0,1659.642857,2870.0,0.0,0.0,0.0,49.464286,0.25,0.285714,0.535714,4.178571,0.214286,0.25,0.642857,28,1.0,1130.0,36.438356
50,4203,KMeans-init-NSGA2,v29_hpp_cost_front_boost_fast,REPORT,100.0,20,4647432259523.128,5.088814,100,48.575342,76.725686,109.246575,1140.0,1354.0,1680.0,0.0,0.0,0.0,49.3,0.55,0.15,0.7,4.75,0.35,0.15,0.6,20,1.0,1140.0,48.575342
50,4204,KMeans-init-NSGA2,v29_hpp_cost_front_boost_fast,REPORT,100.0,11,4646851041095.89,5.106075,100,48.657534,85.982565,109.246575,1140.0,1283.636364,1650.0,0.0,0.0,0.0,49.909091,0.0,0.090909,0.090909,5.454545,0.0,0.090909,0.909091,11,1.0,1140.0,48.657534
50,4205,KMeans-init-NSGA2,v29_hpp_cost_front_boost_fast,REPORT,100.0,25,4634362195313.491,5.302156,100,51.082192,79.339751,109.246575,1140.0,1453.6,2090.0,0.0,0.0,0.0,49.48,0.12,0.4,0.52,4.92,0.08,0.28,0.68,25,1.0,1140.0,51.082192
50,4206,KMeans-init-NSGA2,v29_hpp_cost_front_boost_fast,REPORT,100.0,30,4643477154155.336,5.123668,100,49.356164,76.340086,103.226315,1140.0,1372.333333,1790.0,0.0,0.0,0.0,47.966667,0.9,1.133333,2.033333,4.733333,0.5,0.8,0.2,30,1.0,1140.0,49.356164
50,4207,KMeans-init-NSGA2,v29_hpp_cost_front_boost_fast,REPORT,100.0,10,4576829444563.299,5.132166,100,63.178082,86.76744,109.246575,1140.0,1226.0,1350.0,0.0,0.0,0.0,49.3,0.4,0.3,0.7,5.4,0.3,0.3,0.6,10,1.0,1140.0,63.178082
50,4208,KMeans-init-NSGA2,v29_hpp_cost_front_boost_fast,REPORT,100.0,19,4630973557444.403,5.0124,100,51.935531,78.520848,109.246575,1140.0,1401.052632,1770.0,0.0,0.0,0.0,48.631579,0.157895,1.210526,1.368421,5.105263,0.157895,0.789474,0.421053,19,1.0,1140.0,51.935531
50,4209,KMeans-init-NSGA2,v29_hpp_cost_front_boost_fast,REPORT,100.0,17,4649076077165.415,5.053222,100,48.246575,76.652995,109.246575,1140.0,1365.882353,1850.0,0.0,0.588235,10.0,49.588235,0.117647,0.294118,0.411765,4.764706,0.117647,0.294118,0.705882,16,0.941176,1140.0,48.246575
50,4210,KMeans-init-NSGA2,v29_hpp_cost_front_boost_fast,REPORT,100.0,27,4637330560501.058,4.778105,100,50.589041,80.026326,109.164384,1140.0,1400.740741,2120.0,0.0,0.0,0.0,49.703704,0.037037,0.259259,0.296296,5.0,0.037037,0.222222,0.740741,27,1.0,1140.0,50.589041
50,4211,KMeans-init-NSGA2,v29_hpp_cost_front_boost_fast,REPORT,100.0,18,4649515652666.586,4.851977,100,48.287671,81.511686,124.876712,1130.0,1326.111111,1620.0,0.0,0.0,0.0,49.722222,0.0,0.277778,0.277778,5.222222,0.0,0.277778,0.777778,18,1.0,1130.0,48.287671
50,4212,KMeans-init-NSGA2,v29_hpp_cost_front_boost_fast,REPORT,100.0,20,4577905017664.108,4.64493,100,62.890411,73.353709,109.164384,1140.0,1357.5,1440.0,0.0,0.0,0.0,49.4,0.0,0.6,0.6,4.65,0.0,0.5,0.6,20,1.0,1140.0,62.890411
50,4213,KMeans-init-NSGA2,v29_hpp_cost_front_boost_fast,REPORT,100.0,14,4645877847248.253,5.103728,100,48.863014,82.263007,109.369863,1140.0,1300.714286,1650.0,0.0,0.0,0.0,49.5,0.142857,0.357143,0.5,5.142857,0.142857,0.357143,0.642857,14,1.0,1140.0,48.863014
50,4214,KMeans-init-NSGA2,v29_hpp_cost_front_boost_fast,REPORT,100.0,22,4719085574286.804,5.682647,100,33.684932,69.30642,109.246575,1140.0,1432.727273,1870.0,0.0,0.0,0.0,49.681818,0.181818,0.136364,0.318182,4.318182,0.181818,0.136364,0.727273,22,1.0,1140.0,33.684932
50,4215,KMeans-init-NSGA2,v29_hpp_cost_front_boost_fast,REPORT,100.0,14,4645821245334.265,5.049726,100,48.863014,76.469515,109.041096,1140.0,1389.285714,1650.0,0.0,0.0,0.0,49.142857,0.5,0.357143,0.857143,4.714286,0.428571,0.214286,0.571429,14,1.0,1140.0,48.863014
50,4216,KMeans-init-NSGA2,v29_hpp_cost_front_boost_fast,REPORT,100.0,15,4644562685451.428,5.356441,100,49.109589,73.896056,109.246575,1140.0,1426.666667,1820.0,0.0,0.0,0.0,49.733333,0.133333,0.133333,0.266667,4.666667,0.133333,0.133333,0.8,15,1.0,1140.0,49.109589
50,4217,KMeans-init-NSGA2,v29_hpp_cost_front_boost_fast,REPORT,100.0,17,4646731887052.672,5.05286,100,48.69863,82.270947,109.041096,1140.0,1292.352941,1650.0,0.0,0.0,0.0,49.764706,0.235294,0.0,0.235294,5.176471,0.235294,0.0,0.764706,17,1.0,1140.0,48.69863
50,4218,KMeans-init-NSGA2,v29_hpp_cost_front_boost_fast,REPORT,100.0,14,4648235407717.855,5.058115,100,48.369863,90.251699,108.876712,1140.0,1264.285714,1650.0,0.0,0.0,0.0,49.785714,0.071429,0.142857,0.214286,5.714286,0.071429,0.142857,0.785714,14,1.0,1140.0,48.369863
50,4219,KMeans-init-NSGA2,v29_hpp_cost_front_boost_fast,REPORT,100.0,22,4708885165984.081,5.066618,100,35.657534,70.876951,109.246575,1140.0,1493.181818,2810.0,0.0,2.727273,60.0,49.636364,0.090909,0.272727,0.363636,4.454545,0.090909,0.181818,0.727273,21,0.954545,1140.0,35.657534
50,4220,KMeans-init-NSGA2,v29_hpp_cost_front_boost_fast,REPORT,100.0,22,4714911419789.875,5.416433,100,34.383562,72.360122,109.246575,1140.0,1445.909091,2380.0,0.0,0.0,0.0,49.909091,0.0,0.090909,0.090909,4.545455,0.0,0.090909,0.909091,22,1.0,1140.0,34.383562
50,4221,KMeans-init-NSGA2,v29_hpp_cost_front_boost_fast,REPORT,100.0,20,4642783252863.313,4.935025,100,49.520548,78.361171,109.246575,1140.0,1344.5,1650.0,0.0,0.0,0.0,49.85,0.1,0.05,0.15,5.0,0.1,0.05,0.85,20,1.0,1140.0,49.520548
50,4222,KMeans-init-NSGA2,v29_hpp_cost_front_boost_fast,REPORT,100.0,20,4576923212483.149,4.890355,100,63.136986,79.913135,109.123288,1140.0,1298.5,1470.0,0.0,0.0,0.0,49.8,0.2,0.0,0.2,5.05,0.15,0.0,0.85,20,1.0,1140.0,63.136986
50,4223,KMeans-init-NSGA2,v29_hpp_cost_front_boost_fast,REPORT,100.0,20,4649846692523.412,6.430198,100,48.205479,76.509977,124.794521,1130.0,1357.5,1840.0,0.0,0.0,0.0,49.75,0.15,0.1,0.25,4.8,0.15,0.1,0.8,20,1.0,1130.0,48.205479
50,4224,KMeans-init-NSGA2,v29_hpp_cost_front_boost_fast,REPORT,100.0,19,4635523008030.217,4.858962,100,50.958904,76.791865,109.205479,1140.0,1483.684211,2030.0,0.0,0.0,0.0,48.263158,0.157895,1.578947,1.736842,4.684211,0.157895,0.578947,0.368421,19,1.0,1140.0,50.958904
50,4225,KMeans-init-NSGA2,v29_hpp_cost_front_boost_fast,REPORT,100.0,14,4645373465753.424,5.181039,100,48.986301,74.232877,109.0,1140.0,1363.571429,1650.0,0.0,0.0,0.0,49.785714,0.142857,0.071429,0.214286,4.642857,0.142857,0.071429,0.785714,14,1.0,1140.0,48.986301
50,4226,KMeans-init-NSGA2,v29_hpp_cost_front_boost_fast,REPORT,100.0,20,4577888804310.761,4.786392,100,62.931507,81.132494,109.041096,1140.0,1316.5,1480.0,0.0,0.0,0.0,48.15,1.1,0.75,1.85,5.0,0.7,0.5,0.15,20,1.0,1140.0,62.931507
50,4227,KMeans-init-NSGA2,v29_hpp_cost_front_boost_fast,REPORT,100.0,20,4645468365914.953,4.908839,100,48.986301,72.802718,109.082192,1140.0,1361.0,1560.0,0.0,0.0,0.0,49.15,0.5,0.35,0.85,4.65,0.2,0.35,0.55,20,1.0,1140.0,48.986301
50,4228,KMeans-init-NSGA2,v29_hpp_cost_front_boost_fast,REPORT,100.0,17,4644675575377.148,5.632255,100,49.027397,77.94473,109.246575,1140.0,1527.647059,2380.0,0.0,0.0,0.0,49.882353,0.117647,0.0,0.117647,4.882353,0.117647,0.0,0.882353,17,1.0,1140.0,49.027397
50,4229,KMeans-init-NSGA2,v29_hpp_cost_front_boost_fast,REPORT,100.0,17,4644473461009.908,5.034688,100,49.191781,83.233655,109.0,1140.0,1305.294118,1560.0,0.0,0.0,0.0,49.764706,0.117647,0.117647,0.235294,5.235294,0.117647,0.117647,0.764706,17,1.0,1140.0,49.191781
50,4230,KMeans-init-NSGA2,v29_hpp_cost_front_boost_fast,REPORT,100.0,19,4641306843356.468,5.475416,100,49.767123,78.335957,109.246575,1140.0,1442.631579,2150.0,0.0,0.0,0.0,49.473684,0.0,0.526316,0.526316,4.842105,0.0,0.368421,0.631579,19,1.0,1140.0,49.767123
50,4201,MOPSO,v29_hpp_cost_front_boost_fast,REPORT,100.0,100,4602863742461.729,4.362359,100,57.741622,111.436523,164.006403,1110.0,1319.148937,3127.523955,0.0,1.648139,82.406973,13.89,14.43,21.68,36.11,7.83,3.0,7.38,0.0,98,0.98,1110.0,74.181075
50,4202,MOPSO,v29_hpp_cost_front_boost_fast,REPORT,100.0,99,4494328872450.447,3.203724,73,80.325376,119.853528,163.959813,1112.197727,1412.588245,2237.96484,0.0,0.0,0.0,14.494949,14.919192,20.585859,35.505051,7.909091,3.0,7.656566,0.0,99,1.0,1112.197727,80.325376
50,4203,MOPSO,v29_hpp_cost_front_boost_fast,REPORT,100.0,100,4534452804427.396,4.240529,100,71.828,100.536147,147.671263,1130.0,1454.109801,2375.40702,0.0,1.975002,39.500049,14.17,15.37,20.46,35.83,7.88,2.9,7.65,0.0,95,0.95,1130.0,71.828
50,4204,MOPSO,v29_hpp_cost_front_boost_fast,REPORT,100.0,89,4523489711699.127,4.225388,100,72.907951,98.199979,164.946584,1190.0,1502.214341,1944.582175,0.0,7.485441,93.238353,12.0,14.752809,23.247191,38.0,7.932584,2.842697,7.11236,0.0,77,0.865169,1190.0,72.907951
50,4205,MOPSO,v29_hpp_cost_front_boost_fast,REPORT,100.0,76,4522278424905.077,4.207485,100,74.592363,101.002894,165.128956,1120.0,1413.852239,2404.631944,0.0,8.570118,96.644569,11.0,15.315789,23.684211,39.0,8.0,3.0,7.960526,0.0,65,0.855263,1120.0,74.592363
50,4206,MOPSO,v29_hpp_cost_front_boost_fast,REPORT,100.0,98,4513362104268.89,3.118034,72,76.235304,107.349123,143.87496,1120.0,1531.45534,2746.58056,0.0,2.960214,51.154286,13.397959,14.102041,22.5,36.602041,7.591837,2.969388,7.112245,0.0,91,0.928571,1120.0,76.235304
50,4207,MOPSO,v29_hpp_cost_front_boost_fast,REPORT,100.0,93,4520959965943.329,4.353455,100,74.631794,100.825295,146.132105,1120.0,1533.825642,2868.296762,0.0,2.110665,65.430619,12.139785,13.602151,24.258065,37.860215,7.989247,3.0,7.849462,0.0,90,0.967742,1120.0,74.631794
50,4208,MOPSO,v29_hpp_cost_front_boost_fast,REPORT,100.0,87,4529867406319.623,4.332697,100,73.149555,95.163906,148.06841,1110.0,1549.859963,2565.70588,0.0,1.762272,84.392713,12.965517,14.91954,22.114943,37.034483,8.0,3.0,7.528736,0.0,85,0.977011,1110.0,73.149555
50,4209,MOPSO,v29_hpp_cost_front_boost_fast,REPORT,100.0,94,4436485633271.985,1.795441,40,91.179533,119.917347,162.654538,1170.0,1448.154425,2558.170266,0.0,1.928944,57.039441,15.138298,13.468085,21.393617,34.861702,7.702128,3.0,7.234043,0.0,90,0.957447,1170.0,91.179533
50,4210,MOPSO,v29_hpp_cost_front_boost_fast,REPORT,100.0,98,4602771185866.93,4.37598,100,57.564603,96.841317,160.440695,1120.0,1559.087098,2430.280779,0.0,12.882968,98.79808,10.765306,16.785714,22.44898,39.234694,7.857143,3.0,7.438776,0.0,85,0.867347,1120.0,74.670931
50,4211,MOPSO,v29_hpp_cost_front_boost_fast,REPORT,100.0,99,4530647505693.086,4.34544,100,72.689173,97.626286,158.604389,1130.0,1418.309898,2407.802258,0.0,2.918771,94.001125,12.222222,15.383838,22.393939,37.777778,7.989899,2.989899,7.959596,0.0,93,0.939394,1130.0,73.750957
50,4212,MOPSO,v29_hpp_cost_front_boost_fast,REPORT,100.0,93,4522578221772.144,4.389396,100,73.556016,96.834585,159.92184,1170.0,1446.603239,2330.974608,0.0,0.0,0.0,11.806452,16.344086,21.849462,38.193548,7.827957,2.978495,7.774194,0.0,93,1.0,1170.0,73.556016
50,4213,MOPSO,v29_hpp_cost_front_boost_fast,REPORT,100.0,99,4527308113366.714,4.562883,100,73.650308,93.311066,161.273475,1120.0,1394.652316,2200.542284,0.0,1.125918,86.475962,13.777778,14.393939,21.828283,36.222222,7.676768,3.0,7.414141,0.0,97,0.979798,1120.0,73.650308
50,4214,MOPSO,v29_hpp_cost_front_boost_fast,REPORT,100.0,94,4599203420674.697,4.205996,100,58.366551,105.481463,164.622461,1120.0,1391.420356,3037.106982,0.0,0.0,0.0,12.659574,12.542553,24.797872,37.340426,7.978723,3.0,7.914894,0.0,94,1.0,1120.0,58.366551
50,4215,MOPSO,v29_hpp_cost_front_boost_fast,REPORT,100.0,97,4521748417043.391,4.271755,100,74.448956,102.672846,146.138569,1130.0,1435.186768,2114.997782,0.0,2.453464,88.200083,12.865979,13.731959,23.402062,37.134021,7.958763,3.0,7.814433,0.0,92,0.948454,1130.0,74.448956
50,4216,MOPSO,v29_hpp_cost_front_boost_fast,REPORT,100.0,92,4498550084496.054,3.438533,81,79.231315,110.215982,166.696312,1110.0,1645.013382,2936.177738,0.0,2.840198,87.099411,12.684783,15.293478,22.021739,37.315217,7.923913,3.0,7.402174,0.0,89,0.967391,1110.0,79.231315
50,4217,MOPSO,v29_hpp_cost_front_boost_fast,REPORT,100.0,99,4589753113794.699,4.171214,100,60.029647,94.82291,111.455421,1120.0,1500.018444,3329.811057,0.0,1.287289,72.271372,12.333333,15.252525,22.414141,37.666667,7.676768,2.969697,7.434343,0.0,96,0.969697,1120.0,60.029647
50,4218,MOPSO,v29_hpp_cost_front_boost_fast,REPORT,100.0,99,4517822142781.453,4.502412,100,75.400431,110.516395,145.332747,1120.0,1392.384492,2584.707954,0.0,0.0,0.0,14.080808,13.686869,22.232323,35.919192,7.89899,3.0,7.383838,0.0,99,1.0,1120.0,75.400431
50,4219,MOPSO,v29_hpp_cost_front_boost_fast,REPORT,100.0,100,4519367164439.255,4.18755,100,74.429597,101.098134,128.856037,1159.869632,1370.515617,2188.6253,0.0,0.0,0.0,13.97,15.01,21.02,36.03,7.71,3.0,7.33,0.0,100,1.0,1159.869632,74.429597
50,4220,MOPSO,v29_hpp_cost_front_boost_fast,REPORT,100.0,79,4521735023405.177,4.203712,100,74.681668,114.588941,165.622936,1110.0,1388.838913,2026.422555,0.0,0.0,0.0,12.202532,14.367089,23.43038,37.797468,7.873418,3.0,7.708861,0.0,79,1.0,1110.0,74.681668
50,4221,MOPSO,v29_hpp_cost_front_boost_fast,REPORT,100.0,90,4520541868132.199,4.256621,100,74.510063,100.013922,145.17179,1140.0,1502.310608,2675.191132,0.0,1.373995,59.803693,13.744444,14.466667,21.788889,36.255556,7.477778,2.988889,7.444444,0.0,87,0.966667,1140.0,74.510063
50,4222,MOPSO,v29_hpp_cost_front_boost_fast,REPORT,100.0,83,4521292707985.3125,4.26259,100,74.520232,111.670358,164.512621,1130.0,1376.142188,2151.105007,0.0,0.0,0.0,11.626506,14.590361,23.783133,38.373494,7.975904,3.0,7.710843,0.0,83,1.0,1130.0,74.520232
50,4223,MOPSO,v29_hpp_cost_front_boost_fast,REPORT,100.0,97,4444768719295.901,4.368065,100,90.754395,111.284631,147.246531,1110.0,1335.198503,2132.026758,0.0,0.461501,44.765579,15.103093,13.164948,21.731959,34.896907,7.639175,2.989691,7.546392,0.0,96,0.989691,1110.0,90.754395
50,4224,MOPSO,v29_hpp_cost_front_boost_fast,REPORT,100.0,100,4525590886183.314,4.447846,100,73.712857,100.052704,167.084452,1130.0,1437.745186,2443.722827,0.0,0.0,0.0,13.39,12.14,24.47,36.61,7.92,3.0,7.82,0.0,100,1.0,1130.0,73.712857
50,4225,MOPSO,v29_hpp_cost_front_boost_fast,REPORT,100.0,100,4613462213174.527,4.143062,100,55.508748,89.335129,147.153891,1120.0,1545.458299,3060.663845,0.0,1.960874,67.954135,15.29,16.35,18.36,34.71,7.09,3.0,6.67,0.0,96,0.96,1120.0,55.508748
50,4226,MOPSO,v29_hpp_cost_front_boost_fast,REPORT,100.0,100,4524914625690.589,2.927301,68,73.669473,100.680792,143.790342,1140.0,1375.776284,2532.69072,0.0,0.771726,77.172609,16.33,14.36,19.31,33.67,7.57,3.0,7.06,0.0,99,0.99,1140.0,73.669473
50,4227,MOPSO,v29_hpp_cost_front_boost_fast,REPORT,100.0,99,4513419609820.42,3.812643,93,75.019786,108.567209,165.695409,1180.0,1593.810329,2969.215847,0.0,1.08634,27.479675,11.808081,17.171717,21.020202,38.191919,7.828283,3.0,7.383838,0.0,95,0.959596,1180.0,75.019786
50,4228,MOPSO,v29_hpp_cost_front_boost_fast,REPORT,100.0,82,4518863855753.035,4.203032,100,74.759522,102.135088,147.631009,1140.0,1540.57119,2489.262602,0.0,2.544031,61.594589,16.195122,14.768293,19.036585,33.804878,7.841463,3.0,7.085366,0.0,76,0.926829,1140.0,74.759522
50,4229,MOPSO,v29_hpp_cost_front_boost_fast,REPORT,100.0,99,4528198459798.757,4.156501,100,73.366932,99.983448,142.487907,1120.0,1319.477652,1909.507535,0.0,0.0,0.0,11.393939,17.252525,21.353535,38.606061,7.727273,3.0,7.494949,0.0,99,1.0,1120.0,73.366932
50,4230,MOPSO,v29_hpp_cost_front_boost_fast,REPORT,100.0,87,4604600523808.519,4.111891,100,57.168926,97.552752,146.324492,1130.0,1536.716342,3807.788012,0.0,2.605094,89.972653,11.08046,16.517241,22.402299,38.91954,7.83908,3.0,7.827586,0.0,77,0.885057,1130.0,57.288862
50,4201,Trad-NSGA2,v29_hpp_cost_front_boost_fast,REPORT,100.0,15,4629281689898.52,5.939536,100,52.537424,67.893301,106.368261,1130.0,1435.235885,1895.032778,0.0,1.666667,25.0,16.866667,12.8,20.333333,33.133333,5.533333,2.8,5.533333,0.0,14,0.933333,1130.0,52.596622
50,4202,Trad-NSGA2,v29_hpp_cost_front_boost_fast,REPORT,100.0,22,4619087888825.596,5.885068,100,54.9705,72.752348,107.868311,1110.0,1399.981055,1984.189354,0.0,0.0,0.0,15.0,13.636364,21.363636,35.0,5.636364,2.954545,5.636364,0.0,22,1.0,1110.0,54.9705
50,4203,Trad-NSGA2,v29_hpp_cost_front_boost_fast,REPORT,100.0,26,4557446952233.696,6.117949,100,67.347261,78.02901,124.600393,1130.0,1403.144727,2050.58385,0.0,0.0,0.0,17.807692,6.461538,25.730769,32.192308,7.076923,2.0,7.038462,0.0,26,1.0,1130.0,67.347261
50,4204,Trad-NSGA2,v29_hpp_cost_front_boost_fast,REPORT,100.0,32,4700663878211.839,5.743355,100,37.404743,54.909416,90.512245,1130.0,2183.239728,3400.70418,0.0,0.0,0.0,13.15625,18.53125,18.3125,36.84375,6.90625,3.0,6.90625,0.0,32,1.0,1130.0,37.404743
50,4205,Trad-NSGA2,v29_hpp_cost_front_boost_fast,REPORT,100.0,30,4695483761312.631,6.025847,100,38.393004,71.918263,127.449674,1110.0,2081.321485,4171.793974,0.0,2.793842,83.815273,14.233333,13.833333,21.933333,35.766667,7.433333,2.966667,7.266667,0.0,29,0.966667,1110.0,38.393004
50,4206,Trad-NSGA2,v29_hpp_cost_front_boost_fast,REPORT,100.0,17,4627559246362.667,5.437627,100,52.924588,68.376435,105.186872,1130.0,1391.380754,1809.654795,0.0,0.0,0.0,20.058824,16.058824,13.882353,29.941176,5.235294,3.0,4.882353,0.0,17,1.0,1130.0,52.924588
50,4207,Trad-NSGA2,v29_hpp_cost_front_boost_fast,REPORT,100.0,18,4611047676223.569,5.863592,100,56.34186,76.935704,126.530717,1120.0,1538.943852,2046.610911,0.0,0.440619,7.931142,13.555556,16.388889,20.055556,36.444444,6.555556,3.0,6.555556,0.0,17,0.944444,1120.0,56.34186
50,4208,Trad-NSGA2,v29_hpp_cost_front_boost_fast,REPORT,100.0,18,4629771950421.494,6.000199,100,52.894707,68.317306,90.400753,1110.0,1274.120546,1445.77397,0.0,0.0,0.0,18.555556,12.055556,19.388889,31.444444,6.777778,3.0,6.611111,0.0,18,1.0,1110.0,52.894707
50,4209,Trad-NSGA2,v29_hpp_cost_front_boost_fast,REPORT,100.0,21,4636593965098.05,6.057569,100,51.175019,74.544036,106.110219,1120.0,1339.758632,1783.48659,0.0,0.0,0.0,16.571429,8.428571,25.0,33.428571,7.571429,2.619048,7.571429,0.0,21,1.0,1120.0,51.175019
50,4210,Trad-NSGA2,v29_hpp_cost_front_boost_fast,REPORT,100.0,11,4542974361065.247,5.906352,100,70.741154,81.543093,108.300384,1110.0,1232.269008,1551.712392,0.0,0.0,0.0,17.545455,11.090909,21.363636,32.454545,7.545455,3.0,7.454545,0.0,11,1.0,1110.0,70.741154
50,4211,Trad-NSGA2,v29_hpp_cost_front_boost_fast,REPORT,100.0,33,4627976616234.761,5.819031,100,52.879894,83.299803,127.258859,1110.0,1582.933295,2485.932387,0.0,6.534958,98.462252,15.030303,11.909091,23.060606,34.969697,6.848485,2.545455,6.484848,0.0,28,0.848485,1110.0,53.323385
50,4212,Trad-NSGA2,v29_hpp_cost_front_boost_fast,REPORT,100.0,39,4619220560751.27,5.684794,100,54.232842,64.343664,109.296263,1150.0,1492.41973,1854.534791,0.0,0.0,0.0,16.923077,14.871795,18.205128,33.076923,6.820513,3.0,6.564103,0.0,39,1.0,1150.0,54.232842
50,4213,Trad-NSGA2,v29_hpp_cost_front_boost_fast,REPORT,100.0,21,4550396735284.483,5.891191,100,68.790848,81.915846,106.99276,1130.0,1270.794373,1447.140694,0.0,0.0,0.0,17.904762,9.619048,22.47619,32.095238,7.333333,2.904762,7.285714,0.0,21,1.0,1130.0,68.790848
50,4214,Trad-NSGA2,v29_hpp_cost_front_boost_fast,REPORT,100.0,36,4622154155586.517,5.83085,100,54.151669,64.082541,104.855906,1120.0,1610.361562,2018.346286,0.0,18.095585,93.236325,15.111111,13.944444,20.944444,34.888889,7.444444,2.833333,7.361111,0.0,29,0.805556,1120.0,54.213841
50,4215,Trad-NSGA2,v29_hpp_cost_front_boost_fast,REPORT,100.0,30,4636556769764.207,5.741945,100,51.220393,85.328563,129.548087,1110.0,1421.507358,2119.021405,0.0,0.0,0.0,16.0,12.066667,21.933333,34.0,7.133333,2.633333,7.133333,0.0,30,1.0,1110.0,51.220393
50,4216,Trad-NSGA2,v29_hpp_cost_front_boost_fast,REPORT,100.0,62,4618200418902.504,5.848331,100,54.87786,63.944493,128.043383,1120.0,1877.041166,2673.210533,0.0,5.83436,78.549953,12.580645,12.5,24.919355,37.419355,7.080645,3.0,7.016129,0.0,34,0.548387,1120.0,54.977366
50,4217,Trad-NSGA2,v29_hpp_cost_front_boost_fast,REPORT,100.0,37,4638464067091.869,5.87488,100,49.957505,66.12737,90.144151,1170.0,1342.262765,1610.402494,0.0,0.0,0.0,17.675676,11.513514,20.810811,32.324324,6.081081,2.324324,5.945946,0.0,37,1.0,1170.0,49.957505
50,4218,Trad-NSGA2,v29_hpp_cost_front_boost_fast,REPORT,100.0,44,4713946395475.144,5.804869,100,34.585662,66.030846,107.846464,1120.0,2038.199017,4406.117567,0.0,0.308445,13.571579,14.5,14.022727,21.477273,35.5,6.772727,2.659091,6.772727,0.0,43,0.977273,1120.0,34.939055
50,4219,Trad-NSGA2,v29_hpp_cost_front_boost_fast,REPORT,100.0,18,4629900505687.896,5.765063,100,52.626362,76.163562,107.683184,1120.0,1277.500183,1500.0,0.0,0.0,0.0,18.0,12.888889,19.111111,32.0,5.888889,3.0,5.611111,0.0,18,1.0,1120.0,52.626362
50,4220,Trad-NSGA2,v29_hpp_cost_front_boost_fast,REPORT,100.0,50,4623133911474.596,6.077826,100,53.841163,64.258737,127.181807,1120.0,2021.554411,2850.579139,0.0,0.0,0.0,15.04,12.62,22.34,34.96,7.36,3.0,7.28,0.0,50,1.0,1120.0,53.841163
50,4221,Trad-NSGA2,v29_hpp_cost_front_boost_fast,REPORT,100.0,24,4714260180022.017,6.098792,100,34.631506,64.286168,105.680196,1120.0,1869.362108,2941.610619,0.0,7.357418,86.807787,13.708333,13.958333,22.333333,36.291667,7.25,2.208333,7.208333,0.0,21,0.875,1120.0,35.178764
50,4222,Trad-NSGA2,v29_hpp_cost_front_boost_fast,REPORT,100.0,31,4629731381893.107,6.108549,100,52.599013,72.436753,124.70198,1110.0,1722.383882,2802.326683,0.0,0.0,0.0,16.451613,9.064516,24.483871,33.548387,6.387097,2.290323,6.387097,0.0,31,1.0,1110.0,52.599013
50,4223,Trad-NSGA2,v29_hpp_cost_front_boost_fast,REPORT,100.0,24,4616515041004.894,5.981156,100,55.263623,70.325101,109.81905,1120.0,1755.236896,2730.35185,0.0,7.152356,98.974949,17.083333,14.166667,18.75,32.916667,6.333333,3.0,6.291667,0.0,21,0.875,1120.0,55.263623
50,4224,Trad-NSGA2,v29_hpp_cost_front_boost_fast,REPORT,100.0,27,4633081381852.85,5.902127,100,51.668603,68.243251,123.887493,1120.0,1790.867749,2817.735253,0.0,0.0,0.0,16.962963,10.888889,22.148148,33.037037,6.037037,2.148148,6.0,0.0,27,1.0,1120.0,51.668603
50,4225,Trad-NSGA2,v29_hpp_cost_front_boost_fast,REPORT,100.0,19,4568632521797.329,6.296784,100,65.225856,79.814518,109.087605,1120.0,1299.524495,1447.695441,0.0,0.0,0.0,18.631579,5.473684,25.894737,31.368421,7.473684,2.0,7.315789,0.0,19,1.0,1120.0,65.225856
50,4226,Trad-NSGA2,v29_hpp_cost_front_boost_fast,REPORT,100.0,31,4641928140931.406,5.802316,100,50.173765,59.376253,107.364401,1120.0,1436.261049,2066.789493,0.0,0.0,0.0,15.548387,13.322581,21.129032,34.451613,7.193548,2.741935,7.064516,0.0,31,1.0,1120.0,50.173765
50,4227,Trad-NSGA2,v29_hpp_cost_front_boost_fast,REPORT,100.0,18,4619650211278.957,5.719162,100,54.811584,83.649919,142.349303,1110.0,1365.64525,2092.248662,0.0,0.0,0.0,13.5,15.333333,21.166667,36.5,6.722222,3.0,6.555556,0.0,18,1.0,1110.0,54.811584
50,4228,Trad-NSGA2,v29_hpp_cost_front_boost_fast,REPORT,100.0,37,4622988006299.482,6.033579,100,53.751935,62.737747,86.62818,1130.0,1615.186351,2343.453235,0.0,0.0,0.0,16.594595,10.162162,23.243243,33.405405,7.135135,2.918919,7.135135,0.0,37,1.0,1130.0,53.751935
50,4229,Trad-NSGA2,v29_hpp_cost_front_boost_fast,REPORT,100.0,28,4620777361352.86,5.759352,100,54.402384,77.127105,142.403636,1120.0,1457.484791,2226.157952,0.0,0.0,0.0,19.0,12.25,18.75,31.0,5.285714,3.0,4.857143,0.0,28,1.0,1120.0,54.402384
50,4230,Trad-NSGA2,v29_hpp_cost_front_boost_fast,REPORT,100.0,29,4626193570138.418,5.813822,100,53.289808,74.107207,109.701598,1120.0,1472.830432,2259.789705,0.0,6.295086,91.278749,16.241379,11.896552,21.862069,33.758621,7.310345,3.0,7.275862,0.0,27,0.931034,1120.0,53.310723
100,4201,HPP-init-NSGA2,v29_hpp_cost_front_boost_fast,REPORT,100.0,18,3819356016114.948,23.80143,100,215.279673,228.454603,267.822781,1320.0,1537.222222,1680.0,0.0,26.111111,70.0,93.055556,3.166667,3.777778,6.944444,13.611111,1.5,2.166667,0.0,5,0.277778,1330.0,230.03204
100,4202,HPP-init-NSGA2,v29_hpp_cost_front_boost_fast,REPORT,100.0,16,3833459331952.6177,25.064464,100,211.980577,225.053595,259.215801,1350.0,1393.125,1770.0,0.0,30.0,70.0,91.0,2.25,6.75,9.0,13.125,1.5625,3.25,0.0,3,0.1875,1350.0,221.932354
100,4203,HPP-init-NSGA2,v29_hpp_cost_front_boost_fast,REPORT,100.0,28,3974112379410.945,21.649448,100,183.803137,210.281555,253.85957,1300.0,1446.785714,1640.0,0.0,38.214286,100.0,82.178571,9.214286,8.607143,17.821429,11.535714,3.535714,3.75,0.0,7,0.25,1300.0,211.270466
100,4204,HPP-init-NSGA2,v29_hpp_cost_front_boost_fast,REPORT,100.0,6,3796159466679.745,22.536796,100,219.690228,227.653722,243.127833,1350.0,1466.666667,1650.0,0.0,16.666667,50.0,89.666667,2.833333,7.5,10.333333,13.333333,1.333333,3.333333,0.0,3,0.5,1350.0,220.224475
100,4205,HPP-init-NSGA2,v29_hpp_cost_front_boost_fast,REPORT,100.0,8,3852593508913.844,23.550368,100,207.408495,217.678082,228.341682,1390.0,1477.5,1570.0,0.0,15.0,100.0,91.0,3.5,5.5,9.0,12.5,1.625,3.375,0.0,6,0.75,1390.0,207.434021
100,4206,HPP-init-NSGA2,v29_hpp_cost_front_boost_fast,REPORT,100.0,7,3793156200558.792,26.078273,100,220.886581,233.124632,239.009869,1310.0,1381.428571,1560.0,0.0,28.55714,89.89998,91.285714,3.714286,5.0,8.714286,13.714286,1.714286,2.714286,0.0,4,0.571429,1310.0,236.208241
100,4207,HPP-init-NSGA2,v29_hpp_cost_front_boost_fast,REPORT,100.0,20,3853744836436.892,25.863096,100,206.667665,220.473288,237.249475,1420.0,1554.0,1670.0,0.0,15.0,90.0,88.85,8.1,3.05,11.15,12.85,3.2,1.05,0.0,7,0.35,1420.0,221.064926
100,4208,HPP-init-NSGA2,v29_hpp_cost_front_boost_fast,REPORT,100.0,12,3877912351810.019,24.559922,100,203.20762,214.434504,252.043546,1330.0,1509.166667,1700.0,0.0,15.833333,70.0,90.916667,5.0,4.083333,9.083333,12.666667,1.75,1.583333,0.0,5,0.416667,1370.0,218.059987
100,4209,HPP-init-NSGA2,v29_hpp_cost_front_boost_fast,REPORT,100.0,4,3862556704030.3374,21.823004,100,205.195471,212.066561,220.576662,1400.0,1480.0,1700.0,0.0,10.0,20.0,89.5,6.75,3.75,10.5,12.25,2.75,1.75,0.0,2,0.5,1400.0,211.369005
100,4210,HPP-init-NSGA2,v29_hpp_cost_front_boost_fast,REPORT,100.0,7,3845454370489.606,24.125287,100,209.184928,219.390036,223.751663,1370.0,1420.0,1590.0,0.0,18.571429,60.0,90.428571,1.857143,7.714286,9.571429,12.857143,0.857143,3.428571,0.0,4,0.571429,1370.0,220.560898
100,4211,HPP-init-NSGA2,v29_hpp_cost_front_boost_fast,REPORT,100.0,13,3863587749478.756,23.741209,100,205.894708,227.98536,262.786592,1340.0,1533.076923,1810.0,0.0,26.923077,90.0,87.615385,5.615385,6.769231,12.384615,12.923077,2.538462,5.076923,0.0,3,0.230769,1340.0,220.37416
100,4212,HPP-init-NSGA2,v29_hpp_cost_front_boost_fast,REPORT,100.0,14,3866410257163.408,21.054209,100,204.831972,227.338311,240.128456,1370.0,1462.178817,1720.0,0.0,28.571429,70.0,91.142857,6.214286,2.642857,8.857143,13.357143,2.428571,1.5,0.0,7,0.5,1370.0,219.464066
100,4213,HPP-init-NSGA2,v29_hpp_cost_front_boost_fast,REPORT,100.0,15,3921650516673.4976,23.168364,100,193.275621,219.419097,242.654019,1380.0,1488.0,1650.0,0.0,25.121823,80.0,89.4,5.466667,5.133333,10.6,12.666667,2.533333,2.533333,0.0,6,0.4,1380.0,193.275621
100,4214,HPP-init-NSGA2,v29_hpp_cost_front_boost_fast,REPORT,100.0,9,3806701177460.408,22.542471,100,217.187866,225.120345,255.682091,1370.0,1503.333333,1810.0,0.0,5.034588,15.311289,88.666667,6.333333,5.0,11.333333,13.222222,2.0,2.222222,0.0,5,0.555556,1370.0,217.187866
100,4215,HPP-init-NSGA2,v29_hpp_cost_front_boost_fast,REPORT,100.0,8,3992961817387.126,23.248528,100,178.08152,206.862259,248.459946,1410.0,1530.43462,1630.0,0.0,18.166585,45.332678,89.125,4.5,6.375,10.875,12.375,1.125,4.5,0.0,3,0.375,1410.0,192.784635
100,4216,HPP-init-NSGA2,v29_hpp_cost_front_boost_fast,REPORT,100.0,10,3937931789822.989,20.464157,100,189.922073,197.871866,235.175673,1380.0,1542.0,1590.0,0.0,31.263761,87.01,89.7,7.1,3.2,10.3,11.4,2.0,1.7,0.0,2,0.2,1380.0,204.983211
100,4217,HPP-init-NSGA2,v29_hpp_cost_front_boost_fast,REPORT,100.0,7,3862684642506.132,21.587246,100,205.697002,212.840448,223.258646,1370.0,1381.428571,1390.0,0.0,10.0,40.0,89.428571,4.0,6.571429,10.571429,12.428571,1.0,3.285714,0.0,3,0.428571,1370.0,219.929879
100,4218,HPP-init-NSGA2,v29_hpp_cost_front_boost_fast,REPORT,100.0,15,3806960214276.132,21.180789,100,216.636323,222.045312,260.805755,1400.0,1503.333333,1810.0,0.0,51.333333,100.0,92.133333,5.066667,2.8,7.866667,13.0,2.2,1.866667,0.0,2,0.133333,1460.0,218.920476
100,4219,HPP-init-NSGA2,v29_hpp_cost_front_boost_fast,REPORT,100.0,18,3819706731323.92,20.518924,100,216.580682,237.019827,251.86091,1240.0,1331.666667,1540.0,0.0,12.777778,50.0,89.888889,3.611111,6.5,10.111111,13.777778,1.777778,3.555556,0.0,9,0.5,1250.0,231.882052
100,4220,HPP-init-NSGA2,v29_hpp_cost_front_boost_fast,REPORT,100.0,8,3927284237014.471,19.983807,100,193.101064,204.338059,219.795904,1320.0,1548.75,1720.0,0.0,30.0,90.0,89.25,4.25,6.5,10.75,11.875,1.375,2.5,0.0,3,0.375,1320.0,193.947283
100,4221,HPP-init-NSGA2,v29_hpp_cost_front_boost_fast,REPORT,100.0,15,3920133977398.4937,20.957598,100,193.294742,216.449057,247.519186,1400.0,1521.333333,1650.0,0.0,22.0,90.0,85.933333,8.4,5.666667,14.066667,12.2,3.466667,3.133333,0.0,4,0.266667,1410.0,207.786925
100,4222,HPP-init-NSGA2,v29_hpp_cost_front_boost_fast,REPORT,100.0,15,3863713791052.01,21.75613,100,205.216324,223.764129,238.778442,1380.0,1588.666667,1890.0,0.0,24.666667,80.0,90.733333,6.133333,3.133333,9.266667,13.2,2.066667,2.0,0.0,7,0.466667,1380.0,218.813646
100,4223,HPP-init-NSGA2,v29_hpp_cost_front_boost_fast,REPORT,100.0,18,3862890797349.424,21.738147,100,206.8858,224.173883,256.710461,1280.0,1621.666667,2120.0,0.0,27.222222,100.0,88.722222,5.555556,5.722222,11.277778,13.055556,2.277778,2.333333,0.0,5,0.277778,1310.0,220.48431
100,4224,HPP-init-NSGA2,v29_hpp_cost_front_boost_fast,REPORT,100.0,13,3806539337232.2,23.093624,100,217.210966,229.093489,245.044276,1370.0,1502.307692,1700.0,0.0,30.0,90.0,92.692308,4.846154,2.461538,7.307692,13.461538,2.615385,1.538462,0.0,4,0.307692,1390.0,217.255438
100,4225,HPP-init-NSGA2,v29_hpp_cost_front_boost_fast,REPORT,100.0,17,4000894613038.797,21.031212,100,177.428358,221.575803,240.15531,1340.0,1466.470588,1810.0,0.0,23.529412,100.0,90.058824,3.647059,6.294118,9.941176,12.941176,1.764706,2.411765,0.0,8,0.470588,1340.0,177.428358
100,4226,HPP-init-NSGA2,v29_hpp_cost_front_boost_fast,REPORT,100.0,5,3860987081704.779,20.674519,100,206.033757,218.460976,267.430386,1370.0,1552.0,1760.0,0.0,12.0,60.0,87.4,8.2,4.4,12.6,12.6,3.0,2.0,0.0,4,0.8,1370.0,206.147686
100,4227,HPP-init-NSGA2,v29_hpp_cost_front_boost_fast,REPORT,100.0,5,3802847118175.371,20.234223,100,219.127935,226.639839,237.910555,1298.402721,1389.680544,1510.0,0.0,0.0,0.0,91.2,8.6,0.2,8.8,13.4,3.2,0.2,0.0,5,1.0,1298.402721,219.127935
100,4228,HPP-init-NSGA2,v29_hpp_cost_front_boost_fast,REPORT,100.0,16,3920623987329.546,19.62449,100,193.333852,221.065603,248.411974,1390.0,1511.25,1720.0,0.0,34.016366,100.0,86.4375,7.125,6.4375,13.5625,12.875,2.375,3.375,0.0,4,0.25,1390.0,204.115751
100,4229,HPP-init-NSGA2,v29_hpp_cost_front_boost_fast,REPORT,100.0,17,3863466099569.237,21.789077,100,206.076323,243.785279,261.472631,1330.0,1401.176471,1540.0,0.0,24.705882,70.0,87.470588,6.882353,5.647059,12.529412,14.0,2.647059,3.529412,0.0,5,0.294118,1330.0,206.076323
100,4230,HPP-init-NSGA2,v29_hpp_cost_front_boost_fast,REPORT,100.0,6,3875315819877.812,22.930698,100,203.888117,227.182683,254.489204,1310.0,1486.666667,1650.0,0.0,8.333333,20.0,90.666667,4.333333,5.0,9.333333,13.833333,1.0,3.5,0.0,3,0.5,1520.0,203.888117
100,4201,KMeans-init-NSGA2,v29_hpp_cost_front_boost_fast,REPORT,150.0,15,3726590329378.996,14.045904,100,233.556243,245.248527,251.646146,1360.0,1482.0,1740.0,30.0,79.143908,150.0,96.333333,3.466667,0.2,3.666667,14.933333,2.0,0.2,0.0,0,0.0,,
100,4202,KMeans-init-NSGA2,v29_hpp_cost_front_boost_fast,REPORT,100.0,20,3727561726331.028,13.533932,100,232.661045,247.901259,256.497089,1420.0,1479.0,1550.0,0.0,44.851852,90.0,95.3,4.15,0.55,4.7,14.85,2.5,0.55,0.0,1,0.05,1550.0,245.895151
100,4203,KMeans-init-NSGA2,v29_hpp_cost_front_boost_fast,REPORT,100.0,13,3807117332736.376,11.873541,100,215.832499,223.907736,236.345764,1450.0,1494.615385,1710.0,0.0,34.405309,97.158627,94.692308,4.846154,0.461538,5.307692,13.384615,2.384615,0.461538,0.0,3,0.230769,1450.0,219.263572
100,4204,KMeans-init-NSGA2,v29_hpp_cost_front_boost_fast,REPORT,100.0,12,3776945431356.767,12.491909,100,222.87914,241.783477,252.146156,1390.0,1505.0,1820.0,10.0,44.166667,80.0,95.166667,4.0,0.833333,4.833333,14.5,2.25,0.833333,0.0,0,0.0,,
100,4205,KMeans-init-NSGA2,v29_hpp_cost_front_boost_fast,REPORT,100.0,18,3787373907767.944,11.369678,100,218.851766,240.35543,252.723851,1510.0,1572.777778,1800.0,0.0,29.444444,80.0,96.166667,3.333333,0.5,3.833333,14.388889,2.611111,0.5,0.0,4,0.222222,1570.0,237.495602
100,4206,KMeans-init-NSGA2,v29_hpp_cost_front_boost_fast,REPORT,100.0,6,3718054838697.841,13.890126,100,234.482816,244.522534,254.226433,1430.0,1468.333333,1640.0,0.0,8.048823,20.0,93.333333,6.166667,0.5,6.666667,14.5,3.5,0.5,0.0,2,0.333333,1430.0,249.235899
100,4207,KMeans-init-NSGA2,v29_hpp_cost_front_boost_fast,REPORT,100.0,9,3795609008655.749,13.152524,100,217.887294,234.764101,249.038193,1450.0,1617.777778,2010.0,20.0,39.176239,60.0,95.333333,4.444444,0.222222,4.666667,14.111111,2.222222,0.222222,0.0,0,0.0,,
100,4208,KMeans-init-NSGA2,v29_hpp_cost_front_boost_fast,REPORT,100.0,12,3813530811351.122,13.637655,100,216.23743,225.072455,241.410071,1340.0,1497.5,1630.0,0.0,35.12299,100.0,95.833333,3.083333,1.083333,4.166667,13.333333,2.166667,0.833333,0.0,1,0.083333,1450.0,241.410071
100,4209,KMeans-init-NSGA2,v29_hpp_cost_front_boost_fast,REPORT,100.0,8,3721717870238.204,12.50433,100,233.846846,242.952836,250.408704,1420.0,1531.25,1640.0,0.0,42.5,90.0,94.5,4.75,0.75,5.5,14.5,3.0,0.375,0.0,1,0.125,1540.0,250.408704
100,4210,KMeans-init-NSGA2,v29_hpp_cost_front_boost_fast,REPORT,100.0,16,3776205878767.8535,12.756526,100,223.744387,241.730545,252.840908,1340.0,1508.125,1700.0,10.0,48.643082,97.158627,93.625,5.9375,0.4375,6.375,14.375,3.25,0.4375,0.0,0,0.0,,
100,4211,KMeans-init-NSGA2,v29_hpp_cost_front_boost_fast,REPORT,100.0,8,3716449674713.4326,12.748077,100,234.339599,243.996905,251.039245,1450.0,1490.0,1520.0,20.0,50.894828,100.0,95.625,4.125,0.25,4.375,14.625,2.625,0.25,0.0,0,0.0,,
100,4212,KMeans-init-NSGA2,v29_hpp_cost_front_boost_fast,REPORT,100.0,5,3728641170430.549,13.180373,100,231.819853,238.699884,248.960966,1460.0,1530.0,1640.0,0.0,20.0,40.0,96.2,3.4,0.4,3.8,14.4,2.0,0.4,0.0,2,0.4,1460.0,234.954375
100,4213,KMeans-init-NSGA2,v29_hpp_cost_front_boost_fast,REPORT,150.0,6,3802870641948.604,11.839376,100,215.396155,237.662669,245.403302,1510.0,1570.0,1700.0,30.0,73.942431,123.654586,96.5,3.166667,0.333333,3.5,14.5,1.5,0.333333,0.0,0,0.0,,
100,4214,KMeans-init-NSGA2,v29_hpp_cost_front_boost_fast,REPORT,100.0,19,3875066151497.028,12.429886,100,204.442346,243.412558,255.270937,1280.0,1412.631579,1530.0,0.0,47.894737,100.0,94.421053,5.0,0.578947,5.578947,14.473684,3.210526,0.526316,0.0,4,0.210526,1430.0,219.799452
100,4215,KMeans-init-NSGA2,v29_hpp_cost_front_boost_fast,REPORT,100.0,8,3809334330803.97,13.462947,100,216.238363,234.511278,249.193287,1380.0,1606.25,2090.0,0.0,50.0,100.0,95.625,2.5,1.875,4.375,14.0,1.875,1.25,0.0,1,0.125,1510.0,249.193287
100,4216,KMeans-init-NSGA2,v29_hpp_cost_front_boost_fast,REPORT,100.0,7,3790402682367.286,11.135781,100,219.739945,223.67373,242.058697,1420.0,1475.714286,1490.0,0.0,27.142857,60.0,95.428571,4.0,0.571429,4.571429,13.142857,3.0,0.571429,0.0,3,0.428571,1420.0,222.243371
100,4217,KMeans-init-NSGA2,v29_hpp_cost_front_boost_fast,REPORT,100.0,14,3736506498397.9966,12.163176,100,230.346013,242.139106,252.082098,1450.0,1528.571429,1590.0,0.0,40.714286,100.0,95.571429,4.071429,0.357143,4.428571,14.571429,2.642857,0.357143,0.0,2,0.142857,1520.0,248.41472
100,4218,KMeans-init-NSGA2,v29_hpp_cost_front_boost_fast,REPORT,100.0,14,3732068157435.317,13.721179,100,231.2648,243.822109,252.426946,1440.0,1532.857143,1810.0,20.0,60.714286,100.0,95.357143,4.642857,0.0,4.642857,14.714286,2.5,0.0,0.0,0,0.0,,
100,4219,KMeans-init-NSGA2,v29_hpp_cost_front_boost_fast,REPORT,100.0,10,3804782168947.3706,12.639526,100,216.730768,239.093667,248.387768,1420.0,1477.0,1570.0,0.0,34.365459,90.0,96.0,3.5,0.5,4.0,14.4,2.3,0.5,0.0,4,0.4,1420.0,231.456795
100,4220,KMeans-init-NSGA2,v29_hpp_cost_front_boost_fast,REPORT,100.0,12,3673692455303.184,11.954324,100,245.021037,247.363937,251.65268,1340.0,1455.0,1560.0,0.0,44.526438,97.158627,95.75,4.0,0.25,4.25,15.0,2.416667,0.25,0.0,2,0.166667,1340.0,248.734872
100,4221,KMeans-init-NSGA2,v29_hpp_cost_front_boost_fast,REPORT,100.0,16,3802864928618.131,10.942278,100,217.098691,241.903731,249.176267,1420.0,1501.25,1710.0,0.0,65.625,100.0,96.3125,3.25,0.4375,3.6875,14.5625,2.5625,0.25,0.0,1,0.0625,1520.0,245.604802
100,4222,KMeans-init-NSGA2,v29_hpp_cost_front_boost_fast,REPORT,100.0,13,3745217876139.813,11.468729,100,231.039031,240.118205,255.025112,1290.0,1500.769231,1750.0,0.0,64.29178,100.0,95.0,4.0,1.0,5.0,14.307692,2.615385,1.0,0.0,1,0.076923,1590.0,248.244724
100,4223,KMeans-init-NSGA2,v29_hpp_cost_front_boost_fast,REPORT,100.0,18,3806197622711.714,9.92891,100,216.500154,224.243536,234.157902,1420.0,1473.333333,1540.0,0.0,50.555556,100.0,94.166667,5.833333,0.0,5.833333,13.444444,2.388889,0.0,0.0,3,0.166667,1420.0,231.102894
100,4224,KMeans-init-NSGA2,v29_hpp_cost_front_boost_fast,REPORT,100.0,8,3741631682481.722,11.88101,100,230.941702,244.810967,254.292412,1340.0,1413.75,1470.0,10.0,50.0,90.0,95.5,4.375,0.125,4.5,14.75,2.625,0.125,0.0,0,0.0,,
100,4225,KMeans-init-NSGA2,v29_hpp_cost_front_boost_fast,REPORT,100.0,3,3719873232220.109,10.478956,100,234.264997,246.412351,253.85589,1420.0,1433.333333,1460.0,0.0,19.556269,58.668807,91.666667,8.333333,0.0,8.333333,14.666667,4.0,0.0,0.0,2,0.666667,1420.0,234.264997
100,4226,KMeans-init-NSGA2,v29_hpp_cost_front_boost_fast,REPORT,100.0,10,3812222816648.784,9.509465,100,216.032138,236.067781,251.607795,1360.0,1539.0,1790.0,0.0,47.0,90.0,94.3,5.6,0.1,5.7,14.1,3.1,0.1,0.0,1,0.1,1360.0,251.607795
100,4227,KMeans-init-NSGA2,v29_hpp_cost_front_boost_fast,REPORT,100.0,14,3739201187705.914,9.771827,100,229.895151,243.810275,251.380776,1440.0,1571.428571,1830.0,0.0,42.654188,100.0,96.571429,3.071429,0.357143,3.428571,14.785714,2.071429,0.357143,0.0,2,0.142857,1510.0,245.648576
100,4228,KMeans-init-NSGA2,v29_hpp_cost_front_boost_fast,REPORT,100.0,11,3734994794877.816,9.425818,100,230.344528,241.20159,250.392042,1470.0,1533.636364,1550.0,0.0,30.134171,100.0,95.727273,4.272727,0.0,4.272727,14.545455,2.727273,0.0,0.0,3,0.272727,1520.0,247.645898
100,4229,KMeans-init-NSGA2,v29_hpp_cost_front_boost_fast,REPORT,100.0,9,3816476007591.0615,8.140018,100,215.680782,228.750305,247.892664,1340.0,1390.0,1660.0,0.0,23.333333,80.0,93.888889,6.111111,0.0,6.111111,13.777778,2.555556,0.0,0.0,4,0.444444,1340.0,219.057047
100,4230,KMeans-init-NSGA2,v29_hpp_cost_front_boost_fast,REPORT,100.0,7,3746207381918.655,10.908161,100,228.360691,231.173399,234.155425,1450.0,1637.142857,1890.0,0.0,56.758453,93.654586,97.285714,2.714286,0.0,2.714286,14.0,2.0,0.0,0.0,1,0.142857,1630.0,234.155425
100,4201,MOPSO,v29_hpp_cost_front_boost_fast,REPORT,3768.7617748628,51,3534383995777.8257,7.799798,100,262.344081,285.871135,316.988648,1690.0,1867.883894,2500.0,753.752355,2064.429466,3480.748596,40.333333,30.352941,29.313725,59.666667,14.529412,5.0,13.254902,0.0,0,0.0,,
100,4202,MOPSO,v29_hpp_cost_front_boost_fast,REPORT,4324.116819777478,50,3599799671877.476,7.513829,100,247.966016,284.58737,318.018266,1670.0,1809.60629,2200.0,864.823364,2046.148382,4257.242683,37.58,28.98,33.44,62.42,15.0,5.0,13.74,0.0,0,0.0,,
100,4203,MOPSO,v29_hpp_cost_front_boost_fast,REPORT,8258.153315918982,92,3586865889832.453,5.509893,61,241.808511,291.593637,329.821061,1780.0,1982.627012,2860.0,1651.630663,4036.061879,8109.954931,39.717391,28.228261,32.054348,60.282609,14.869565,4.98913,13.119565,0.0,0,0.0,,
100,4204,MOPSO,v29_hpp_cost_front_boost_fast,REPORT,5938.625510679347,81,3728641934965.271,6.892444,90,217.356147,260.722408,320.326442,1670.0,1984.830497,2490.0,1187.725102,3553.120961,5892.306224,36.419753,29.839506,33.740741,63.580247,14.617284,5.0,13.271605,0.0,0,0.0,,
100,4205,MOPSO,v29_hpp_cost_front_boost_fast,REPORT,8519.376452967614,91,3576587469970.3906,4.33959,57,245.817393,280.470532,318.91629,1660.0,2006.055055,2640.0,1703.875291,4137.065901,8350.03316,37.450549,29.120879,33.428571,62.549451,14.967033,5.0,13.868132,0.0,0,0.0,,
100,4206,MOPSO,v29_hpp_cost_front_boost_fast,REPORT,7192.658518926803,80,3582482965490.5327,4.088308,44,245.04788,285.921856,319.333846,1756.153698,2031.437639,2610.0,1438.531704,3624.432776,6914.871096,43.55,27.8,28.65,56.45,14.7375,5.0,12.95,0.0,0,0.0,,
100,4207,MOPSO,v29_hpp_cost_front_boost_fast,REPORT,5380.29149832295,78,3581819808608.112,6.989631,80,250.452483,274.065497,311.912445,1629.999434,1918.705987,2477.570246,1076.0583,3457.909412,5295.491075,37.551282,29.384615,33.064103,62.448718,14.987179,5.0,13.128205,0.0,0,0.0,,
100,4208,MOPSO,v29_hpp_cost_front_boost_fast,REPORT,6057.138786073381,83,3658814305305.15,7.576069,100,233.492037,271.10232,318.318106,1594.158627,1825.185363,2340.0,1211.427757,3318.012393,5880.539985,38.012048,28.457831,33.53012,61.987952,14.433735,5.0,13.698795,0.0,0,0.0,,
100,4209,MOPSO,v29_hpp_cost_front_boost_fast,REPORT,7440.08501684136,94,3589963524063.971,7.762116,100,244.566483,279.725522,320.240985,1690.0,1914.775291,2390.0,1488.017003,3954.98519,7010.799014,40.946809,30.797872,28.255319,59.053191,14.414894,5.0,12.968085,0.0,0,0.0,,
100,4210,MOPSO,v29_hpp_cost_front_boost_fast,REPORT,6430.695747690426,73,3659923780107.2207,7.98069,100,230.996145,264.916363,318.343727,1700.0,1916.45491,2200.0,1286.13915,3439.815395,6403.001202,36.383562,30.547945,33.068493,63.616438,14.219178,5.0,13.260274,0.0,0,0.0,,
100,4211,MOPSO,v29_hpp_cost_front_boost_fast,REPORT,4862.310962044416,72,3626581851136.4014,6.413554,82,244.670923,284.348713,316.443746,1420.0,1832.823572,2185.373011,972.462192,2272.181868,4636.412888,39.263889,28.708333,32.027778,60.736111,14.847222,5.0,13.472222,0.0,0,0.0,,
100,4212,MOPSO,v29_hpp_cost_front_boost_fast,REPORT,7008.709314032585,86,3608626535513.08,8.062788,100,239.856632,279.77314,322.950844,1745.823952,1964.302,2310.0,1401.741863,3916.899044,6846.526069,41.872093,29.94186,28.186047,58.127907,14.604651,5.0,12.616279,0.0,0,0.0,,
100,4213,MOPSO,v29_hpp_cost_front_boost_fast,REPORT,7004.90108250306,84,3602023539721.883,7.69497,100,244.048381,278.747769,319.914195,1610.0,1859.293269,2550.0,1400.980217,3858.500969,6872.278067,37.22619,28.25,34.52381,62.77381,14.964286,5.0,14.02381,0.0,0,0.0,,
100,4214,MOPSO,v29_hpp_cost_front_boost_fast,REPORT,7419.251927396477,75,3585872205078.9644,6.722569,85,245.453139,285.220141,326.631257,1680.0,1936.132888,2540.0,1483.850385,3747.331518,7202.612274,39.773333,27.08,33.146667,60.226667,14.88,5.0,13.573333,0.0,0,0.0,,
100,4215,MOPSO,v29_hpp_cost_front_boost_fast,REPORT,4119.768209588813,76,3630357545681.961,7.286782,100,242.71239,276.117237,317.327991,1620.0,1827.52417,2270.0,823.953642,2219.554473,4049.986074,39.342105,27.539474,33.118421,60.657895,14.828947,5.0,14.118421,0.0,0,0.0,,
100,4216,MOPSO,v29_hpp_cost_front_boost_fast,REPORT,3571.4375307688806,44,3604579155535.679,7.414215,100,248.333395,281.79601,319.890937,1630.0,1919.959333,2410.0,714.287506,2453.391907,3554.547165,37.863636,29.931818,32.204545,62.136364,14.886364,5.0,13.840909,0.0,0,0.0,,
100,4217,MOPSO,v29_hpp_cost_front_boost_fast,REPORT,4875.608878711239,69,3572144071893.907,6.202856,83,253.472063,280.487231,319.047165,1630.0,1993.61772,2380.0,975.121776,2679.368081,4619.551692,38.855072,31.449275,29.695652,61.144928,14.869565,5.0,12.681159,0.0,0,0.0,,
100,4218,MOPSO,v29_hpp_cost_front_boost_fast,REPORT,4822.396626954885,77,3598698189948.981,6.733444,91,246.945708,282.925133,322.841283,1690.0,1909.879903,2530.0,964.479325,2762.067009,4781.747005,38.12987,28.818182,33.051948,61.87013,14.987013,5.0,14.168831,0.0,0,0.0,,
100,4219,MOPSO,v29_hpp_cost_front_boost_fast,REPORT,3037.269325801508,47,3484816262341.2505,5.941365,77,275.100438,292.195073,321.988434,1592.973425,1917.961028,2234.936396,607.453865,2108.131179,2751.404414,37.489362,30.829787,31.680851,62.510638,14.978723,5.0,13.510638,0.0,0,0.0,,
100,4220,MOPSO,v29_hpp_cost_front_boost_fast,REPORT,5798.365346495738,82,3697196201440.124,7.125679,100,226.149986,261.776258,317.31664,1600.0,1879.587643,2520.0,1159.673069,2956.826579,5594.492593,35.646341,29.731707,34.621951,64.353659,14.707317,5.0,13.682927,0.0,0,0.0,,
100,4221,MOPSO,v29_hpp_cost_front_boost_fast,REPORT,9246.38884885216,80,3582912952591.8174,4.492938,59,244.090399,271.685315,317.350112,1660.0,1886.60113,2587.770434,1849.27777,4185.830272,8784.619427,39.7125,28.75,31.5375,60.2875,14.775,5.0,13.35,0.0,0,0.0,,
100,4222,MOPSO,v29_hpp_cost_front_boost_fast,REPORT,8083.118604610783,94,3744457841885.644,7.093587,100,210.005769,251.724662,317.488686,1728.665283,1886.273284,2270.0,1616.623721,3713.06982,7963.352925,34.053191,28.329787,37.617021,65.946809,14.585106,5.0,13.978723,0.0,0,0.0,,
100,4223,MOPSO,v29_hpp_cost_front_boost_fast,REPORT,7090.842301082364,84,3669251284930.782,6.351637,88,228.868423,270.997718,317.907074,1600.0,1904.84957,2504.906291,1418.16846,4201.939514,6848.008742,35.857143,31.785714,32.357143,64.142857,14.833333,5.0,14.142857,0.0,0,0.0,,
100,4224,MOPSO,v29_hpp_cost_front_boost_fast,REPORT,2952.187878314792,77,3628742252471.219,5.247216,70,245.622337,278.091864,315.672744,1561.338848,1825.308959,2250.0,590.437576,2135.13998,2920.864581,36.272727,28.831169,34.896104,63.727273,14.714286,5.0,14.064935,0.0,0,0.0,,
100,4225,MOPSO,v29_hpp_cost_front_boost_fast,REPORT,2022.2740368983868,26,3552591645964.6816,7.092837,100,260.555205,278.199396,313.421558,1730.0,1975.931753,2170.0,404.454807,1533.758519,2014.662306,37.5,30.153846,32.346154,62.5,14.076923,4.961538,13.0,0.0,0,0.0,,
100,4226,MOPSO,v29_hpp_cost_front_boost_fast,REPORT,4796.170396826186,79,3703369956423.496,6.938943,100,226.592309,277.948019,321.109666,1559.008351,1830.922599,2200.0,959.234079,2507.277057,4609.301803,34.531646,29.607595,35.860759,65.468354,14.860759,5.0,14.025316,0.0,0,0.0,,
100,4227,MOPSO,v29_hpp_cost_front_boost_fast,REPORT,3674.893010793239,90,3661064547220.196,7.279426,100,238.527531,262.596951,314.774016,1530.0,1788.189282,2440.0,734.978602,2187.09611,3619.936746,34.866667,29.366667,35.766667,65.133333,14.911111,5.0,13.788889,0.0,0,0.0,,
100,4228,MOPSO,v29_hpp_cost_front_boost_fast,REPORT,4185.855257863533,43,3594019569472.278,4.952132,63,248.69399,285.063685,322.988232,1680.942082,1901.126144,2270.0,837.171052,2653.342552,3861.488363,38.511628,27.139535,34.348837,61.488372,14.767442,5.0,13.488372,0.0,0,0.0,,
100,4229,MOPSO,v29_hpp_cost_front_boost_fast,REPORT,4913.212189623622,76,3634524014363.2974,7.304022,100,240.635006,279.573669,319.643652,1580.0,1864.91609,2500.0,982.642438,2625.867036,4451.338654,38.144737,29.763158,32.092105,61.855263,14.868421,5.0,13.184211,0.0,0,0.0,,
100,4230,MOPSO,v29_hpp_cost_front_boost_fast,REPORT,7455.750340439895,86,3580556149547.62,3.487326,45,245.360881,281.301183,319.012852,1746.947383,1995.844926,2650.0,1491.150068,3863.193158,6885.885299,39.337209,28.697674,31.965116,60.662791,14.813953,5.0,13.837209,0.0,0,0.0,,
100,4201,Trad-NSGA2,v29_hpp_cost_front_boost_fast,REPORT,100.0,7,3586057923371.477,9.035338,100,258.5158,293.756964,315.436221,1630.0,1732.857143,1790.0,0.0,53.098861,92.579402,38.714286,32.428571,28.857143,61.285714,14.428571,5.0,12.714286,0.0,1,0.142857,1730.0,315.436221
100,4202,Trad-NSGA2,v29_hpp_cost_front_boost_fast,REPORT,292.7731358168592,8,3519804783055.3184,8.904013,100,273.793168,291.169637,312.848782,1500.0,1565.604161,1660.0,58.554627,204.292197,291.928156,38.625,27.375,34.0,61.375,14.875,5.0,13.75,0.0,0,0.0,,
100,4203,Trad-NSGA2,v29_hpp_cost_front_boost_fast,REPORT,200.0,2,3317211791404.1904,9.768197,100,309.931351,310.172471,310.413592,1910.0,1910.0,1910.0,40.0,60.0,80.0,45.5,24.5,30.0,54.5,15.0,5.0,13.0,0.0,0,0.0,,
100,4204,Trad-NSGA2,v29_hpp_cost_front_boost_fast,REPORT,395.0160332694577,13,3564953595697.6045,8.973253,100,262.219333,298.091426,315.436047,1632.952679,1724.188776,1810.0,79.003207,268.073147,386.927027,38.615385,31.615385,29.769231,61.384615,14.615385,5.0,12.538462,0.0,0,0.0,,
100,4205,Trad-NSGA2,v29_hpp_cost_front_boost_fast,REPORT,423.6067977499789,4,3292309616129.9604,9.400524,100,311.505904,313.136021,313.953475,2140.0,2140.0,2140.0,84.72136,241.164509,367.55858,45.0,21.5,33.5,55.0,15.0,5.0,12.5,0.0,0,0.0,,
100,4206,Trad-NSGA2,v29_hpp_cost_front_boost_fast,REPORT,100.0,3,3489648028124.6978,12.876892,100,277.333151,287.684477,304.734423,1710.0,1756.666667,1780.0,0.0,44.818534,73.204458,40.333333,29.666667,30.0,59.666667,14.0,5.0,12.666667,0.0,1,0.333333,1780.0,304.734423
100,4207,Trad-NSGA2,v29_hpp_cost_front_boost_fast,REPORT,1522.5856596663812,22,3733931102496.864,10.616731,100,225.944426,268.749944,300.106611,1582.937814,1759.625563,2170.0,304.517132,871.591518,1478.462199,38.818182,28.136364,33.045455,61.181818,14.181818,5.0,13.5,0.0,0,0.0,,
100,4208,Trad-NSGA2,v29_hpp_cost_front_boost_fast,REPORT,812.272284560915,15,3662211134509.028,9.270477,100,242.699465,266.55726,289.716335,1548.533817,1647.513971,1934.955288,162.454457,466.038502,792.444979,37.866667,28.133333,34.0,62.133333,13.933333,5.0,13.466667,0.0,0,0.0,,
100,4209,Trad-NSGA2,v29_hpp_cost_front_boost_fast,REPORT,100.0,3,3447334119286.2607,9.514164,100,289.926671,291.376159,292.301319,1450.422389,1541.083744,1603.247631,0.0,42.345364,66.509274,42.666667,25.333333,32.0,57.333333,14.333333,5.0,13.0,0.0,1,0.333333,1450.422389,292.301319
100,4210,Trad-NSGA2,v29_hpp_cost_front_boost_fast,REPORT,100.0,7,3383709417677.5635,9.452975,100,298.547952,310.30886,313.684938,1760.6145,1840.481604,2000.424825,0.0,42.54533,82.876686,38.571429,32.142857,29.285714,61.428571,14.857143,5.0,13.0,0.0,1,0.142857,1888.621426,311.214
100,4211,Trad-NSGA2,v29_hpp_cost_front_boost_fast,REPORT,100.0,9,3424738775761.97,9.211058,100,291.957535,305.791958,312.631073,1630.0,1683.034828,1900.62988,0.0,30.940475,69.906092,37.444444,31.444444,31.111111,62.555556,14.777778,5.0,12.444444,0.0,2,0.222222,1660.213574,295.286116
100,4212,Trad-NSGA2,v29_hpp_cost_front_boost_fast,REPORT,502.0670919492352,13,3653605669810.6655,9.919403,100,244.142171,264.394419,292.738507,1610.0,1736.153846,2130.0,100.413418,231.344584,475.93146,45.846154,27.769231,26.384615,54.153846,14.153846,5.0,12.538462,0.0,0,0.0,,
100,4213,Trad-NSGA2,v29_hpp_cost_front_boost_fast,REPORT,582.9567989040584,8,3498060869554.832,9.660956,100,276.39295,291.920284,309.870149,1590.0,1727.606668,1898.0199,116.59136,377.906222,567.753027,39.375,31.25,29.375,60.625,14.25,5.0,12.5,0.0,0,0.0,,
100,4214,Trad-NSGA2,v29_hpp_cost_front_boost_fast,REPORT,1075.36110214355,9,3656102080768.4775,9.831587,100,243.647539,281.899815,309.478419,1540.0,1623.939328,1670.0,215.07222,687.691409,1070.940582,38.777778,29.444444,31.777778,61.222222,14.111111,5.0,12.222222,0.0,0,0.0,,
100,4215,Trad-NSGA2,v29_hpp_cost_front_boost_fast,REPORT,100.0,3,3334330739560.194,9.532638,100,310.800745,312.177148,313.957918,1620.0,1690.0,1730.0,0.0,20.233862,40.701587,42.666667,26.666667,30.666667,57.333333,15.0,5.0,14.0,0.0,1,0.333333,1730.0,313.957918
100,4216,Trad-NSGA2,v29_hpp_cost_front_boost_fast,REPORT,556.4169618385722,5,3568537608038.9395,9.718991,100,261.697156,283.386506,303.861418,1600.0,1658.0,1780.0,111.283392,371.641131,526.198514,41.8,27.8,30.4,58.2,14.2,5.0,11.6,0.0,0,0.0,,
100,4217,Trad-NSGA2,v29_hpp_cost_front_boost_fast,REPORT,1761.0688820455534,18,3731806310440.039,9.024327,100,226.72062,263.745482,297.673307,1540.0,1619.124625,1720.0,352.213776,938.922228,1503.712253,34.055556,28.055556,37.888889,65.944444,14.555556,5.0,13.722222,0.0,0,0.0,,
100,4218,Trad-NSGA2,v29_hpp_cost_front_boost_fast,REPORT,532.9720540942185,7,3593447608655.784,9.263287,100,257.873134,283.575081,304.39451,1520.0,1570.079784,1619.6143,106.594411,287.49697,447.42655,36.714286,25.285714,38.0,63.285714,14.857143,5.0,13.142857,0.0,0,0.0,,
100,4219,Trad-NSGA2,v29_hpp_cost_front_boost_fast,REPORT,100.0,4,3406451697187.497,9.45785,100,294.002775,306.668103,313.432695,1740.0,1963.414436,2110.0,0.0,39.498849,85.338152,45.25,26.0,28.75,54.75,14.75,5.0,13.25,0.0,2,0.5,1740.0,309.612106
100,4220,Trad-NSGA2,v29_hpp_cost_front_boost_fast,REPORT,100.0,2,3421830319347.4546,9.480582,100,293.879411,294.998063,296.116714,1540.0,1607.168185,1674.33637,0.0,0.0,0.0,36.5,30.5,33.0,63.5,14.0,5.0,13.5,0.0,2,1.0,1540.0,293.879411
100,4221,Trad-NSGA2,v29_hpp_cost_front_boost_fast,REPORT,100.0,5,3411453408665.119,8.898344,100,296.290552,309.643701,313.541732,1515.82187,1684.053059,1751.481142,0.0,31.352094,66.760472,38.4,30.0,31.6,61.6,15.0,5.0,14.0,0.0,1,0.2,1751.481142,313.541732
100,4222,Trad-NSGA2,v29_hpp_cost_front_boost_fast,REPORT,1128.2917878276182,5,3465867179943.614,9.726219,100,279.731669,299.065491,313.374496,1755.395567,1822.812466,1907.153147,225.658358,607.853122,1080.694035,38.2,31.4,30.4,61.8,14.8,5.0,13.8,0.0,0,0.0,,
100,4223,Trad-NSGA2,v29_hpp_cost_front_boost_fast,REPORT,1925.682226697038,27,3711919495443.788,9.283334,100,230.759317,261.917117,314.613973,1530.0,1693.5723,2010.0,385.136445,1165.51397,1917.114939,37.62963,29.185185,33.185185,62.37037,14.481481,5.0,13.62963,0.0,0,0.0,,
100,4224,Trad-NSGA2,v29_hpp_cost_front_boost_fast,REPORT,100.0,3,3426684763805.0234,9.345011,100,289.697634,294.544799,304.201259,1750.0,1750.0,1750.0,15.086181,43.549765,90.476933,36.666667,26.0,37.333333,63.333333,14.333333,5.0,11.0,0.0,0,0.0,,
100,4225,Trad-NSGA2,v29_hpp_cost_front_boost_fast,REPORT,227.41142314141257,6,3478692273430.3013,9.24879,100,280.155966,304.524001,311.465365,1640.0,1800.195559,1900.0,45.482285,165.57051,216.723241,39.666667,28.833333,31.5,60.333333,14.666667,5.0,12.333333,0.0,0,0.0,,
100,4226,Trad-NSGA2,v29_hpp_cost_front_boost_fast,REPORT,100.0,2,3409488022019.7803,8.849636,100,294.322605,301.752033,309.181461,1683.915363,1701.957681,1720.0,0.0,10.617058,21.234116,37.0,30.0,33.0,63.0,15.0,5.0,14.0,0.0,1,0.5,1683.915363,309.181461
100,4227,Trad-NSGA2,v29_hpp_cost_front_boost_fast,REPORT,306.7874868893682,7,3652141167489.047,9.47982,100,246.157625,277.021166,297.507024,1510.0,1669.336467,1778.734537,61.357497,162.081157,249.57204,41.285714,26.0,32.714286,58.714286,14.571429,5.0,13.285714,0.0,0,0.0,,
100,4228,Trad-NSGA2,v29_hpp_cost_front_boost_fast,REPORT,177.85249330397164,3,3487968710048.656,9.318092,100,278.825796,288.993838,294.353672,1610.0,1732.94348,1940.0,35.570499,66.858855,112.401931,41.333333,30.333333,28.333333,58.666667,14.666667,5.0,13.0,0.0,0,0.0,,
100,4229,Trad-NSGA2,v29_hpp_cost_front_boost_fast,REPORT,100.0,4,3418063132212.865,10.421211,100,293.540785,297.17503,307.952837,1610.0,1693.705065,1915.256486,12.738365,61.938554,79.621205,45.0,28.5,26.5,55.0,14.25,5.0,12.0,0.0,0,0.0,,
100,4230,Trad-NSGA2,v29_hpp_cost_front_boost_fast,REPORT,1393.4337972848716,19,3659835657865.6514,9.528021,100,242.281931,277.148936,313.663833,1553.980257,1715.472645,2090.0,278.686759,624.422831,1265.802607,39.052632,26.894737,34.052632,60.947368,14.315789,5.0,12.842105,0.0,0,0.0,,
50,4201,HPP-init-NSGA2,v29_hpp_cost_front_boost_fast,REPORT,100.0,4,4332362448595.917,14.748526,100,109.656967,111.293665,112.694111,1340.0,1462.5,1600.0,0.0,0.0,0.0,37.5,9.75,2.75,12.5,6.0,2.5,1.0,0.0,4,1.0,1340.0,109.656967
50,4202,HPP-init-NSGA2,v29_hpp_cost_front_boost_fast,REPORT,100.0,5,4247616221089.941,13.089003,100,124.919037,126.902727,128.812368,1460.0,1520.0,1630.0,0.0,27.173708,67.93427,39.0,7.8,3.2,11.0,7.0,2.0,1.4,0.0,3,0.6,1460.0,124.919037
50,4203,HPP-init-NSGA2,v29_hpp_cost_front_boost_fast,REPORT,100.0,16,4284912267422.336,12.35058,100,120.637133,127.603545,136.451109,1270.0,1420.677716,1630.0,0.0,39.795653,96.730443,37.5,7.125,5.375,12.5,7.125,1.6875,2.5625,0.0,7,0.4375,1270.0,121.29085
50,4204,HPP-init-NSGA2,v29_hpp_cost_front_boost_fast,REPORT,100.0,8,4243511416902.01,12.059504,100,127.305806,138.723298,154.707564,1370.0,1501.15652,1690.0,0.0,0.0,0.0,41.625,5.0,3.375,8.375,7.875,1.375,2.0,0.0,8,1.0,1370.0,127.305806
50,4205,HPP-init-NSGA2,v29_hpp_cost_front_boost_fast,REPORT,100.0,6,4253642095022.099,11.475831,100,125.413001,134.043124,140.073434,1360.0,1503.333333,1690.0,0.0,51.666667,90.0,43.166667,5.166667,1.666667,6.833333,7.666667,1.666667,1.0,0.0,2,0.333333,1360.0,137.376327
50,4206,HPP-init-NSGA2,v29_hpp_cost_front_boost_fast,REPORT,100.0,21,4354785808241.0913,11.35076,100,106.762505,121.722269,141.265949,1240.0,1450.652841,1640.0,0.0,54.285714,100.0,41.047619,4.761905,4.190476,8.952381,7.142857,1.666667,2.238095,0.0,6,0.285714,1240.0,121.737578
50,4207,HPP-init-NSGA2,v29_hpp_cost_front_boost_fast,REPORT,100.0,9,4267957888979.894,11.289106,100,123.89298,136.63612,158.683232,1280.0,1428.888889,1620.0,0.0,34.608431,97.158627,40.333333,7.0,2.666667,9.666667,7.555556,2.555556,1.666667,0.0,5,0.555556,1290.0,137.406366
50,4208,HPP-init-NSGA2,v29_hpp_cost_front_boost_fast,REPORT,100.0,14,4265180397170.0015,11.413253,100,123.810896,132.473721,156.232606,1320.0,1411.428571,1600.0,0.0,26.725866,94.16212,40.857143,6.785714,2.357143,9.142857,7.357143,2.5,1.357143,0.0,6,0.428571,1320.0,123.941595
50,4209,HPP-init-NSGA2,v29_hpp_cost_front_boost_fast,REPORT,100.0,8,4191737111347.372,11.52313,100,136.429911,141.078652,151.655556,1460.0,1498.75,1570.0,0.0,20.079694,70.0,43.0,4.625,2.375,7.0,8.0,2.0,1.5,0.0,3,0.375,1460.0,139.649663
50,4210,HPP-init-NSGA2,v29_hpp_cost_front_boost_fast,REPORT,100.0,8,4203366611834.097,11.225008,100,137.049034,140.017248,145.330458,1290.0,1405.0,1840.0,0.0,29.967627,94.113405,41.25,7.75,1.0,8.75,8.0,2.625,0.625,0.0,5,0.625,1300.0,137.049034
50,4211,HPP-init-NSGA2,v29_hpp_cost_front_boost_fast,REPORT,100.0,9,4211152677316.7935,11.431004,100,135.440753,143.630806,152.870963,1290.0,1380.0,1520.0,0.0,23.337466,70.0,40.444444,6.333333,3.222222,9.555556,8.0,2.333333,2.111111,0.0,4,0.444444,1290.0,135.560115
50,4212,HPP-init-NSGA2,v29_hpp_cost_front_boost_fast,REPORT,100.0,3,4260004863769.6206,10.542128,100,125.720715,132.60364,136.150313,1270.0,1393.333333,1620.0,0.0,0.0,0.0,42.0,7.333333,0.666667,8.0,7.666667,2.0,0.333333,0.0,3,1.0,1270.0,125.720715
50,4213,HPP-init-NSGA2,v29_hpp_cost_front_boost_fast,REPORT,100.0,3,4268872948947.987,10.485791,100,124.144575,125.39398,126.98753,1260.0,1370.0,1430.0,0.0,0.0,0.0,39.666667,7.666667,2.666667,10.333333,7.0,2.0,1.333333,0.0,3,1.0,1260.0,124.144575
50,4214,HPP-init-NSGA2,v29_hpp_cost_front_boost_fast,REPORT,100.0,5,4206457715616.8496,11.088587,100,135.359683,135.847417,136.104051,1350.0,1484.0,1640.0,0.0,0.0,0.0,43.4,4.0,2.6,6.6,8.0,1.0,1.0,0.0,5,1.0,1350.0,135.359683
50,4215,HPP-init-NSGA2,v29_hpp_cost_front_boost_fast,REPORT,100.0,10,4279207353049.878,10.636479,100,121.442001,127.697307,150.955314,1290.0,1463.0,1770.0,0.0,18.0,80.0,42.2,3.6,4.2,7.8,7.2,1.2,2.4,0.0,5,0.5,1290.0,123.797005
50,4216,HPP-init-NSGA2,v29_hpp_cost_front_boost_fast,REPORT,100.0,8,4273146049353.472,10.657614,100,123.924068,135.822453,151.459679,1220.0,1371.25,1550.0,0.0,9.001953,72.015621,38.125,6.125,5.75,11.875,7.5,1.875,2.5,0.0,7,0.875,1220.0,123.924068
50,4217,HPP-init-NSGA2,v29_hpp_cost_front_boost_fast,REPORT,100.0,8,4219839432953.7134,10.013853,100,132.958103,136.193256,138.4098,1330.0,1418.75,1470.0,0.0,17.144828,40.0,45.375,3.375,1.25,4.625,8.0,1.375,0.75,0.0,4,0.5,1330.0,135.706255
50,4218,HPP-init-NSGA2,v29_hpp_cost_front_boost_fast,REPORT,100.0,4,4261654865049.506,10.685468,100,126.518707,128.447628,133.058711,1210.0,1290.0,1340.0,0.0,0.0,0.0,38.25,6.25,5.5,11.75,8.0,2.25,3.0,0.0,4,1.0,1210.0,126.518707
50,4219,HPP-init-NSGA2,v29_hpp_cost_front_boost_fast,REPORT,100.0,3,4192315015956.52,10.243167,100,136.317293,136.54285,136.82666,1460.0,1473.333333,1490.0,0.0,0.0,0.0,42.666667,7.333333,0.0,7.333333,8.0,2.0,0.0,0.0,3,1.0,1460.0,136.317293
50,4220,HPP-init-NSGA2,v29_hpp_cost_front_boost_fast,REPORT,100.0,9,4293463674670.826,10.125006,100,119.220254,131.749035,152.719141,1250.0,1387.777778,1550.0,0.0,27.777778,70.0,42.111111,5.777778,2.111111,7.888889,7.333333,2.111111,2.0,0.0,5,0.555556,1250.0,122.152355
50,4221,HPP-init-NSGA2,v29_hpp_cost_front_boost_fast,REPORT,100.0,17,4328003254244.1216,10.474973,100,112.2322,132.540836,151.724872,1240.0,1439.411765,1660.0,0.0,11.446221,100.0,39.058824,6.705882,4.235294,10.941176,7.411765,2.0,2.235294,0.0,10,0.588235,1240.0,112.2322
50,4222,HPP-init-NSGA2,v29_hpp_cost_front_boost_fast,REPORT,100.0,15,4272671020492.2207,9.986637,100,124.069722,128.782939,132.75713,1220.0,1344.830497,1540.0,0.0,4.0,10.0,38.866667,6.8,4.333333,11.133333,7.4,2.0,3.0,0.0,9,0.6,1220.0,124.110818
50,4223,HPP-init-NSGA2,v29_hpp_cost_front_boost_fast,REPORT,100.0,10,4283252830465.3296,9.697404,100,121.527293,127.594841,147.277024,1240.0,1406.0,1640.0,0.0,27.01869,91.015377,40.6,6.8,2.6,9.4,7.3,2.1,1.6,0.0,5,0.5,1240.0,121.527293
50,4224,HPP-init-NSGA2,v29_hpp_cost_front_boost_fast,REPORT,100.0,13,4262550035386.4697,10.114123,100,124.322981,138.539611,150.601195,1320.0,1443.076923,1580.0,0.0,16.153846,60.0,40.769231,4.692308,4.538462,9.230769,7.923077,1.538462,2.461538,0.0,6,0.461538,1380.0,136.174316
50,4225,HPP-init-NSGA2,v29_hpp_cost_front_boost_fast,REPORT,100.0,21,4355587782221.6367,10.851018,100,108.42649,125.288142,150.342133,1140.0,1342.622826,1510.0,0.0,16.908163,55.071414,37.571429,5.809524,6.619048,12.428571,7.0,1.285714,2.904762,0.0,7,0.333333,1140.0,122.968863
50,4226,HPP-init-NSGA2,v29_hpp_cost_front_boost_fast,REPORT,100.0,12,4223751602955.203,10.374091,100,132.863014,137.227231,147.958055,1290.0,1408.333333,1780.0,0.0,24.583333,55.0,44.5,3.25,2.25,5.5,8.0,1.166667,1.333333,0.0,2,0.166667,1320.0,135.944404
50,4227,HPP-init-NSGA2,v29_hpp_cost_front_boost_fast,REPORT,100.0,7,4267775713833.326,10.007285,100,122.732222,130.919253,137.598255,1350.0,1415.362095,1520.0,0.0,0.0,0.0,36.571429,10.285714,3.142857,13.428571,7.0,2.714286,2.0,0.0,7,1.0,1350.0,122.732222
50,4228,HPP-init-NSGA2,v29_hpp_cost_front_boost_fast,REPORT,100.0,9,4257953998558.7456,10.198399,100,124.790747,139.346031,158.04771,1345.999299,1446.222144,1520.0,0.0,11.111111,50.0,39.555556,7.222222,3.222222,10.444444,7.777778,2.111111,2.0,0.0,7,0.777778,1345.999299,138.575383
50,4229,HPP-init-NSGA2,v29_hpp_cost_front_boost_fast,REPORT,100.0,9,4276824936568.162,10.0302,100,121.389677,129.585989,139.899772,1320.0,1441.111111,1520.0,0.0,35.555556,90.0,42.666667,5.777778,1.555556,7.333333,7.444444,1.555556,0.888889,0.0,4,0.444444,1320.0,136.440687
50,4230,HPP-init-NSGA2,v29_hpp_cost_front_boost_fast,REPORT,100.0,8,4217381813987.948,10.700654,100,133.28687,135.795353,136.556505,1340.0,1407.5,1470.0,0.0,38.75,100.0,45.0,4.875,0.125,5.0,8.0,1.75,0.125,0.0,3,0.375,1340.0,136.172228
50,4201,KMeans-init-NSGA2,v29_hpp_cost_front_boost_fast,REPORT,100.0,6,4210015708236.722,10.95214,100,133.369062,137.437526,142.355577,1420.0,1516.666667,1620.0,0.0,48.333333,90.0,46.666667,3.0,0.333333,3.333333,8.0,2.0,0.333333,0.0,2,0.333333,1490.0,136.835029
50,4202,KMeans-init-NSGA2,v29_hpp_cost_front_boost_fast,REPORT,100.0,16,4206702525176.093,8.715944,100,133.526034,135.978693,142.150735,1450.0,1524.375,1640.0,0.0,61.342243,100.0,47.4375,2.375,0.1875,2.5625,8.0,1.5625,0.1875,0.0,1,0.0625,1640.0,142.150735
50,4203,KMeans-init-NSGA2,v29_hpp_cost_front_boost_fast,REPORT,100.0,11,4220482638496.357,7.300079,100,133.36165,136.097938,139.451657,1300.0,1507.272727,2160.0,0.0,29.741693,100.0,46.909091,2.181818,0.909091,3.090909,8.0,1.363636,0.545455,0.0,5,0.454545,1300.0,136.334467
50,4204,KMeans-init-NSGA2,v29_hpp_cost_front_boost_fast,REPORT,100.0,11,4266436523208.7593,6.162689,100,121.519026,133.675634,138.750554,1430.0,1498.181818,1700.0,0.0,43.371134,77.082472,46.818182,2.818182,0.363636,3.181818,7.909091,1.454545,0.272727,0.0,2,0.181818,1430.0,135.903522
50,4205,KMeans-init-NSGA2,v29_hpp_cost_front_boost_fast,REPORT,100.0,8,4215323368340.426,6.746339,100,131.113766,137.390388,145.824594,1480.0,1533.75,1550.0,10.0,49.181463,80.0,45.25,3.75,1.0,4.75,7.875,1.75,1.0,0.0,0,0.0,,
50,4206,KMeans-init-NSGA2,v29_hpp_cost_front_boost_fast,REPORT,100.0,8,4207803057824.965,6.379323,100,134.725226,135.828164,136.961301,1370.0,1525.0,1640.0,0.0,43.75,90.0,47.25,2.75,0.0,2.75,8.0,1.75,0.0,0.0,2,0.25,1520.0,135.892807
50,4207,KMeans-init-NSGA2,v29_hpp_cost_front_boost_fast,REPORT,100.0,6,4192215859230.744,6.652715,100,135.268572,135.586967,136.087059,1520.0,1535.0,1550.0,0.0,53.579314,87.158627,47.166667,2.833333,0.0,2.833333,8.0,1.666667,0.0,0.0,1,0.166667,1520.0,136.087059
50,4208,KMeans-init-NSGA2,v29_hpp_cost_front_boost_fast,REPORT,100.0,20,4203734269260.723,6.823781,100,134.046796,137.20814,141.999935,1450.0,1531.5,1650.0,10.0,59.789657,97.158627,46.85,2.7,0.45,3.15,8.0,1.75,0.45,0.0,0,0.0,,
50,4209,KMeans-init-NSGA2,v29_hpp_cost_front_boost_fast,REPORT,100.0,17,4204802788885.1226,7.353503,100,133.738925,137.34284,143.358561,1460.0,1552.352941,1800.0,0.0,39.411765,100.0,47.117647,2.529412,0.352941,2.882353,8.0,2.0,0.352941,0.0,3,0.176471,1620.0,140.111985
50,4210,KMeans-init-NSGA2,v29_hpp_cost_front_boost_fast,REPORT,100.0,12,4266470464631.367,6.791804,100,122.252195,131.278885,139.786088,1390.0,1558.333333,1640.0,0.0,37.62299,97.158627,46.75,1.833333,1.416667,3.25,7.666667,1.083333,1.166667,0.0,1,0.083333,1640.0,139.786088
50,4211,KMeans-init-NSGA2,v29_hpp_cost_front_boost_fast,REPORT,100.0,12,4208593928987.596,6.640376,100,132.960639,135.775007,139.588406,1460.0,1516.666667,1540.0,0.0,37.5,90.0,45.916667,2.333333,1.75,4.083333,8.0,1.166667,0.75,0.0,1,0.083333,1540.0,135.816016
50,4212,KMeans-init-NSGA2,v29_hpp_cost_front_boost_fast,REPORT,100.0,8,4213835805553.984,6.997658,100,133.923508,136.863613,141.584936,1340.0,1427.5,1540.0,10.0,33.039657,40.0,46.375,3.0,0.625,3.625,8.0,1.75,0.625,0.0,0,0.0,,
50,4213,KMeans-init-NSGA2,v29_hpp_cost_front_boost_fast,REPORT,100.0,15,4215843165633.494,6.384645,100,133.068707,135.504481,141.428068,1370.0,1520.0,1720.0,0.0,29.052876,90.0,47.733333,2.066667,0.2,2.266667,8.0,1.6,0.2,0.0,7,0.466667,1520.0,136.170084
50,4214,KMeans-init-NSGA2,v29_hpp_cost_front_boost_fast,REPORT,100.0,5,4207068078759.069,7.379955,100,133.190576,135.545608,136.368872,1460.0,1494.0,1540.0,10.0,16.0,40.0,46.8,3.0,0.2,3.2,8.0,1.6,0.2,0.0,0,0.0,,
50,4215,KMeans-init-NSGA2,v29_hpp_cost_front_boost_fast,REPORT,100.0,13,4261947315077.649,5.680035,100,121.734992,134.861312,140.029794,1470.0,1590.769231,1790.0,0.0,46.923077,80.0,46.615385,3.076923,0.307692,3.384615,7.846154,2.0,0.307692,0.0,1,0.076923,1620.0,139.029348
50,4216,KMeans-init-NSGA2,v29_hpp_cost_front_boost_fast,REPORT,100.0,9,4219156080080.168,5.536139,100,132.731727,135.499924,141.711741,1350.0,1504.444444,1670.0,0.0,35.403834,67.158627,47.111111,2.555556,0.333333,2.888889,8.0,1.555556,0.333333,0.0,3,0.333333,1350.0,135.807632
50,4217,KMeans-init-NSGA2,v29_hpp_cost_front_boost_fast,REPORT,100.0,10,4216141104998.183,6.996402,100,132.821918,135.332059,139.478865,1380.0,1529.0,1670.0,0.0,19.715863,60.0,47.6,2.0,0.4,2.4,8.0,1.4,0.3,0.0,5,0.5,1380.0,135.882412
50,4218,KMeans-init-NSGA2,v29_hpp_cost_front_boost_fast,REPORT,100.0,17,4206348752944.884,7.273714,100,133.333634,136.752542,139.169378,1460.0,1534.705882,1640.0,10.0,45.63489,100.0,47.176471,2.411765,0.411765,2.823529,8.0,1.705882,0.411765,0.0,0,0.0,,
50,4219,KMeans-init-NSGA2,v29_hpp_cost_front_boost_fast,REPORT,100.0,11,4210582206796.1,5.857898,100,134.78207,137.672718,140.90642,1330.0,1386.363636,1540.0,10.0,50.909091,80.0,46.272727,2.909091,0.818182,3.727273,8.0,2.0,0.818182,0.0,0,0.0,,
50,4220,KMeans-init-NSGA2,v29_hpp_cost_front_boost_fast,REPORT,100.0,10,4213838209204.1816,6.065532,100,133.471453,136.286629,142.125684,1370.0,1522.0,1790.0,0.0,46.147588,100.0,47.1,2.1,0.8,2.9,8.0,1.2,0.8,0.0,4,0.4,1370.0,135.481849
50,4221,KMeans-init-NSGA2,v29_hpp_cost_front_boost_fast,REPORT,100.0,10,4211781419060.8057,6.799705,100,133.718029,136.600819,139.18789,1380.0,1553.0,1830.0,0.0,41.211627,87.158627,46.6,2.5,0.9,3.4,8.0,1.4,0.8,0.0,3,0.3,1420.0,136.838013
50,4222,KMeans-init-NSGA2,v29_hpp_cost_front_boost_fast,REPORT,100.0,5,4218056204337.041,6.299225,100,132.60844,135.662256,139.303766,1370.0,1546.0,1640.0,0.0,41.431725,87.158627,46.6,3.2,0.2,3.4,8.0,1.8,0.2,0.0,1,0.2,1640.0,135.694739
50,4223,KMeans-init-NSGA2,v29_hpp_cost_front_boost_fast,REPORT,100.0,11,4270175945302.223,6.46872,100,121.495547,129.60229,142.888668,1390.0,1558.181818,1640.0,0.0,42.727273,100.0,43.727273,4.0,2.272727,6.272727,7.272727,1.636364,1.727273,0.0,4,0.363636,1570.0,121.495547
50,4224,KMeans-init-NSGA2,v29_hpp_cost_front_boost_fast,REPORT,100.0,12,4211148744197.438,6.140578,100,132.60844,135.300049,137.002396,1450.0,1534.166667,1640.0,0.0,42.026438,87.158627,47.583333,2.166667,0.25,2.416667,8.0,1.416667,0.25,0.0,3,0.25,1520.0,135.933903
50,4225,KMeans-init-NSGA2,v29_hpp_cost_front_boost_fast,REPORT,100.0,15,4218274686461.6704,5.811725,100,132.567344,135.406299,138.352993,1370.0,1498.0,1640.0,0.0,62.007359,87.158627,47.066667,2.666667,0.266667,2.933333,8.0,1.466667,0.266667,0.0,1,0.066667,1390.0,136.874231
50,4226,KMeans-init-NSGA2,v29_hpp_cost_front_boost_fast,REPORT,100.0,12,4216126136756.304,6.736832,100,133.718029,136.618474,139.944618,1330.0,1482.5,1620.0,0.0,56.789657,87.158627,46.25,3.083333,0.666667,3.75,8.0,1.833333,0.5,0.0,1,0.083333,1620.0,136.187889
50,4227,KMeans-init-NSGA2,v29_hpp_cost_front_boost_fast,REPORT,100.0,7,4198038629006.068,6.249968,100,134.066122,135.000052,135.933903,1520.0,1545.714286,1570.0,0.0,18.252708,50.0,47.428571,2.428571,0.142857,2.571429,8.0,1.285714,0.142857,0.0,3,0.428571,1520.0,135.933903
50,4228,KMeans-init-NSGA2,v29_hpp_cost_front_boost_fast,REPORT,100.0,4,4215947937872.7305,6.145373,100,132.8685,134.169982,135.440753,1380.0,1552.5,1670.0,0.0,14.289657,40.0,47.5,2.25,0.25,2.5,8.0,1.25,0.25,0.0,2,0.5,1380.0,135.029794
50,4229,KMeans-init-NSGA2,v29_hpp_cost_front_boost_fast,REPORT,100.0,16,4261005598444.514,6.351072,100,123.720352,135.782308,143.222697,1370.0,1550.0,1770.0,0.0,38.75,100.0,46.8125,1.25,1.9375,3.1875,7.875,1.0,1.3125,0.0,7,0.4375,1390.0,125.763232
50,4230,KMeans-init-NSGA2,v29_hpp_cost_front_boost_fast,REPORT,100.0,10,4220893081141.336,6.785454,100,132.38276,135.775476,137.859123,1340.0,1617.0,2000.0,20.0,61.431725,100.0,47.1,2.9,0.0,2.9,8.0,1.9,0.0,0.0,0,0.0,,
50,4201,MOPSO,v29_hpp_cost_front_boost_fast,REPORT,100.0,1,4090314488921.921,5.304598,100,151.731607,151.731607,151.731607,1780.0,1780.0,1780.0,0.872845,0.872845,0.872845,16.0,20.0,14.0,34.0,8.0,3.0,7.0,0.0,0,0.0,,
50,4202,MOPSO,v29_hpp_cost_front_boost_fast,REPORT,100.0,1,4015212200467.096,3.656955,67,166.795559,166.795559,166.795559,1810.0,1810.0,1810.0,0.0,0.0,0.0,19.0,18.0,13.0,31.0,8.0,3.0,6.0,0.0,1,1.0,1810.0,166.795559
50,4203,MOPSO,v29_hpp_cost_front_boost_fast,REPORT,400.0,8,4126680062142.2593,4.304197,87,149.302172,157.097865,166.562982,1450.0,1605.906918,2030.0,80.0,211.175376,392.710023,17.375,15.25,17.375,32.625,8.0,3.0,6.375,0.0,0,0.0,,
50,4204,MOPSO,v29_hpp_cost_front_boost_fast,REPORT,350.0,11,4124433830584.592,4.830864,100,150.662427,159.519656,170.7817,1400.0,1594.545455,1810.0,70.0,188.387449,344.562082,17.363636,15.727273,16.909091,32.636364,8.0,3.0,7.454545,0.0,0,0.0,,
50,4205,MOPSO,v29_hpp_cost_front_boost_fast,REPORT,128.63355266218406,4,4096882402633.122,4.832004,100,151.001158,160.481806,169.163588,1731.756753,1755.439188,1770.0,25.726711,51.623643,99.066823,17.25,15.0,17.75,32.75,8.0,3.0,7.5,0.0,0,0.0,,
50,4206,MOPSO,v29_hpp_cost_front_boost_fast,REPORT,385.7931365824345,23,4208722615484.848,5.21776,100,132.127767,156.941723,172.153517,1460.0,1676.651075,1860.0,77.158627,212.716408,304.56383,19.869565,13.217391,16.913043,30.130435,7.913043,2.956522,7.608696,0.0,0,0.0,,
50,4207,MOPSO,v29_hpp_cost_front_boost_fast,REPORT,100.0,3,4105956191157.2153,4.605935,100,151.42543,161.935941,167.773456,1608.878865,1763.788176,1850.0,0.0,33.576498,88.243832,20.0,16.0,14.0,30.0,8.0,3.0,7.666667,0.0,1,0.333333,1850.0,166.608936
50,4208,MOPSO,v29_hpp_cost_front_boost_fast,REPORT,100.0,10,4044140552835.419,4.655812,100,166.498686,167.592828,169.85993,1480.0,1509.681713,1536.817134,0.0,0.0,0.0,21.3,15.7,13.0,28.7,8.0,3.0,7.3,0.0,10,1.0,1480.0,166.498686
50,4209,MOPSO,v29_hpp_cost_front_boost_fast,REPORT,100.0,1,4095339099957.6655,2.925665,61,152.657592,152.657592,152.657592,1664.201192,1664.201192,1664.201192,8.743649,8.743649,8.743649,17.0,22.0,11.0,33.0,8.0,3.0,8.0,0.0,0,0.0,,
50,4210,MOPSO,v29_hpp_cost_front_boost_fast,REPORT,2050.0,44,4272852780058.318,2.031774,40,116.71833,156.581731,173.556925,1378.860413,1771.106532,2460.0,410.0,1067.17184,1971.586998,19.136364,15.681818,15.181818,30.863636,7.954545,3.0,6.840909,0.0,0,0.0,,
50,4211,MOPSO,v29_hpp_cost_front_boost_fast,REPORT,1907.6542265989804,48,4188203533702.968,3.241998,61,133.38719,154.471827,175.885335,1470.0,1805.715459,2390.0,381.530845,1008.369233,1770.972932,19.5625,17.5625,12.875,30.4375,7.8125,3.0,6.479167,0.0,0,0.0,,
50,4212,MOPSO,v29_hpp_cost_front_boost_fast,REPORT,802.3618507423436,39,4229453664885.667,4.521164,100,129.590192,148.889935,169.284587,1320.0,1647.687985,1800.0,160.47237,395.29336,769.697453,16.051282,17.820513,16.128205,33.948718,8.0,3.0,7.230769,0.0,0,0.0,,
50,4213,MOPSO,v29_hpp_cost_front_boost_fast,REPORT,100.0,6,4129273054728.784,4.804392,100,150.294601,164.605933,168.986705,1400.0,1645.0,2030.0,0.0,22.067397,61.367733,19.166667,13.666667,17.166667,30.833333,8.0,3.0,7.666667,0.0,1,0.166667,1700.0,168.986705
50,4214,MOPSO,v29_hpp_cost_front_boost_fast,REPORT,537.377439199098,18,4210119508312.88,3.686119,79,132.312299,153.326737,167.648013,1420.198305,1664.455461,2140.0,107.475488,291.661513,463.593816,19.722222,15.333333,14.944444,30.277778,8.0,3.0,7.222222,0.0,0,0.0,,
50,4215,MOPSO,v29_hpp_cost_front_boost_fast,REPORT,100.0,9,4123987621741.3535,4.656693,95,150.903135,155.156756,166.107275,1421.552915,1875.728102,1950.0,0.0,7.699581,60.0,18.111111,15.888889,16.0,31.888889,8.0,3.0,7.777778,0.0,7,0.777778,1930.0,154.200056
50,4216,MOPSO,v29_hpp_cost_front_boost_fast,REPORT,100.0,15,4177338544596.049,4.127985,79,136.365998,152.473896,171.605686,1630.0,1729.923608,2150.0,0.0,36.111393,78.113883,19.066667,15.666667,15.266667,30.933333,8.0,3.0,7.0,0.0,3,0.2,1680.0,167.165007
50,4217,MOPSO,v29_hpp_cost_front_boost_fast,REPORT,2331.579439903844,46,4188251440106.5527,2.668941,55,132.507893,149.286026,173.956744,1484.228509,1731.830865,2260.0,466.315888,1207.977519,2294.189484,17.804348,16.826087,15.369565,32.195652,7.891304,3.0,7.108696,0.0,0,0.0,,
50,4218,MOPSO,v29_hpp_cost_front_boost_fast,REPORT,1100.0,38,4134220158457.703,2.488942,51,147.289349,157.119287,172.138879,1400.0,1782.009555,2070.0,220.0,655.317049,1074.893831,19.0,15.815789,15.184211,31.0,7.921053,3.0,6.973684,0.0,0,0.0,,
50,4219,MOPSO,v29_hpp_cost_front_boost_fast,REPORT,150.0,6,4144502612360.89,4.363775,100,145.734021,147.449803,150.762553,1470.0,1546.103896,1680.0,30.0,59.042153,133.400738,20.5,16.833333,12.666667,29.5,7.5,3.0,6.0,0.0,0,0.0,,
50,4220,MOPSO,v29_hpp_cost_front_boost_fast,REPORT,200.0,1,4065864754017.653,3.701509,77,155.771741,155.771741,155.771741,1820.0,1820.0,1820.0,40.0,40.0,40.0,18.0,15.0,17.0,32.0,8.0,3.0,7.0,0.0,0,0.0,,
50,4221,MOPSO,v29_hpp_cost_front_boost_fast,REPORT,980.1111027244316,46,4233024588068.433,4.696673,100,128.157444,142.358148,171.3206,1342.600357,1648.425405,1940.0,196.022221,669.738792,969.999552,16.847826,16.26087,16.891304,33.152174,7.934783,3.0,7.695652,0.0,0,0.0,,
50,4222,MOPSO,v29_hpp_cost_front_boost_fast,REPORT,852.9251385763638,24,4185529891666.353,3.334485,70,134.440574,155.668334,166.309587,1550.0,1752.031228,2160.0,170.585028,495.136984,842.771655,19.875,15.708333,14.416667,30.125,8.0,3.0,6.833333,0.0,0,0.0,,
50,4223,MOPSO,v29_hpp_cost_front_boost_fast,REPORT,794.3849410090655,22,4196529324259.192,4.132379,88,133.419328,152.992282,169.354571,1490.0,1649.586425,1930.0,158.876988,360.044002,725.060464,18.590909,15.0,16.409091,31.409091,7.954545,3.0,7.0,0.0,0,0.0,,
50,4224,MOPSO,v29_hpp_cost_front_boost_fast,REPORT,400.0,15,4181317392878.13,4.59331,100,133.602527,152.351899,169.480009,1690.0,1876.87992,2050.0,80.0,253.753557,391.515878,20.333333,15.8,13.866667,29.666667,7.933333,3.0,7.466667,0.0,0,0.0,,
50,4225,MOPSO,v29_hpp_cost_front_boost_fast,REPORT,100.0,5,4055446857945.313,4.654317,100,164.9725,167.289213,167.932276,1433.150952,1534.074457,1588.610666,0.0,38.221541,70.0,18.4,14.0,17.6,31.6,8.0,3.0,7.0,0.0,2,0.4,1588.610666,167.932276
50,4226,MOPSO,v29_hpp_cost_front_boost_fast,REPORT,1955.1362824707128,52,4215523422561.314,2.174065,42,128.351988,155.645829,170.281874,1430.0,1754.312487,2430.0,391.027256,1101.396015,1903.62742,19.403846,14.384615,16.211538,30.596154,7.942308,2.942308,7.326923,0.0,0,0.0,,
50,4227,MOPSO,v29_hpp_cost_front_boost_fast,REPORT,100.0,4,4063921036760.666,4.674546,100,163.575632,166.298221,167.429506,1410.0,1675.0,2120.0,0.0,35.018378,90.073514,20.25,15.5,14.25,29.75,8.0,3.0,7.25,0.0,2,0.5,1410.0,167.093873
50,4228,MOPSO,v29_hpp_cost_front_boost_fast,REPORT,200.0,28,4205011597349.792,4.54569,100,132.900511,159.427294,171.343353,1480.0,1571.049754,1750.0,40.0,131.356838,184.634884,20.035714,14.107143,15.857143,29.964286,7.785714,3.0,6.464286,0.0,0,0.0,,
50,4229,MOPSO,v29_hpp_cost_front_boost_fast,REPORT,100.0,10,4137273580016.3335,4.415952,100,148.780668,156.497854,168.352406,1390.0,1618.044573,1710.830083,0.0,22.133789,64.643902,18.0,17.8,14.2,32.0,8.0,3.0,7.7,0.0,5,0.5,1390.0,148.780668
50,4230,MOPSO,v29_hpp_cost_front_boost_fast,REPORT,671.8343006376949,41,4237528843232.415,4.19025,92,129.676747,145.354649,170.361119,1240.0,1624.401827,2010.0,134.36686,441.300687,663.697574,16.341463,16.292683,17.365854,33.658537,7.902439,3.0,7.219512,0.0,0,0.0,,
50,4201,Trad-NSGA2,v29_hpp_cost_front_boost_fast,REPORT,100.0,10,4333572381879.311,7.566525,100,111.734187,120.442887,159.197476,1210.0,1399.289206,1526.711138,0.0,25.444337,61.803399,18.9,16.7,14.4,31.1,7.0,3.0,6.7,0.0,4,0.4,1210.0,112.801729
50,4202,Trad-NSGA2,v29_hpp_cost_front_boost_fast,REPORT,100.0,5,4255478691235.2646,6.98688,100,126.855227,138.967065,147.674372,1261.229178,1347.879337,1590.0,0.0,19.341664,96.70832,18.2,16.2,15.6,31.8,8.0,3.0,7.0,0.0,4,0.8,1261.229178,126.912239
50,4203,Trad-NSGA2,v29_hpp_cost_front_boost_fast,REPORT,100.0,22,4339285438748.173,5.978311,100,109.765124,139.232312,164.254271,1245.220504,1497.234247,1790.0,0.0,62.201426,84.468422,19.545455,16.0,14.454545,30.454545,7.5,3.0,6.363636,0.0,2,0.090909,1630.0,149.473004
50,4204,Trad-NSGA2,v29_hpp_cost_front_boost_fast,REPORT,100.0,14,4328066222595.512,5.97173,100,110.308549,121.845263,146.364308,1350.0,1489.578594,1890.0,0.0,46.677572,85.440037,19.357143,17.785714,12.857143,30.642857,6.428571,3.0,5.571429,0.0,5,0.357143,1391.994768,112.029915
50,4205,Trad-NSGA2,v29_hpp_cost_front_boost_fast,REPORT,100.0,9,4325643058793.273,5.951368,100,115.329905,138.037655,162.485589,1080.0,1544.444444,1770.0,0.0,31.251272,73.60742,14.888889,17.777778,17.333333,35.111111,7.333333,3.0,7.111111,0.0,3,0.333333,1080.0,146.854001
50,4206,Trad-NSGA2,v29_hpp_cost_front_boost_fast,REPORT,100.0,11,4330607360754.14,6.336632,100,114.030303,132.858964,148.217458,1100.0,1442.937182,2110.0,0.0,22.067837,66.129668,17.090909,14.818182,18.090909,32.909091,7.727273,3.0,6.909091,0.0,3,0.272727,1172.442639,129.213876
50,4207,Trad-NSGA2,v29_hpp_cost_front_boost_fast,REPORT,100.0,9,4339046437992.974,6.036723,100,111.914739,140.332331,166.766006,1126.846744,1324.587041,1620.0,0.0,19.079296,80.0,19.777778,14.666667,15.555556,30.222222,7.666667,3.0,6.888889,0.0,5,0.555556,1126.846744,126.861496
50,4208,Trad-NSGA2,v29_hpp_cost_front_boost_fast,REPORT,100.0,5,4258211275868.088,5.817506,100,127.914349,139.878525,147.633067,1165.338487,1449.072282,1702.55167,0.0,27.330456,80.394328,14.8,16.8,18.4,35.2,7.6,3.0,6.8,0.0,2,0.4,1165.338487,147.53669
50,4209,Trad-NSGA2,v29_hpp_cost_front_boost_fast,REPORT,100.0,34,4278642091823.4,5.851225,100,125.044365,143.178923,168.380191,1090.0,1383.989866,1720.0,0.0,25.87923,88.202951,21.882353,14.911765,13.205882,28.117647,7.794118,3.0,6.411765,0.0,9,0.264706,1190.0,141.858793
50,4210,Trad-NSGA2,v29_hpp_cost_front_boost_fast,REPORT,100.0,15,4328817803322.028,5.872799,100,111.525446,133.069327,164.21969,1272.370857,1457.906442,1600.0,0.0,26.626468,95.282509,21.133333,14.133333,14.733333,28.866667,6.533333,3.0,5.466667,0.0,4,0.266667,1280.0,116.150722
50,4211,Trad-NSGA2,v29_hpp_cost_front_boost_fast,REPORT,100.0,16,4326145619659.615,5.59268,100,113.666785,134.493233,148.675105,1180.899144,1355.592872,1576.053016,0.0,50.13857,78.940148,18.125,16.5,15.375,31.875,7.8125,3.0,6.125,0.0,4,0.25,1180.899144,113.666785
50,4212,Trad-NSGA2,v29_hpp_cost_front_boost_fast,REPORT,100.0,11,4328530778164.139,5.718697,100,113.091962,128.116666,133.147435,1190.0,1314.398997,1473.096306,0.0,26.770986,74.821674,15.818182,17.090909,17.090909,34.181818,7.909091,3.0,7.909091,0.0,3,0.272727,1251.176709,131.236923
50,4213,Trad-NSGA2,v29_hpp_cost_front_boost_fast,REPORT,100.0,13,4338660630657.202,5.951352,100,112.033223,134.349686,163.775918,1130.0,1319.83386,1740.0,0.0,20.690074,91.846584,19.769231,15.076923,15.153846,30.230769,7.538462,3.0,7.0,0.0,8,0.615385,1130.0,112.56747
50,4214,Trad-NSGA2,v29_hpp_cost_front_boost_fast,REPORT,100.0,6,4241110727689.807,5.871725,100,127.449004,142.44917,164.70061,1390.0,1500.0,1610.0,0.0,33.851654,70.0,20.5,16.333333,13.166667,29.5,7.333333,3.0,5.333333,0.0,3,0.5,1390.0,127.808639
50,4215,Trad-NSGA2,v29_hpp_cost_front_boost_fast,REPORT,100.0,14,4412200994203.056,5.749642,100,95.123939,118.384553,145.579132,1230.0,1416.335935,1619.138285,0.0,21.682797,58.894318,16.928571,16.285714,16.785714,33.071429,6.857143,3.0,5.928571,0.0,5,0.357143,1230.0,112.812817
50,4216,Trad-NSGA2,v29_hpp_cost_front_boost_fast,REPORT,100.0,19,4344255988117.085,5.951207,100,110.641406,121.400472,147.19705,1150.0,1334.580563,1550.0,0.0,19.369411,90.660482,19.315789,14.368421,16.315789,30.684211,7.473684,3.0,6.736842,0.0,6,0.315789,1170.0,112.29549
50,4217,Trad-NSGA2,v29_hpp_cost_front_boost_fast,REPORT,100.0,5,4240811958965.323,6.05464,100,127.101771,143.616142,158.814759,1409.364056,1516.840487,1744.83838,0.0,49.294376,93.036897,19.8,16.6,13.6,30.2,7.8,3.0,5.8,0.0,1,0.2,1460.0,146.294192
50,4218,Trad-NSGA2,v29_hpp_cost_front_boost_fast,REPORT,100.0,9,4344493676914.084,5.909337,100,109.077407,130.77922,163.783268,1230.0,1355.892295,1470.0,0.0,43.312454,100.0,21.111111,13.777778,15.111111,28.888889,7.0,3.0,5.666667,0.0,1,0.111111,1260.120715,130.050854
50,4219,Trad-NSGA2,v29_hpp_cost_front_boost_fast,REPORT,100.0,10,4331300061336.479,5.769164,100,112.283569,131.464736,147.645527,1194.883678,1468.447359,1693.409804,0.0,28.927759,75.336231,19.1,17.8,13.1,30.9,6.8,3.0,5.6,0.0,3,0.3,1194.883678,141.911991
50,4220,Trad-NSGA2,v29_hpp_cost_front_boost_fast,REPORT,100.0,9,4150869182132.8174,5.882573,100,147.237682,155.005298,169.49188,1320.0,1625.555556,2080.0,0.0,40.084169,90.371269,19.333333,14.0,16.666667,30.666667,7.555556,3.0,6.777778,0.0,3,0.333333,1320.0,148.754871
50,4221,Trad-NSGA2,v29_hpp_cost_front_boost_fast,REPORT,100.0,2,4134516312897.367,6.088637,100,149.275528,149.452392,149.629256,1400.0,1449.73617,1499.47234,0.0,32.064896,64.129792,18.0,16.0,16.0,32.0,8.0,3.0,8.0,0.0,1,0.5,1400.0,149.629256
50,4222,Trad-NSGA2,v29_hpp_cost_front_boost_fast,REPORT,100.0,10,4334517703167.197,6.035838,100,112.769492,134.608285,148.784063,1140.0,1275.389376,1612.691406,0.0,15.635772,91.364506,15.5,14.9,19.6,34.5,7.4,3.0,7.0,0.0,5,0.5,1140.0,130.593864
50,4223,Trad-NSGA2,v29_hpp_cost_front_boost_fast,REPORT,100.0,7,4229288245591.468,5.733571,100,132.664446,147.489813,161.112976,1231.931405,1481.085373,1770.0,0.0,30.072165,90.156212,18.142857,14.857143,17.0,31.857143,7.285714,3.0,6.285714,0.0,1,0.142857,1231.931405,161.112976
50,4224,Trad-NSGA2,v29_hpp_cost_front_boost_fast,REPORT,100.0,1,4124562650879.731,6.054181,100,151.673663,151.673663,151.673663,1380.0,1380.0,1380.0,0.0,0.0,0.0,19.0,13.0,18.0,31.0,8.0,3.0,7.0,0.0,1,1.0,1380.0,151.673663
50,4225,Trad-NSGA2,v29_hpp_cost_front_boost_fast,REPORT,100.0,11,4220621546864.2544,6.045846,100,132.444352,151.500879,167.930396,1350.0,1483.696269,2010.0,0.0,1.202775,9.833241,19.545455,13.909091,16.545455,30.454545,7.272727,3.0,6.727273,0.0,8,0.727273,1350.0,134.735501
50,4226,Trad-NSGA2,v29_hpp_cost_front_boost_fast,REPORT,100.0,8,4414090854319.436,5.675387,100,94.714622,112.326587,147.654122,1230.0,1418.487464,1700.770966,0.0,25.91055,76.769155,16.875,17.375,15.75,33.125,7.375,3.0,7.25,0.0,4,0.5,1277.484802,94.714622
50,4227,Trad-NSGA2,v29_hpp_cost_front_boost_fast,REPORT,100.0,19,4347927186359.538,5.683429,100,110.047867,125.535404,148.684256,1140.0,1320.177008,1540.801744,0.0,26.253411,91.16701,14.894737,15.894737,19.210526,35.105263,7.736842,3.0,7.315789,0.0,6,0.315789,1180.0,114.063772
50,4228,Trad-NSGA2,v29_hpp_cost_front_boost_fast,REPORT,100.0,12,4346588940918.6826,5.85871,100,109.756148,127.57796,159.259007,1170.0,1284.373222,1350.0,0.0,20.784024,52.213039,19.0,14.166667,16.833333,31.0,7.833333,3.0,6.083333,0.0,3,0.25,1256.239332,109.804642
50,4229,Trad-NSGA2,v29_hpp_cost_front_boost_fast,REPORT,100.0,5,4308868850552.251,5.863436,100,112.295671,121.987498,129.915995,1459.263623,1500.528362,1553.378188,0.0,49.039466,100.0,19.0,17.0,14.0,31.0,6.4,3.0,5.6,0.0,2,0.4,1480.0,113.157779
50,4230,Trad-NSGA2,v29_hpp_cost_front_boost_fast,REPORT,100.0,10,4237515249567.0015,6.020656,100,130.367972,139.988908,149.125864,1270.0,1369.554495,1630.0,0.0,30.021855,98.007353,20.1,14.9,15.0,29.9,7.5,3.0,6.9,0.0,3,0.3,1270.0,130.956119
100,4201,HPP-init-NSGA2,v29_hpp_cost_front_boost_fast,REPORT,100.0,23,4066658253990.048,21.497093,100,163.288366,196.321418,249.755535,1380.0,1636.521739,2270.0,0.0,26.151224,100.0,87.217391,8.73913,4.043478,12.782609,11.217391,3.217391,2.782609,0.0,9,0.391304,1380.0,182.053169
100,4202,HPP-init-NSGA2,v29_hpp_cost_front_boost_fast,REPORT,100.0,9,4017915671013.061,21.693194,100,173.480636,192.209852,220.7989,1380.0,1550.0,1900.0,0.0,2.222222,20.0,90.222222,6.222222,3.555556,9.777778,11.111111,1.888889,1.777778,0.0,8,0.888889,1380.0,174.454807
100,4203,HPP-init-NSGA2,v29_hpp_cost_front_boost_fast,REPORT,100.0,27,4048304449031.804,19.567017,100,167.702872,185.459125,201.359383,1350.0,1621.851852,1940.0,0.0,47.543245,100.0,86.111111,7.185185,6.703704,13.888889,10.62963,2.259259,3.555556,0.0,8,0.296296,1350.0,174.561638
100,4204,HPP-init-NSGA2,v29_hpp_cost_front_boost_fast,REPORT,100.0,12,4009460881820.5127,22.026532,100,175.13481,192.046964,236.878146,1380.0,1645.833333,1940.0,0.0,30.0,100.0,91.833333,5.333333,2.833333,8.166667,11.0,2.083333,1.583333,0.0,6,0.5,1380.0,175.13481
100,4205,HPP-init-NSGA2,v29_hpp_cost_front_boost_fast,REPORT,100.0,13,3950854694805.514,21.664532,100,187.310337,206.578684,232.485481,1380.0,1496.153846,1610.0,0.0,10.0,60.0,87.538462,3.692308,8.769231,12.461538,11.846154,1.615385,3.846154,0.0,7,0.538462,1380.0,204.032647
100,4206,HPP-init-NSGA2,v29_hpp_cost_front_boost_fast,REPORT,100.0,16,4036749386446.571,20.981193,100,171.457541,197.79271,269.34786,1270.0,1427.543413,1810.0,0.0,13.185625,82.853303,87.9375,4.1875,7.875,12.0625,11.3125,1.625,4.1875,0.0,11,0.6875,1270.0,171.457541
100,4207,HPP-init-NSGA2,v29_hpp_cost_front_boost_fast,REPORT,100.0,29,4077243432470.357,19.954975,100,162.454783,186.776396,256.468297,1310.0,1436.206897,1770.0,0.0,46.551724,100.0,84.862069,6.551724,8.586207,15.137931,10.517241,2.0,2.965517,0.0,6,0.206897,1310.0,164.88866
100,4208,HPP-init-NSGA2,v29_hpp_cost_front_boost_fast,REPORT,100.0,17,4056848081543.797,21.827374,100,166.012608,196.952933,266.90512,1340.0,1524.705882,1830.0,0.0,21.919594,70.0,88.705882,4.882353,6.411765,11.294118,10.882353,2.352941,3.941176,0.0,7,0.411765,1340.0,175.206941
100,4209,HPP-init-NSGA2,v29_hpp_cost_front_boost_fast,REPORT,100.0,10,3940302591805.2026,21.426604,100,188.819347,215.189,253.48855,1420.0,1525.0,1710.0,0.0,6.0,40.0,89.3,5.2,5.5,10.7,12.2,1.8,3.8,0.0,8,0.8,1420.0,188.819347
100,4210,HPP-init-NSGA2,v29_hpp_cost_front_boost_fast,REPORT,100.0,15,4034939970592.301,20.303089,100,169.725665,189.935238,235.660748,1390.0,1550.666667,1970.0,0.0,32.603597,95.399362,85.733333,7.666667,6.6,14.266667,10.733333,3.266667,3.533333,0.0,6,0.4,1390.0,172.446903
100,4211,HPP-init-NSGA2,v29_hpp_cost_front_boost_fast,REPORT,100.0,13,4054167080909.9263,20.376419,100,164.393701,197.987468,209.652185,1460.0,1718.461538,1940.0,0.0,25.498319,70.0,89.230769,3.538462,7.230769,10.769231,11.307692,1.230769,3.076923,0.0,4,0.307692,1460.0,178.051235
100,4212,HPP-init-NSGA2,v29_hpp_cost_front_boost_fast,REPORT,100.0,5,4001355588561.037,21.290655,100,177.316111,195.15565,222.210939,1350.0,1604.0,1940.0,0.0,0.0,0.0,87.4,8.2,4.4,12.6,11.0,3.0,2.0,0.0,5,1.0,1350.0,177.316111
100,4213,HPP-init-NSGA2,v29_hpp_cost_front_boost_fast,REPORT,100.0,12,3950905175387.268,20.013866,100,188.607592,199.156218,218.272796,1300.0,1512.5,1670.0,0.0,32.5,80.0,91.166667,5.083333,3.75,8.833333,11.583333,1.75,1.75,0.0,5,0.416667,1300.0,189.593295
100,4214,HPP-init-NSGA2,v29_hpp_cost_front_boost_fast,REPORT,100.0,10,3934687021481.001,20.497647,100,190.282777,216.238052,227.321213,1400.0,1476.0,1590.0,0.0,10.710576,37.105758,89.3,5.9,4.8,10.7,12.6,2.1,2.6,0.0,5,0.5,1400.0,190.282777
100,4215,HPP-init-NSGA2,v29_hpp_cost_front_boost_fast,REPORT,100.0,5,3935175924570.8223,20.896914,100,190.939364,203.492789,222.158542,1360.0,1416.0,1560.0,0.0,16.0,80.0,88.0,5.2,6.8,12.0,11.8,2.0,2.0,0.0,4,0.8,1360.0,190.98046
100,4216,HPP-init-NSGA2,v29_hpp_cost_front_boost_fast,REPORT,100.0,9,4064107580911.307,19.184227,100,163.550424,196.838066,239.294165,1400.0,1537.777778,1770.0,0.0,32.847512,90.0,87.444444,7.222222,5.333333,12.555556,11.222222,2.555556,3.111111,0.0,4,0.444444,1400.0,182.114303
100,4217,HPP-init-NSGA2,v29_hpp_cost_front_boost_fast,REPORT,100.0,14,4057737113390.797,19.926499,100,165.180949,193.433522,229.184791,1380.0,1571.428571,1810.0,0.0,25.714286,100.0,82.428571,9.285714,8.285714,17.571429,11.285714,3.0,4.357143,0.0,7,0.5,1380.0,171.679827
100,4218,HPP-init-NSGA2,v29_hpp_cost_front_boost_fast,REPORT,100.0,15,4011126695549.0,21.241385,100,176.090568,203.321407,258.656769,1290.0,1637.333333,1940.0,0.0,28.666667,100.0,91.333333,3.266667,5.4,8.666667,11.666667,1.533333,2.866667,0.0,7,0.466667,1290.0,176.288331
100,4219,HPP-init-NSGA2,v29_hpp_cost_front_boost_fast,REPORT,100.0,7,3882318897911.788,20.778275,100,201.923544,209.569183,222.478865,1350.0,1548.571429,1700.0,0.0,0.0,0.0,91.285714,6.428571,2.285714,8.714286,12.0,2.714286,1.714286,0.0,7,1.0,1350.0,201.923544
100,4220,HPP-init-NSGA2,v29_hpp_cost_front_boost_fast,REPORT,100.0,27,3942128959045.662,19.823637,100,189.786207,213.536706,258.937703,1330.0,1592.592593,1950.0,0.0,20.929628,90.0,89.888889,5.851852,4.259259,10.111111,12.333333,1.962963,2.814815,0.0,13,0.481481,1330.0,190.069537
100,4221,HPP-init-NSGA2,v29_hpp_cost_front_boost_fast,REPORT,100.0,10,4001420951167.9214,21.909689,100,177.367337,208.414926,260.968034,1350.0,1466.0,1840.0,0.0,14.0,50.0,87.3,6.9,5.8,12.7,11.9,3.1,2.6,0.0,5,0.5,1350.0,177.367337
100,4222,HPP-init-NSGA2,v29_hpp_cost_front_boost_fast,REPORT,100.0,17,4073730143948.6846,19.412945,100,162.200194,188.678358,212.324879,1360.0,1583.529412,1880.0,0.0,28.322244,100.0,88.529412,6.529412,4.941176,11.470588,11.058824,2.235294,2.411765,0.0,10,0.588235,1360.0,164.706718
100,4223,HPP-init-NSGA2,v29_hpp_cost_front_boost_fast,REPORT,100.0,16,3996001949058.357,20.039469,100,178.056775,199.734905,251.089286,1370.0,1598.75,1940.0,0.0,23.125,90.0,88.5,5.5625,5.9375,11.5,11.125,2.5,3.125,0.0,7,0.4375,1370.0,178.180062
100,4224,HPP-init-NSGA2,v29_hpp_cost_front_boost_fast,REPORT,100.0,21,4059715249422.361,20.757569,100,164.960627,183.082114,210.353462,1370.0,1649.52381,1750.0,0.0,26.669425,100.0,84.666667,4.857143,10.47619,15.333333,10.095238,1.47619,4.666667,0.0,7,0.333333,1370.0,164.960627
100,4225,HPP-init-NSGA2,v29_hpp_cost_front_boost_fast,REPORT,100.0,15,3995565221910.191,20.923038,100,178.510965,198.212479,259.509246,1350.0,1547.333333,1880.0,0.0,8.0,40.0,87.8,5.0,7.2,12.2,11.266667,2.466667,3.0,0.0,10,0.666667,1350.0,180.452696
100,4226,HPP-init-NSGA2,v29_hpp_cost_front_boost_fast,REPORT,100.0,13,3932155434592.662,19.008775,100,191.698055,210.723057,242.050134,1350.0,1440.0,1620.0,0.0,20.422035,55.486452,88.076923,6.0,5.923077,11.923077,12.076923,2.615385,2.230769,0.0,5,0.384615,1350.0,192.191206
100,4227,HPP-init-NSGA2,v29_hpp_cost_front_boost_fast,REPORT,100.0,8,4007194800525.9424,19.382697,100,176.543362,188.587821,212.528327,1330.0,1575.0,1810.0,0.0,12.5,50.0,87.0,4.75,8.25,13.0,10.625,1.375,3.5,0.0,6,0.75,1330.0,176.954321
100,4228,HPP-init-NSGA2,v29_hpp_cost_front_boost_fast,REPORT,100.0,7,3995014907017.491,21.497371,100,177.674987,198.602178,215.488946,1410.0,1514.285714,1900.0,0.0,2.857143,10.0,89.571429,8.0,2.428571,10.428571,11.285714,3.0,1.714286,0.0,5,0.714286,1410.0,189.081731
100,4229,HPP-init-NSGA2,v29_hpp_cost_front_boost_fast,REPORT,100.0,30,4073580836025.0464,20.869326,100,161.907796,190.458306,236.67137,1380.0,1628.333333,1940.0,0.0,26.849993,100.0,88.366667,5.2,6.433333,11.633333,10.9,2.266667,2.633333,0.0,12,0.4,1380.0,162.173009
100,4230,HPP-init-NSGA2,v29_hpp_cost_front_boost_fast,REPORT,100.0,17,4071209297576.392,18.878042,100,162.596998,194.069693,260.113633,1370.0,1526.470588,1870.0,0.0,3.828828,30.0,87.941176,2.411765,9.647059,12.058824,10.882353,0.882353,4.235294,0.0,10,0.588235,1380.0,162.596998
100,4201,KMeans-init-NSGA2,v29_hpp_cost_front_boost_fast,REPORT,100.0,8,3871215673491.931,11.504297,100,202.346992,217.883061,235.984125,1460.0,1626.25,2070.0,0.0,31.25,50.0,96.5,2.75,0.75,3.5,12.875,2.0,0.75,0.0,3,0.375,1460.0,220.518372
100,4202,KMeans-init-NSGA2,v29_hpp_cost_front_boost_fast,REPORT,100.0,11,3852725765203.088,15.30347,100,207.74393,229.396981,236.746187,1360.0,1545.454545,1750.0,0.0,25.454545,50.0,95.0,4.454545,0.545455,5.0,13.636364,2.636364,0.545455,0.0,3,0.272727,1360.0,223.127492
100,4203,KMeans-init-NSGA2,v29_hpp_cost_front_boost_fast,REPORT,100.0,18,3807227954091.504,10.325896,100,215.481395,222.868621,246.031789,1470.0,1542.777778,1650.0,0.0,22.386209,87.158627,96.055556,3.722222,0.222222,3.944444,13.333333,2.388889,0.222222,0.0,4,0.222222,1480.0,219.377428
100,4204,KMeans-init-NSGA2,v29_hpp_cost_front_boost_fast,REPORT,100.0,10,3847882410808.287,12.259536,100,208.032163,219.884048,249.081481,1410.0,1506.0,1660.0,0.0,28.0,90.0,95.1,3.9,1.0,4.9,12.8,3.1,1.0,0.0,5,0.5,1410.0,221.576507
100,4205,KMeans-init-NSGA2,v29_hpp_cost_front_boost_fast,REPORT,100.0,14,3877862114328.339,11.855494,100,202.128028,230.391244,248.443097,1380.0,1571.428571,1940.0,0.0,48.83247,100.0,97.0,2.714286,0.285714,3.0,13.928571,1.714286,0.214286,0.0,4,0.285714,1380.0,202.128028
100,4206,KMeans-init-NSGA2,v29_hpp_cost_front_boost_fast,REPORT,100.0,9,3926886523624.756,11.308247,100,192.540449,210.387123,221.43596,1360.0,1575.555556,1940.0,0.0,18.888889,100.0,91.666667,8.0,0.333333,8.333333,12.222222,4.0,0.333333,0.0,5,0.555556,1360.0,209.799408
100,4207,KMeans-init-NSGA2,v29_hpp_cost_front_boost_fast,REPORT,100.0,11,3818012825658.9087,11.397691,100,214.678919,225.627966,250.995948,1380.0,1506.363636,1940.0,0.0,40.941374,100.0,95.545455,3.909091,0.545455,4.454545,13.454545,2.727273,0.545455,0.0,3,0.272727,1430.0,216.402001
100,4208,KMeans-init-NSGA2,v29_hpp_cost_front_boost_fast,REPORT,100.0,15,3809360631676.41,11.457309,100,215.518787,224.366343,238.470931,1440.0,1546.0,1860.0,0.0,40.309412,90.0,95.533333,3.933333,0.533333,4.466667,13.466667,1.933333,0.533333,0.0,3,0.2,1440.0,222.53172
100,4209,KMeans-init-NSGA2,v29_hpp_cost_front_boost_fast,REPORT,100.0,5,3879986085933.4897,11.966518,100,200.634663,210.063832,216.895151,1450.0,1732.0,2110.0,0.0,38.730917,83.654586,97.6,2.4,0.0,2.4,12.6,1.6,0.0,0.0,2,0.4,1450.0,216.895151
100,4210,KMeans-init-NSGA2,v29_hpp_cost_front_boost_fast,REPORT,100.0,3,3802725012302.6543,10.401481,100,216.715141,221.579689,231.21022,1450.0,1500.0,1530.0,0.0,43.333333,100.0,97.666667,1.666667,0.666667,2.333333,13.333333,1.333333,0.666667,0.0,1,0.333333,1450.0,231.21022
100,4211,KMeans-init-NSGA2,v29_hpp_cost_front_boost_fast,REPORT,100.0,5,3777423098147.6113,11.241455,100,222.813779,234.860312,240.265834,1390.0,1502.0,1760.0,0.0,14.0,40.0,94.8,4.6,0.6,5.2,13.8,3.6,0.6,0.0,3,0.6,1390.0,237.046656
100,4212,KMeans-init-NSGA2,v29_hpp_cost_front_boost_fast,REPORT,100.0,17,3938299707400.837,12.338447,100,188.558527,228.178591,248.827618,1450.0,1540.0,1870.0,0.0,24.538743,90.0,96.705882,2.588235,0.705882,3.294118,13.705882,1.764706,0.705882,0.0,10,0.588235,1450.0,202.380445
100,4213,KMeans-init-NSGA2,v29_hpp_cost_front_boost_fast,REPORT,100.0,16,3821257902142.963,11.900552,100,214.04035,239.829653,251.894363,1370.0,1501.25,1940.0,0.0,24.628168,100.0,95.6875,4.3125,0.0,4.3125,14.5,2.5625,0.0,0.0,7,0.4375,1370.0,215.00474
100,4214,KMeans-init-NSGA2,v29_hpp_cost_front_boost_fast,REPORT,100.0,9,3845639925733.6895,10.856757,100,207.58719,226.104509,236.120457,1460.0,1610.0,1940.0,0.0,35.555556,80.0,96.444444,3.111111,0.444444,3.555556,13.444444,2.666667,0.444444,0.0,2,0.222222,1460.0,207.58719
100,4215,KMeans-init-NSGA2,v29_hpp_cost_front_boost_fast,REPORT,100.0,10,3812133642233.75,11.011997,100,216.196334,232.843128,251.211003,1360.0,1461.0,1540.0,0.0,9.863451,30.0,95.7,2.8,1.5,4.3,13.9,1.8,1.3,0.0,5,0.5,1360.0,219.046796
100,4216,KMeans-init-NSGA2,v29_hpp_cost_front_boost_fast,REPORT,100.0,6,3814086850216.461,10.779217,100,215.785562,231.983261,236.454506,1360.0,1428.333333,1530.0,0.0,15.0,30.0,96.166667,2.166667,1.666667,3.833333,13.833333,1.666667,1.666667,0.0,3,0.5,1360.0,215.785562
100,4217,KMeans-init-NSGA2,v29_hpp_cost_front_boost_fast,REPORT,100.0,9,3870351769949.7466,11.362874,100,204.248813,223.808644,233.894401,1350.0,1630.0,1940.0,0.0,12.222222,90.0,93.777778,6.222222,0.0,6.222222,13.333333,2.888889,0.0,0.0,6,0.666667,1350.0,219.426895
100,4218,KMeans-init-NSGA2,v29_hpp_cost_front_boost_fast,REPORT,100.0,19,3789981612587.193,12.113425,100,219.439157,238.866134,248.525288,1440.0,1548.421053,1890.0,0.0,52.076196,100.0,96.789474,2.736842,0.473684,3.210526,14.473684,1.842105,0.473684,0.0,2,0.105263,1440.0,248.298754
100,4219,KMeans-init-NSGA2,v29_hpp_cost_front_boost_fast,REPORT,100.0,10,3864069479986.254,10.702849,100,203.922549,224.863794,245.155425,1450.0,1636.0,1940.0,0.0,11.0,40.0,96.7,3.1,0.2,3.3,13.5,2.2,0.2,0.0,6,0.6,1450.0,215.415699
100,4220,KMeans-init-NSGA2,v29_hpp_cost_front_boost_fast,REPORT,100.0,12,3811883188225.404,11.555551,100,216.279459,230.948498,245.237617,1360.0,1440.833333,1660.0,0.0,25.12299,60.0,97.0,2.0,1.0,3.0,13.916667,1.666667,1.0,0.0,3,0.25,1360.0,232.429398
100,4221,KMeans-init-NSGA2,v29_hpp_cost_front_boost_fast,REPORT,100.0,23,3817390208322.72,11.670054,100,215.621179,235.679461,250.934481,1320.0,1593.478261,1940.0,0.0,38.275569,96.287399,96.347826,3.608696,0.043478,3.652174,14.217391,2.347826,0.043478,0.0,7,0.304348,1320.0,230.223919
100,4222,KMeans-init-NSGA2,v29_hpp_cost_front_boost_fast,REPORT,100.0,17,3796518614476.119,10.424446,100,219.497677,237.400673,251.347019,1350.0,1530.0,2200.0,0.0,40.929008,100.0,96.058824,3.0,0.941176,3.941176,14.176471,2.176471,0.882353,0.0,3,0.176471,1350.0,246.347206
100,4223,KMeans-init-NSGA2,v29_hpp_cost_front_boost_fast,REPORT,100.0,7,3878476993114.738,10.505209,100,201.457755,218.875585,245.431868,1420.0,1647.142857,1990.0,0.0,39.188179,87.158627,96.428571,3.0,0.571429,3.571429,13.142857,1.714286,0.571429,0.0,2,0.285714,1420.0,218.665705
100,4224,KMeans-init-NSGA2,v29_hpp_cost_front_boost_fast,REPORT,100.0,12,3783777339578.708,10.321142,100,220.580083,237.154223,249.717069,1450.0,1527.5,1910.0,0.0,41.429886,100.0,96.083333,2.25,1.666667,3.916667,14.166667,1.916667,1.083333,0.0,4,0.333333,1450.0,220.580083
100,4225,KMeans-init-NSGA2,v29_hpp_cost_front_boost_fast,REPORT,100.0,7,3859276077076.5713,11.209197,100,205.074905,228.420521,248.861163,1440.0,1571.428571,1940.0,0.0,0.0,0.0,95.571429,4.142857,0.285714,4.428571,13.571429,2.857143,0.285714,0.0,7,1.0,1440.0,205.074905
100,4226,KMeans-init-NSGA2,v29_hpp_cost_front_boost_fast,REPORT,100.0,15,3805142282274.066,10.987921,100,216.156171,236.616707,245.771864,1450.0,1546.0,1840.0,0.0,37.198123,90.0,97.133333,2.2,0.666667,2.866667,14.333333,1.533333,0.666667,0.0,4,0.266667,1450.0,222.55269
100,4227,KMeans-init-NSGA2,v29_hpp_cost_front_boost_fast,REPORT,100.0,8,3919674627371.844,10.791182,100,192.258117,206.858904,222.374156,1470.0,1542.5,1700.0,0.0,13.934485,30.0,95.75,3.25,1.0,4.25,12.125,2.375,1.0,0.0,3,0.375,1470.0,203.825328
100,4228,KMeans-init-NSGA2,v29_hpp_cost_front_boost_fast,REPORT,100.0,15,3949930560335.4,9.768444,100,186.225104,220.589158,245.870566,1440.0,1618.0,1990.0,0.0,37.333333,90.0,96.2,3.8,0.0,3.8,13.4,1.8,0.0,0.0,7,0.466667,1440.0,200.211405
100,4229,KMeans-init-NSGA2,v29_hpp_cost_front_boost_fast,REPORT,100.0,17,3856798715363.2456,10.830617,100,205.555044,226.065614,257.721931,1450.0,1534.117647,1690.0,0.0,37.762196,80.0,95.294118,4.352941,0.352941,4.705882,13.294118,3.764706,0.352941,0.0,3,0.176471,1450.0,233.621179
100,4230,KMeans-init-NSGA2,v29_hpp_cost_front_boost_fast,REPORT,100.0,6,3863584717915.724,9.889245,100,203.047414,206.372469,218.43857,1520.0,1570.0,1640.0,0.0,0.0,0.0,96.833333,1.0,2.166667,3.166667,12.166667,1.0,2.0,0.0,6,1.0,1520.0,203.047414
100,4201,MOPSO,v29_hpp_cost_front_boost_fast,REPORT,828.6049487592661,36,3574616011142.081,5.092745,74,258.006594,282.101346,300.673974,1731.992449,1872.327683,2251.784694,165.72099,528.693498,813.516344,36.333333,32.972222,30.694444,63.666667,14.861111,5.0,12.5,0.0,0,0.0,,
100,4202,MOPSO,v29_hpp_cost_front_boost_fast,REPORT,1173.8365797457266,32,3489439656232.0625,5.447958,69,276.596432,298.193661,319.121378,1635.79188,1841.342996,2270.0,234.767316,573.40265,816.771734,38.59375,29.0625,32.34375,61.40625,15.0,5.0,14.125,0.0,0,0.0,,
100,4203,MOPSO,v29_hpp_cost_front_boost_fast,REPORT,2504.525559337506,60,3540757360765.508,5.34445,65,263.148492,299.589886,326.646895,1666.095264,1957.544576,2350.0,500.905112,1471.076927,2425.979812,42.45,27.65,29.9,57.55,14.883333,5.0,13.45,0.0,0,0.0,,
100,4204,MOPSO,v29_hpp_cost_front_boost_fast,REPORT,100.0,2,3370485966287.5327,7.328529,100,296.315837,304.873489,313.431141,2100.0,2100.0,2100.0,3.079168,38.079168,73.079168,40.0,31.0,29.0,60.0,15.0,5.0,13.0,0.0,0,0.0,,
100,4205,MOPSO,v29_hpp_cost_front_boost_fast,REPORT,250.0,6,3358621697652.442,7.468181,100,302.204773,306.442747,314.834418,1840.0,1983.333333,2100.0,50.0,146.32889,220.958998,43.166667,26.166667,30.666667,56.833333,15.0,5.0,14.0,0.0,0,0.0,,
100,4206,MOPSO,v29_hpp_cost_front_boost_fast,REPORT,1266.2657914698468,40,3543654615419.9023,6.135115,86,264.949175,294.399157,317.456828,1650.0,1867.774649,2145.256998,253.253158,638.98006,1159.516397,37.275,29.3,33.425,62.725,14.875,5.0,14.2,0.0,0,0.0,,
100,4207,MOPSO,v29_hpp_cost_front_boost_fast,REPORT,2407.4671170357888,59,3617289523492.822,7.897487,100,246.478725,284.744351,321.728743,1716.095719,2015.63707,2446.380289,481.493423,1506.186514,2385.214211,39.830508,29.20339,30.966102,60.169492,14.694915,5.0,13.322034,0.0,0,0.0,,
100,4208,MOPSO,v29_hpp_cost_front_boost_fast,REPORT,1399.1844934561204,64,3633749702219.649,7.199301,100,246.901969,290.02895,322.273611,1590.0,1800.697246,2250.0,279.836899,837.958488,1357.38849,41.90625,27.359375,30.734375,58.09375,14.703125,5.0,13.8125,0.0,0,0.0,,
100,4209,MOPSO,v29_hpp_cost_front_boost_fast,REPORT,621.4939500652122,26,3557927767315.001,7.104387,100,264.487793,294.224172,321.389395,1539.556252,1999.828509,2230.0,124.29879,468.808466,619.196323,37.038462,30.192308,32.769231,62.961538,14.961538,5.0,13.692308,0.0,0,0.0,,
100,4210,MOPSO,v29_hpp_cost_front_boost_fast,REPORT,1244.824558084711,47,3558446206484.73,7.480938,100,261.059708,285.440958,319.16103,1710.0,1921.437495,2420.0,248.964912,700.639712,1218.564734,40.617021,27.531915,31.851064,59.382979,14.723404,5.0,12.851064,0.0,0,0.0,,
100,4211,MOPSO,v29_hpp_cost_front_boost_fast,REPORT,577.0532087485492,5,3554418155541.2964,6.878682,100,263.285339,282.387271,317.810594,1690.0,1854.0,2210.0,115.410642,430.2595,529.028245,34.6,27.4,38.0,65.4,15.0,5.0,14.4,0.0,0,0.0,,
100,4212,MOPSO,v29_hpp_cost_front_boost_fast,REPORT,1928.4479157406568,51,3619893228752.694,7.122954,100,246.752935,296.150022,325.419911,1700.0,1982.838381,2870.0,385.689583,1195.919378,1895.14977,39.627451,30.686275,29.686275,60.372549,14.901961,5.0,12.843137,0.0,0,0.0,,
100,4213,MOPSO,v29_hpp_cost_front_boost_fast,REPORT,1480.033670469802,59,3734557320520.886,6.726299,100,226.4366,264.931536,312.892171,1540.0,1890.536905,2300.0,296.006734,756.8536,1409.021079,34.322034,30.610169,35.067797,65.677966,14.389831,5.0,13.677966,0.0,0,0.0,,
100,4214,MOPSO,v29_hpp_cost_front_boost_fast,REPORT,894.9536238950429,21,3672191375217.5376,7.673947,100,241.241559,274.920318,316.714075,1490.0,1886.074509,2020.0,178.990725,544.437704,878.80587,36.666667,28.857143,34.47619,63.333333,15.0,5.0,13.952381,0.0,0,0.0,,
100,4215,MOPSO,v29_hpp_cost_front_boost_fast,REPORT,987.0875435249512,9,3390650172202.91,4.802767,63,295.204525,312.360599,323.406557,1787.782789,1930.734011,2140.0,197.417509,528.87202,973.990601,39.777778,29.666667,30.555556,60.222222,15.0,5.0,13.777778,0.0,0,0.0,,
100,4216,MOPSO,v29_hpp_cost_front_boost_fast,REPORT,881.3112245559478,11,3440950115367.1685,7.360899,100,284.320721,301.552349,316.468837,1830.0,2026.202823,2240.0,176.262245,418.591702,771.077526,39.090909,30.181818,30.727273,60.909091,15.0,5.0,13.636364,0.0,0,0.0,,
100,4217,MOPSO,v29_hpp_cost_front_boost_fast,REPORT,553.7514583687857,7,3481587172979.275,5.94428,85,279.302268,286.657553,295.46276,1634.215372,1728.949445,1830.0,110.750292,281.234961,539.933848,38.142857,27.714286,34.142857,61.857143,14.428571,5.0,12.428571,0.0,0,0.0,,
100,4218,MOPSO,v29_hpp_cost_front_boost_fast,REPORT,3328.715589428304,70,3640042194235.435,3.291688,45,239.651507,285.242923,319.895794,1730.0,2010.626142,2310.0,665.743118,1764.501437,3220.744396,40.642857,29.157143,30.2,59.357143,14.942857,5.0,13.314286,0.0,0,0.0,,
100,4219,MOPSO,v29_hpp_cost_front_boost_fast,REPORT,100.0,11,3568428860097.259,5.991836,90,260.675333,276.036532,295.640563,1720.0,1923.632342,2230.0,8.081955,26.189211,93.075116,30.454545,34.909091,34.636364,69.545455,14.636364,5.0,13.454545,0.0,0,0.0,,
100,4220,MOPSO,v29_hpp_cost_front_boost_fast,REPORT,1004.0110480676448,42,3618762517344.066,6.589649,97,248.512015,272.179871,317.279672,1725.114822,2016.837653,2227.834308,200.80221,648.735263,1000.957333,37.595238,30.309524,32.095238,62.404762,14.904762,5.0,12.97619,0.0,0,0.0,,
100,4221,MOPSO,v29_hpp_cost_front_boost_fast,REPORT,1521.6698681062496,50,3555367480610.384,6.353269,87,261.940348,287.422832,317.173272,1650.0,2033.401197,2620.0,304.333974,925.204155,1409.494821,39.3,32.04,28.66,60.7,14.94,5.0,13.22,0.0,0,0.0,,
100,4222,MOPSO,v29_hpp_cost_front_boost_fast,REPORT,1540.7064125245165,61,3668394881539.269,7.07607,100,241.24819,287.958895,318.078754,1470.580005,1767.086635,2160.0,308.141283,757.845133,1439.70088,37.655738,29.901639,32.442623,62.344262,14.606557,5.0,13.180328,0.0,0,0.0,,
100,4223,MOPSO,v29_hpp_cost_front_boost_fast,REPORT,1053.457602169401,21,3499109070863.5747,6.969554,100,274.919068,287.460341,322.845473,1630.0,2027.469492,2270.0,210.69152,702.41124,1047.848518,38.952381,30.142857,30.904762,61.047619,14.666667,5.0,12.904762,0.0,0,0.0,,
100,4224,MOPSO,v29_hpp_cost_front_boost_fast,REPORT,100.0,12,3590737339289.056,6.56577,100,259.056604,293.239923,315.773121,1526.010162,1745.420105,1954.872057,0.0,17.687786,50.23796,36.0,30.666667,33.333333,64.0,15.0,5.0,13.25,0.0,3,0.25,1744.098281,276.301784
100,4225,MOPSO,v29_hpp_cost_front_boost_fast,REPORT,2223.2543658250293,74,3711982429625.986,7.031759,100,227.630677,283.604401,319.424525,1690.0,1879.261532,2140.0,444.650873,1300.341521,2108.757774,36.594595,32.567568,30.837838,63.405405,14.418919,5.0,12.675676,0.0,0,0.0,,
100,4226,MOPSO,v29_hpp_cost_front_boost_fast,REPORT,1837.1337586230104,44,3555233365173.1133,5.907037,82,262.262929,289.360792,320.080984,1612.846578,1927.322472,2240.0,367.426752,989.143286,1806.231682,38.5,28.068182,33.431818,61.5,15.0,4.909091,14.136364,0.0,0,0.0,,
100,4227,MOPSO,v29_hpp_cost_front_boost_fast,REPORT,311.5337012003488,3,3395329965131.921,7.221262,100,295.664799,301.495247,313.156142,1761.300653,1774.200436,1800.0,62.30674,195.961051,262.788206,38.0,26.333333,35.666667,62.0,15.0,5.0,14.0,0.0,0,0.0,,
100,4228,MOPSO,v29_hpp_cost_front_boost_fast,REPORT,150.0,14,3472838305703.571,6.711887,100,280.014111,293.449653,319.558771,1750.0,1805.245759,2050.0,30.0,99.155537,137.987607,38.214286,26.428571,35.357143,61.785714,15.0,5.0,13.571429,0.0,0,0.0,,
100,4229,MOPSO,v29_hpp_cost_front_boost_fast,REPORT,2281.6302298096475,55,3635462391260.3433,6.935871,100,244.987337,281.94258,314.114895,1594.583204,1846.27965,2550.0,456.326046,1153.528669,2271.26017,38.490909,29.872727,31.636364,61.509091,14.727273,5.0,13.418182,0.0,0,0.0,,
100,4230,MOPSO,v29_hpp_cost_front_boost_fast,REPORT,3742.637781737784,61,3587180794644.2056,4.398531,51,250.129914,283.37409,322.158123,1742.305913,1995.817439,2590.0,748.527556,2159.193911,3577.561837,38.508197,28.311475,33.180328,61.491803,14.622951,5.0,12.918033,0.0,0,0.0,,
100,4201,Trad-NSGA2,v29_hpp_cost_front_boost_fast,REPORT,243.0731868895248,7,3720299163317.183,8.648185,100,230.946506,247.963399,256.117007,1590.0,1744.541008,1920.0,48.614637,154.960942,231.912628,33.142857,29.571429,37.285714,66.857143,13.428571,5.0,11.571429,0.0,0,0.0,,
100,4202,Trad-NSGA2,v29_hpp_cost_front_boost_fast,REPORT,100.0,12,3681376482935.608,9.373723,100,239.321851,258.795478,278.347626,1600.0,1685.651176,1760.0,0.0,25.02169,90.0,40.5,29.5,30.0,59.5,13.666667,5.0,11.916667,0.0,4,0.333333,1602.529064,257.761363
100,4203,Trad-NSGA2,v29_hpp_cost_front_boost_fast,REPORT,100.0,13,3610555984386.427,9.229075,100,252.305877,284.779919,307.33038,1700.0,1844.148017,2100.0,0.0,17.981469,85.458979,43.538462,29.846154,26.615385,56.461538,14.538462,5.0,11.230769,0.0,5,0.384615,1730.0,276.370448
100,4204,Trad-NSGA2,v29_hpp_cost_front_boost_fast,REPORT,100.0,9,3766149048447.707,8.808933,100,222.726922,254.275424,274.594787,1530.0,1773.191201,2056.896146,0.0,44.855177,97.891883,35.444444,30.444444,34.111111,64.555556,13.666667,5.0,12.444444,0.0,2,0.222222,1664.486548,274.06525
100,4205,Trad-NSGA2,v29_hpp_cost_front_boost_fast,REPORT,100.0,4,3661911572567.831,9.479013,100,242.61321,270.830117,284.34116,1650.0,1670.0,1710.0,0.0,12.045612,31.02382,38.25,29.25,32.5,61.75,13.25,5.0,12.25,0.0,2,0.5,1650.0,279.413566
100,4206,Trad-NSGA2,v29_hpp_cost_front_boost_fast,REPORT,100.0,8,3663649571718.471,8.789438,100,242.636775,271.321459,291.907255,1620.0,1775.751657,1980.0,0.0,63.882706,98.683003,40.75,29.375,29.875,59.25,14.25,5.0,12.25,0.0,1,0.125,1860.0,275.904791
100,4207,Trad-NSGA2,v29_hpp_cost_front_boost_fast,REPORT,100.0,3,3598658270125.873,9.2815,100,255.24339,256.893681,258.577095,1680.0,1714.819719,1774.459157,0.0,9.954419,29.863257,43.666667,28.0,28.333333,56.333333,13.0,5.0,11.666667,0.0,2,0.666667,1680.0,256.860557
100,4208,Trad-NSGA2,v29_hpp_cost_front_boost_fast,REPORT,100.0,5,3554317515582.844,9.310065,100,263.631143,285.095931,301.375361,1720.0,1852.0,2290.0,0.0,29.472412,85.0,43.2,29.4,27.4,56.8,14.0,5.0,11.8,0.0,3,0.6,1720.0,276.359379
100,4209,Trad-NSGA2,v29_hpp_cost_front_boost_fast,REPORT,100.0,10,3698210698263.683,8.902495,100,235.462013,287.911013,303.106764,1621.004785,1669.9369,1730.0,0.0,32.115658,96.760472,42.2,31.1,26.7,57.8,14.6,5.0,9.7,0.0,4,0.4,1621.004785,235.462013
100,4210,Trad-NSGA2,v29_hpp_cost_front_boost_fast,REPORT,100.0,7,3624363599067.699,8.904816,100,249.229102,268.153245,290.421128,1720.0,1858.535884,2090.0,0.0,23.984009,74.008131,36.0,33.571429,30.428571,64.0,14.285714,5.0,11.857143,0.0,4,0.571429,1757.788705,259.284877
100,4211,Trad-NSGA2,v29_hpp_cost_front_boost_fast,REPORT,100.0,6,3577373811144.6,9.625814,100,260.913283,286.817354,315.401892,1575.454978,1852.733862,2390.0,0.0,36.473319,100.0,40.333333,31.833333,27.833333,59.666667,13.5,5.0,11.833333,0.0,2,0.333333,1780.948191,290.512408
100,4212,Trad-NSGA2,v29_hpp_cost_front_boost_fast,REPORT,100.0,7,3772660301870.4,8.750815,100,222.175798,257.710394,294.799826,1490.0,1737.628839,2180.0,0.0,43.1112,83.590496,38.142857,32.285714,29.571429,61.857143,13.857143,5.0,12.857143,0.0,2,0.285714,1796.70261,281.826475
100,4213,Trad-NSGA2,v29_hpp_cost_front_boost_fast,REPORT,100.0,7,3596451284000.95,9.090588,100,257.960703,291.10584,309.780754,1530.0,1637.77426,1864.828184,0.0,42.181032,97.986119,37.714286,30.0,32.285714,62.285714,14.428571,5.0,12.0,0.0,1,0.142857,1864.828184,309.780754
100,4214,Trad-NSGA2,v29_hpp_cost_front_boost_fast,REPORT,100.0,3,3577663842996.655,9.095242,100,260.467432,274.598882,283.192944,1620.0,1634.146835,1650.0,3.191062,23.907357,49.19554,37.333333,26.0,36.666667,62.666667,15.0,5.0,15.0,0.0,0,0.0,,
100,4215,Trad-NSGA2,v29_hpp_cost_front_boost_fast,REPORT,100.0,7,3591032105713.2974,9.238045,100,259.726455,278.527232,291.013645,1480.0,1720.362579,1940.0,0.0,34.924595,100.0,41.0,27.0,32.0,59.0,14.571429,5.0,12.285714,0.0,1,0.142857,1510.0,291.013645
100,4216,Trad-NSGA2,v29_hpp_cost_front_boost_fast,REPORT,100.0,7,3834625645768.967,9.234784,100,207.538658,248.453435,296.646629,1610.0,1770.191327,2051.339286,0.0,31.216518,68.515626,36.0,31.428571,32.571429,64.0,14.285714,5.0,13.142857,0.0,3,0.428571,1850.0,242.464592
100,4217,Trad-NSGA2,v29_hpp_cost_front_boost_fast,REPORT,100.0,6,3499234173668.772,9.614976,100,277.574075,292.598054,312.663442,1554.76872,1723.934164,1820.0,0.0,36.492524,82.327817,40.0,28.833333,31.166667,60.0,15.0,5.0,12.833333,0.0,3,0.5,1554.76872,286.631819
100,4218,Trad-NSGA2,v29_hpp_cost_front_boost_fast,REPORT,100.0,8,3480140006818.408,9.176009,100,279.147559,300.005476,314.080171,1704.536049,1962.637192,2360.0,0.0,30.828356,63.76445,40.5,26.875,32.625,59.5,14.375,5.0,12.625,0.0,2,0.25,2070.0,279.293726
100,4219,Trad-NSGA2,v29_hpp_cost_front_boost_fast,REPORT,100.0,12,3790341665663.5737,9.84789,100,220.038281,246.76592,275.063405,1397.143271,1475.933685,1515.599148,0.0,31.658291,68.268286,35.416667,25.666667,38.916667,64.583333,13.583333,5.0,13.333333,0.0,5,0.416667,1402.389347,237.701251
100,4220,Trad-NSGA2,v29_hpp_cost_front_boost_fast,REPORT,100.0,9,3736083353369.882,8.54959,100,226.672823,262.98993,292.51882,1680.0,1766.109252,1815.843307,0.0,40.306618,94.076473,34.444444,33.222222,32.333333,65.555556,14.666667,5.0,12.555556,0.0,3,0.333333,1750.0,253.10254
100,4221,Trad-NSGA2,v29_hpp_cost_front_boost_fast,REPORT,100.0,8,3514089156028.0674,9.624687,100,273.641367,291.123771,311.219495,1610.0,1794.224621,1967.967086,0.0,54.518824,97.563009,37.25,30.5,32.25,62.75,14.5,5.0,12.75,0.0,2,0.25,1764.323094,279.770603
100,4222,Trad-NSGA2,v29_hpp_cost_front_boost_fast,REPORT,100.0,9,3394037463880.636,9.422818,100,298.275032,310.129027,323.338101,1630.954092,1902.217341,2100.0,0.0,37.503181,71.822265,41.666667,29.444444,28.888889,58.333333,14.777778,5.0,13.222222,0.0,2,0.222222,1869.500988,312.636924
100,4223,Trad-NSGA2,v29_hpp_cost_front_boost_fast,REPORT,100.0,13,3522946449076.3457,9.158418,100,271.93579,297.930261,316.757382,1610.0,1713.111747,2070.0,0.0,26.804333,78.606798,44.538462,28.153846,27.307692,55.461538,14.538462,5.0,13.0,0.0,4,0.307692,1640.0,299.827713
100,4224,Trad-NSGA2,v29_hpp_cost_front_boost_fast,REPORT,100.0,4,3578483298788.828,9.510275,100,260.205475,277.561213,293.68409,1620.0,1788.949801,1940.293807,0.0,22.07,68.279999,37.0,27.25,35.75,63.0,14.5,5.0,13.75,0.0,1,0.25,1940.293807,279.573702
100,4225,Trad-NSGA2,v29_hpp_cost_front_boost_fast,REPORT,100.0,17,3683719970507.056,8.638366,100,239.074044,265.790257,308.864527,1580.0,1778.367691,2200.0,0.0,44.264468,91.35139,37.588235,30.411765,32.0,62.411765,13.823529,5.0,11.941176,0.0,6,0.352941,1674.30702,247.402575
100,4226,Trad-NSGA2,v29_hpp_cost_front_boost_fast,REPORT,100.0,7,3732305272435.015,8.60969,100,226.108243,245.748689,282.287345,1770.0,1800.778471,1890.0,0.0,60.457228,100.0,39.142857,30.857143,30.0,60.857143,12.714286,5.0,12.428571,0.0,1,0.142857,1770.0,282.287345
100,4227,Trad-NSGA2,v29_hpp_cost_front_boost_fast,REPORT,100.0,4,3691134509209.709,9.128322,100,238.781145,240.561237,243.168731,1510.0,1630.084676,1890.0,0.0,42.5,90.0,37.75,28.75,33.5,62.25,14.0,5.0,13.0,0.0,2,0.5,1610.338703,241.214095
100,4228,Trad-NSGA2,v29_hpp_cost_front_boost_fast,REPORT,100.0,14,3781705705751.37,8.931905,100,222.652183,254.524405,294.300629,1341.054243,1503.658346,1710.0,0.0,35.426998,92.249853,33.0,25.857143,41.142857,67.0,14.357143,5.0,13.714286,0.0,5,0.357143,1341.054243,236.792939
100,4229,Trad-NSGA2,v29_hpp_cost_front_boost_fast,REPORT,100.0,9,3584943344714.052,9.024078,100,258.809143,288.982823,305.995228,1625.068669,1741.78718,1920.0,0.0,27.068886,84.91375,36.777778,31.777778,31.444444,63.222222,14.777778,5.0,12.333333,0.0,4,0.444444,1625.068669,275.966906
100,4230,Trad-NSGA2,v29_hpp_cost_front_boost_fast,REPORT,100.0,5,3554679960327.611,9.101753,100,264.909506,296.284609,316.202867,1630.0,1724.711526,1840.0,0.0,44.897543,89.733754,35.0,28.6,36.4,65.0,14.4,5.0,13.2,0.0,2,0.4,1672.066595,280.568684
50,4201,HPP-init-NSGA2,v29_hpp_cost_front_boost_fast,REPORT,100.0,15,4343009957880.565,12.405418,100,107.528206,118.616417,154.2951,1330.0,1545.96829,1749.524353,0.0,16.777832,80.0,38.466667,6.533333,5.0,11.533333,6.4,1.8,2.133333,0.0,11,0.733333,1330.0,110.015069
50,4202,HPP-init-NSGA2,v29_hpp_cost_front_boost_fast,REPORT,100.0,13,4384440368652.517,12.642377,100,98.336455,115.711362,159.796528,1360.0,1708.461538,2140.0,0.0,11.748387,80.0,32.538462,9.153846,8.307692,17.461538,6.153846,2.230769,4.076923,0.0,10,0.769231,1470.0,98.336455
50,4203,HPP-init-NSGA2,v29_hpp_cost_front_boost_fast,REPORT,100.0,12,4287478474017.7886,11.872776,100,120.507646,128.133885,142.611295,1250.0,1297.5,1360.0,0.0,20.0,40.0,41.5,4.25,4.25,8.5,7.416667,1.416667,1.333333,0.0,6,0.5,1250.0,120.888624
50,4204,HPP-init-NSGA2,v29_hpp_cost_front_boost_fast,REPORT,100.0,14,4337958413644.3066,11.258806,100,109.260228,120.643735,138.316055,1290.0,1630.482433,2120.0,0.0,51.566673,90.0,39.857143,7.642857,2.5,10.142857,6.714286,2.214286,1.357143,0.0,4,0.285714,1300.0,109.927625
50,4205,HPP-init-NSGA2,v29_hpp_cost_front_boost_fast,REPORT,100.0,5,4289748846681.877,12.049218,100,118.421878,122.606562,132.967153,1340.0,1428.0,1570.0,0.0,11.211103,56.055513,35.0,8.0,7.0,15.0,7.0,2.8,3.2,0.0,4,0.8,1340.0,118.421878
50,4206,HPP-init-NSGA2,v29_hpp_cost_front_boost_fast,REPORT,100.0,13,4339460122975.028,11.574261,100,108.314339,131.923844,150.66337,1320.0,1588.461538,1870.0,0.0,33.391021,100.0,39.692308,5.923077,4.384615,10.307692,7.307692,1.923077,1.923077,0.0,6,0.461538,1490.0,121.431751
50,4207,HPP-init-NSGA2,v29_hpp_cost_front_boost_fast,REPORT,100.0,9,4273571452042.976,11.086409,100,120.646861,124.57239,131.216779,1400.0,1524.444444,1690.0,0.0,5.555556,50.0,42.111111,5.555556,2.333333,7.888889,7.0,2.111111,0.888889,0.0,8,0.888889,1400.0,121.45675
50,4208,HPP-init-NSGA2,v29_hpp_cost_front_boost_fast,REPORT,100.0,15,4338428489451.079,11.698737,100,109.498888,114.268989,131.746687,1280.0,1449.382764,1550.0,0.0,9.333333,40.0,37.466667,8.066667,4.466667,12.533333,6.6,2.266667,2.4,0.0,10,0.666667,1330.0,109.498888
50,4209,HPP-init-NSGA2,v29_hpp_cost_front_boost_fast,REPORT,100.0,11,4348194334369.349,10.77871,100,106.83388,124.102462,144.069228,1310.0,1480.909091,1650.0,0.0,22.727273,90.0,41.545455,4.272727,4.181818,8.454545,7.0,1.090909,2.0,0.0,6,0.545455,1310.0,120.981769
50,4210,HPP-init-NSGA2,v29_hpp_cost_front_boost_fast,REPORT,100.0,13,4331038234846.389,10.916769,100,109.379023,116.438977,133.342906,1370.0,1451.538462,1520.0,0.0,7.692308,90.0,40.615385,6.153846,3.230769,9.384615,6.769231,2.076923,1.615385,0.0,11,0.846154,1370.0,109.930868
50,4211,HPP-init-NSGA2,v29_hpp_cost_front_boost_fast,REPORT,100.0,19,4345836535281.126,10.589066,100,108.660324,126.83722,147.517862,1240.0,1334.210526,1490.0,0.0,27.365519,77.158627,38.789474,7.263158,3.947368,11.210526,7.0,2.684211,1.842105,0.0,10,0.526316,1240.0,108.660324
50,4212,HPP-init-NSGA2,v29_hpp_cost_front_boost_fast,REPORT,100.0,13,4342052795907.7446,10.413792,100,108.210572,130.988735,148.401659,1300.0,1500.0,1810.0,0.0,15.607315,77.6317,40.923077,7.692308,1.384615,9.076923,7.230769,2.615385,1.230769,0.0,9,0.692308,1300.0,108.210572
50,4213,HPP-init-NSGA2,v29_hpp_cost_front_boost_fast,REPORT,100.0,8,4330078964962.689,11.075784,100,112.849633,116.156681,119.21543,1190.0,1317.893408,1490.0,0.0,18.732847,100.0,33.5,10.25,6.25,16.5,6.125,3.0,2.25,0.0,6,0.75,1190.0,112.849633
50,4214,HPP-init-NSGA2,v29_hpp_cost_front_boost_fast,REPORT,100.0,7,4337006117992.905,10.651584,100,109.396309,120.486292,126.584678,1290.0,1508.694268,2250.0,0.0,10.0,70.0,40.857143,4.857143,4.285714,9.142857,6.857143,1.428571,1.285714,0.0,6,0.857143,1290.0,120.193119
50,4215,HPP-init-NSGA2,v29_hpp_cost_front_boost_fast,REPORT,100.0,19,4379770925978.585,10.596159,100,101.68949,131.706588,156.898787,1230.0,1431.742651,1990.0,0.0,20.526316,90.0,37.578947,5.052632,7.368421,12.421053,7.210526,1.894737,3.473684,0.0,12,0.631579,1230.0,102.205619
50,4216,HPP-init-NSGA2,v29_hpp_cost_front_boost_fast,REPORT,100.0,9,4346782367886.927,10.067652,100,107.213833,111.055774,115.035761,1310.0,1526.471242,1650.0,0.0,0.0,0.0,39.333333,8.222222,2.444444,10.666667,6.333333,2.0,1.666667,0.0,9,1.0,1310.0,107.213833
50,4217,HPP-init-NSGA2,v29_hpp_cost_front_boost_fast,REPORT,100.0,13,4260151481262.885,11.050231,100,125.263967,135.510545,142.648242,1290.0,1448.461538,2110.0,0.0,46.923077,100.0,45.692308,1.307692,3.0,4.307692,7.923077,0.692308,1.692308,0.0,4,0.307692,1330.0,135.150685
50,4218,HPP-init-NSGA2,v29_hpp_cost_front_boost_fast,REPORT,100.0,11,4267405162650.456,11.548814,100,120.830759,127.673458,143.79748,1460.0,1560.0,1660.0,0.0,7.272727,20.0,43.454545,1.636364,4.909091,6.545455,7.636364,0.818182,1.909091,0.0,7,0.636364,1460.0,121.258006
50,4219,HPP-init-NSGA2,v29_hpp_cost_front_boost_fast,REPORT,100.0,29,4332318814733.481,10.141733,100,110.405196,123.445475,130.31189,1290.0,1501.724138,2050.0,0.0,16.551724,40.0,40.655172,9.137931,0.206897,9.344828,6.965517,2.655172,0.206897,0.0,17,0.586207,1290.0,110.405196
50,4220,HPP-init-NSGA2,v29_hpp_cost_front_boost_fast,REPORT,100.0,24,4338424419176.221,10.001119,100,110.136426,123.526675,152.926936,1240.0,1503.75,1850.0,0.0,16.666667,80.0,39.416667,5.625,4.958333,10.583333,6.666667,2.083333,2.166667,0.0,16,0.666667,1240.0,110.536931
50,4221,HPP-init-NSGA2,v29_hpp_cost_front_boost_fast,REPORT,100.0,15,4404345099717.814,10.059238,100,95.416611,108.177528,128.826067,1300.0,1582.449549,1726.743235,0.0,29.999222,92.015621,37.6,9.733333,2.666667,12.4,5.733333,2.2,1.333333,0.0,6,0.4,1310.0,96.74984
50,4222,HPP-init-NSGA2,v29_hpp_cost_front_boost_fast,REPORT,100.0,13,4349124646414.389,10.196083,100,108.231843,124.84338,133.979021,1220.0,1462.094218,1980.0,0.0,12.773501,80.0,39.307692,7.538462,3.153846,10.692308,6.769231,2.230769,1.923077,0.0,8,0.615385,1220.0,108.231843
50,4223,HPP-init-NSGA2,v29_hpp_cost_front_boost_fast,REPORT,100.0,12,4268106772767.1904,10.413036,100,123.887534,135.267644,147.92762,1280.0,1395.833333,1520.0,0.0,22.193474,90.0,41.833333,4.5,3.666667,8.166667,7.666667,1.916667,2.0,0.0,6,0.5,1280.0,123.887534
50,4224,HPP-init-NSGA2,v29_hpp_cost_front_boost_fast,REPORT,100.0,10,4334049893829.677,10.617256,100,110.955039,126.885376,141.945949,1240.0,1485.107216,1660.0,0.0,19.905694,100.0,41.6,5.2,3.2,8.4,7.1,1.8,1.4,0.0,8,0.8,1240.0,110.955039
50,4225,HPP-init-NSGA2,v29_hpp_cost_front_boost_fast,REPORT,100.0,13,4414237117788.606,10.26948,100,94.439675,102.725968,115.02716,1250.0,1425.246808,1660.0,0.0,6.174866,64.083269,34.615385,10.615385,4.769231,15.384615,5.153846,2.846154,2.076923,0.0,11,0.846154,1280.0,94.439675
50,4226,HPP-init-NSGA2,v29_hpp_cost_front_boost_fast,REPORT,100.0,10,4274582936338.232,10.262246,100,122.402962,129.293017,141.501794,1290.0,1451.0,1700.0,0.0,14.0,100.0,41.4,4.7,3.9,8.6,7.3,1.9,1.1,0.0,8,0.8,1290.0,122.402962
50,4227,HPP-init-NSGA2,v29_hpp_cost_front_boost_fast,REPORT,100.0,11,4338698973898.915,9.902455,100,107.713415,124.216059,148.01036,1370.0,1605.454545,2050.0,0.0,21.021991,77.158627,40.363636,7.363636,2.272727,9.636364,6.909091,2.363636,1.454545,0.0,7,0.636364,1450.0,107.713415
50,4228,HPP-init-NSGA2,v29_hpp_cost_front_boost_fast,REPORT,100.0,10,4368289316137.584,10.211101,100,101.773905,112.109871,139.435927,1360.0,1526.0,2240.0,0.0,18.787993,56.055513,40.5,4.3,5.2,9.5,6.8,1.5,2.5,0.0,4,0.4,1360.0,109.302939
50,4229,HPP-init-NSGA2,v29_hpp_cost_front_boost_fast,REPORT,100.0,13,4329659631055.152,10.50291,100,110.106253,130.486911,148.280451,1340.0,1476.923077,1760.0,0.0,19.372814,91.846584,40.769231,5.307692,3.923077,9.230769,7.153846,2.0,2.230769,0.0,8,0.615385,1360.0,110.106253
50,4230,HPP-init-NSGA2,v29_hpp_cost_front_boost_fast,REPORT,100.0,8,4370241669182.1,10.131342,100,99.863499,120.573055,148.75497,1440.0,1602.5,1760.0,0.0,14.308193,44.465543,39.125,8.625,2.25,10.875,6.5,2.5,1.25,0.0,4,0.5,1490.0,117.542497
50,4201,KMeans-init-NSGA2,v29_hpp_cost_front_boost_fast,REPORT,100.0,15,4323158064636.861,7.90344,100,110.109002,129.083177,138.773318,1410.0,1611.333333,2050.0,0.0,61.719542,100.0,46.733333,2.4,0.866667,3.266667,7.466667,1.4,0.866667,0.0,3,0.2,1490.0,124.135324
50,4202,KMeans-init-NSGA2,v29_hpp_cost_front_boost_fast,REPORT,100.0,16,4219488347646.2407,7.535061,100,132.498637,134.675463,138.53416,1360.0,1531.25,1750.0,0.0,25.539657,50.0,47.6875,1.875,0.4375,2.3125,8.0,1.25,0.4375,0.0,5,0.3125,1360.0,135.348166
50,4203,KMeans-init-NSGA2,v29_hpp_cost_front_boost_fast,REPORT,100.0,8,4217251553505.701,7.824103,100,132.958103,135.020434,136.177495,1360.0,1465.0,1530.0,0.0,24.168577,80.0,47.125,2.875,0.0,2.875,8.0,1.75,0.0,0.0,3,0.375,1460.0,135.314481
50,4204,KMeans-init-NSGA2,v29_hpp_cost_front_boost_fast,REPORT,100.0,9,4263661596864.18,7.464307,100,122.661733,131.196882,136.162295,1400.0,1502.222222,1860.0,0.0,66.035251,97.158627,46.777778,3.222222,0.0,3.222222,7.666667,2.0,0.0,0.0,2,0.222222,1440.0,124.465661
50,4205,KMeans-init-NSGA2,v29_hpp_cost_front_boost_fast,REPORT,100.0,18,4269890842230.5977,7.326429,100,122.142686,136.225735,146.086102,1350.0,1537.222222,2050.0,0.0,48.970882,97.158627,46.555556,2.833333,0.611111,3.444444,7.944444,1.777778,0.388889,0.0,3,0.166667,1350.0,136.087892
50,4206,KMeans-init-NSGA2,v29_hpp_cost_front_boost_fast,REPORT,100.0,5,4209034242101.219,7.244923,100,132.8685,133.626232,136.013111,1460.0,1524.0,1590.0,0.0,31.431725,50.0,48.4,1.6,0.0,1.6,8.0,1.2,0.0,0.0,1,0.2,1460.0,136.013111
50,4207,KMeans-init-NSGA2,v29_hpp_cost_front_boost_fast,REPORT,100.0,12,4204296844144.1816,7.438144,100,132.772823,134.705461,137.176866,1520.0,1595.0,1660.0,0.0,56.675866,97.158627,47.833333,2.166667,0.0,2.166667,8.0,1.416667,0.0,0.0,3,0.25,1560.0,136.581043
50,4208,KMeans-init-NSGA2,v29_hpp_cost_front_boost_fast,REPORT,100.0,22,4220845359146.153,7.943259,100,132.218377,133.796272,139.19614,1360.0,1469.545455,1540.0,0.0,43.445143,90.0,47.590909,2.409091,0.0,2.409091,8.0,1.272727,0.0,0.0,2,0.090909,1370.0,135.561056
50,4209,KMeans-init-NSGA2,v29_hpp_cost_front_boost_fast,REPORT,100.0,8,4282708134522.608,5.812701,100,119.000214,130.170084,135.861797,1380.0,1675.0,2050.0,0.0,36.079314,97.158627,47.875,2.125,0.0,2.125,7.75,1.25,0.0,0.0,2,0.25,1460.0,135.759125
50,4210,KMeans-init-NSGA2,v29_hpp_cost_front_boost_fast,REPORT,100.0,10,4272110240711.133,7.059691,100,119.786308,133.480755,143.211799,1460.0,1587.0,1850.0,0.0,37.715863,100.0,47.6,1.9,0.5,2.4,7.8,1.4,0.5,0.0,4,0.4,1570.0,122.816731
50,4211,KMeans-init-NSGA2,v29_hpp_cost_front_boost_fast,REPORT,100.0,17,4286712700293.145,5.897785,100,118.581043,132.341644,141.974936,1360.0,1502.941176,1650.0,0.0,57.653552,97.158627,47.235294,2.411765,0.352941,2.764706,7.823529,1.352941,0.352941,0.0,2,0.117647,1360.0,135.93092
50,4212,KMeans-init-NSGA2,v29_hpp_cost_front_boost_fast,REPORT,100.0,8,4208625230389.1006,7.0336,100,132.772823,134.049522,136.054207,1470.0,1635.0,1980.0,0.0,44.829314,87.158627,47.625,2.375,0.0,2.375,8.0,1.25,0.0,0.0,1,0.125,1600.0,136.054207
50,4213,KMeans-init-NSGA2,v29_hpp_cost_front_boost_fast,REPORT,100.0,16,4268249391695.6895,6.252844,100,121.320769,133.089628,138.182493,1420.0,1609.375,1650.0,0.0,51.789657,80.0,47.875,1.6875,0.4375,2.125,7.875,1.125,0.4375,0.0,1,0.0625,1650.0,136.895176
50,4214,KMeans-init-NSGA2,v29_hpp_cost_front_boost_fast,REPORT,100.0,14,4263085255026.285,6.186485,100,121.862426,134.117548,141.972015,1450.0,1507.857143,1690.0,0.0,21.939902,60.0,47.571429,2.0,0.428571,2.428571,7.928571,1.357143,0.428571,0.0,7,0.5,1450.0,121.862426
50,4215,KMeans-init-NSGA2,v29_hpp_cost_front_boost_fast,REPORT,100.0,12,4213360989476.4927,5.576809,100,132.336392,134.265384,138.130805,1440.0,1483.333333,1520.0,0.0,35.359771,80.0,47.5,2.0,0.5,2.5,8.0,1.25,0.333333,0.0,4,0.333333,1440.0,135.314481
50,4216,KMeans-init-NSGA2,v29_hpp_cost_front_boost_fast,REPORT,100.0,9,4209567328894.108,6.974045,100,132.937207,135.897468,139.835648,1450.0,1480.0,1520.0,0.0,32.724959,68.683003,46.777778,3.111111,0.111111,3.222222,8.0,1.777778,0.111111,0.0,3,0.333333,1470.0,135.594741
50,4217,KMeans-init-NSGA2,v29_hpp_cost_front_boost_fast,REPORT,100.0,20,4279137603758.925,6.623789,100,118.717815,134.350176,139.75336,1440.0,1538.5,1850.0,0.0,45.71156,100.0,47.1,2.55,0.35,2.9,7.9,1.5,0.35,0.0,4,0.2,1460.0,135.635837
50,4218,KMeans-init-NSGA2,v29_hpp_cost_front_boost_fast,REPORT,100.0,16,4285727261805.359,6.350459,100,118.786522,128.774617,135.862212,1360.0,1676.25,2160.0,0.0,65.987071,100.0,47.375,2.0625,0.5625,2.625,7.5625,1.375,0.375,0.0,2,0.125,1520.0,121.742122
50,4219,KMeans-init-NSGA2,v29_hpp_cost_front_boost_fast,REPORT,100.0,19,4270305183847.079,6.878902,100,122.1429,134.272577,142.004511,1350.0,1587.368421,1790.0,0.0,55.429429,100.0,46.736842,2.894737,0.368421,3.263158,7.842105,1.578947,0.368421,0.0,4,0.210526,1590.0,136.622138
50,4220,KMeans-init-NSGA2,v29_hpp_cost_front_boost_fast,REPORT,100.0,19,4213764131297.847,6.437644,100,132.772823,135.990406,140.555765,1410.0,1606.315789,1960.0,0.0,52.861183,100.0,47.157895,2.263158,0.578947,2.842105,8.0,1.263158,0.526316,0.0,1,0.052632,1610.0,136.379115
50,4221,KMeans-init-NSGA2,v29_hpp_cost_front_boost_fast,REPORT,100.0,29,4217170908986.0527,6.599397,100,132.60844,136.065799,141.533659,1380.0,1554.827586,1880.0,0.0,37.100122,87.158627,47.275862,2.034483,0.689655,2.724138,8.0,1.448276,0.551724,0.0,10,0.344828,1380.0,136.21118
50,4222,KMeans-init-NSGA2,v29_hpp_cost_front_boost_fast,REPORT,100.0,16,4205795789940.0737,6.838109,100,132.999199,135.367027,139.666279,1490.0,1590.0,1730.0,0.0,47.414657,100.0,47.875,1.4375,0.6875,2.125,8.0,1.0,0.6875,0.0,3,0.1875,1530.0,136.698844
50,4223,KMeans-init-NSGA2,v29_hpp_cost_front_boost_fast,REPORT,100.0,11,4281701324242.672,6.813452,100,119.087678,125.368096,135.486276,1390.0,1700.0,1960.0,0.0,52.861444,100.0,48.272727,1.727273,0.0,1.727273,7.363636,1.181818,0.0,0.0,1,0.090909,1390.0,135.486276
50,4224,KMeans-init-NSGA2,v29_hpp_cost_front_boost_fast,REPORT,100.0,19,4256375643892.345,6.168817,100,122.676933,134.802633,139.369276,1480.0,1585.263158,1820.0,0.0,44.43775,100.0,48.0,1.473684,0.526316,2.0,7.947368,1.157895,0.526316,0.0,3,0.157895,1480.0,137.033097
50,4225,KMeans-init-NSGA2,v29_hpp_cost_front_boost_fast,REPORT,100.0,17,4278614238108.674,6.585078,100,119.238577,131.822311,137.204892,1410.0,1728.823529,2040.0,0.0,61.60406,87.158627,47.647059,2.294118,0.058824,2.352941,7.764706,1.352941,0.058824,0.0,1,0.058824,1660.0,137.204892
50,4226,KMeans-init-NSGA2,v29_hpp_cost_front_boost_fast,REPORT,100.0,17,4206890985922.7993,6.129653,100,132.772823,135.639591,139.656947,1490.0,1644.705882,2040.0,0.0,38.241788,97.158627,47.882353,1.647059,0.470588,2.117647,8.0,1.235294,0.470588,0.0,5,0.294118,1490.0,136.539947
50,4227,KMeans-init-NSGA2,v29_hpp_cost_front_boost_fast,REPORT,100.0,13,4277698249286.353,6.601333,100,120.443842,132.591264,136.287585,1360.0,1560.0,1670.0,0.0,40.664193,100.0,47.769231,2.076923,0.153846,2.230769,7.846154,1.307692,0.153846,0.0,4,0.307692,1360.0,135.841316
50,4228,KMeans-init-NSGA2,v29_hpp_cost_front_boost_fast,REPORT,100.0,14,4260050817700.5664,6.959011,100,122.30707,132.120296,136.509966,1460.0,1600.714286,1760.0,0.0,23.473894,97.158627,47.642857,2.071429,0.285714,2.357143,7.785714,1.357143,0.285714,0.0,8,0.571429,1460.0,122.30707
50,4229,KMeans-init-NSGA2,v29_hpp_cost_front_boost_fast,REPORT,100.0,17,4219234749212.052,5.934638,100,132.547144,135.079969,141.947539,1360.0,1455.882353,1540.0,0.0,26.978501,70.0,47.294118,2.470588,0.235294,2.705882,8.0,1.529412,0.235294,0.0,6,0.352941,1370.0,135.478865
50,4230,KMeans-init-NSGA2,v29_hpp_cost_front_boost_fast,REPORT,100.0,3,4261367969146.474,6.374861,100,120.802127,122.779357,124.172175,1530.0,1703.333333,1810.0,0.0,60.0,100.0,46.666667,3.0,0.333333,3.333333,7.0,1.666667,0.333333,0.0,1,0.333333,1530.0,124.172175
50,4201,MOPSO,v29_hpp_cost_front_boost_fast,REPORT,217.03854230673528,26,4129435899823.9487,3.236439,64,144.177061,155.141675,172.496401,1726.139486,1917.570985,2120.0,43.407708,119.926701,200.0,19.961538,17.192308,12.846154,30.038462,8.0,3.0,6.307692,0.0,0,0.0,,
50,4202,MOPSO,v29_hpp_cost_front_boost_fast,REPORT,150.0,7,4123013045767.7256,4.856292,100,149.545546,153.739889,168.187112,1500.0,1742.560748,1896.622991,30.0,39.103273,90.0,18.571429,16.857143,14.571429,31.428571,7.571429,3.0,7.0,0.0,0,0.0,,
50,4203,MOPSO,v29_hpp_cost_front_boost_fast,REPORT,100.0,16,4133404128277.0806,3.186011,65,146.87829,152.157928,165.79296,1549.26339,1631.953613,1940.0,0.0,58.09169,76.867667,19.8125,16.4375,13.75,30.1875,8.0,3.0,6.1875,0.0,3,0.1875,1744.311952,152.513839
50,4204,MOPSO,v29_hpp_cost_front_boost_fast,REPORT,100.0,8,4175387386243.521,5.239761,100,135.979753,153.368232,165.788985,1658.54632,1827.90184,2050.0,20.0,65.769205,79.492709,19.875,18.375,11.75,30.125,8.0,3.0,6.0,0.0,0,0.0,,
50,4205,MOPSO,v29_hpp_cost_front_boost_fast,REPORT,100.0,9,4179349143665.812,2.878203,58,133.896584,149.974399,172.788189,1740.0,1854.027211,1994.954376,0.0,39.34569,87.673084,15.333333,17.666667,17.0,34.666667,7.666667,3.0,7.333333,0.0,4,0.444444,1740.0,151.498897
50,4206,MOPSO,v29_hpp_cost_front_boost_fast,REPORT,100.0,14,4235475011860.862,4.68741,100,131.115534,155.409355,167.926825,1230.919644,1593.80615,2060.0,0.0,24.795528,84.501028,20.142857,15.571429,14.285714,29.857143,8.0,3.0,7.571429,0.0,8,0.571429,1230.919644,152.328036
50,4207,MOPSO,v29_hpp_cost_front_boost_fast,REPORT,100.0,16,4132497848576.831,4.391986,96,147.660483,157.399139,171.399155,1509.845131,1818.299912,2028.022361,0.0,39.09221,89.286322,18.5625,17.3125,14.125,31.4375,8.0,3.0,6.6875,0.0,4,0.25,1509.845131,165.733143
50,4208,MOPSO,v29_hpp_cost_front_boost_fast,REPORT,100.0,15,4186010237086.616,4.111759,89,132.269428,156.880464,172.596398,1750.939184,1925.753701,2300.0,0.0,56.620733,100.0,17.933333,17.733333,14.333333,32.066667,7.8,3.0,6.933333,0.0,2,0.133333,2030.0,154.420544
50,4209,MOPSO,v29_hpp_cost_front_boost_fast,REPORT,100.0,5,4054233120639.549,3.133178,63,160.882958,167.620077,174.287006,1680.0,1898.284983,2091.424914,0.0,56.284983,100.0,21.4,17.2,11.4,28.6,8.0,3.0,6.6,0.0,1,0.2,1760.0,174.287006
50,4210,MOPSO,v29_hpp_cost_front_boost_fast,REPORT,150.0,10,4079563207837.416,2.002323,40,153.055302,163.718421,170.566898,1810.0,1970.003953,2280.0,30.0,64.793633,118.617394,21.5,17.9,10.6,28.5,8.0,3.0,6.8,0.0,0,0.0,,
50,4211,MOPSO,v29_hpp_cost_front_boost_fast,REPORT,200.0,24,4186076474115.7007,4.629599,100,135.424532,156.549644,170.749557,1552.813025,1847.458854,2130.0,40.0,120.741486,189.289056,19.458333,17.083333,13.458333,30.541667,7.791667,3.0,6.75,0.0,0,0.0,,
50,4212,MOPSO,v29_hpp_cost_front_boost_fast,REPORT,100.0,20,4189510174687.2593,4.470569,100,135.394923,150.443871,168.344578,1540.0,1715.138807,1929.314909,0.0,38.009942,90.244889,15.35,18.85,15.8,34.65,8.0,3.0,7.35,0.0,5,0.25,1590.0,151.305371
50,4213,MOPSO,v29_hpp_cost_front_boost_fast,REPORT,100.0,5,4117541481877.5513,3.703669,80,147.281096,154.064767,168.745473,1710.0,1815.068914,2054.072293,0.0,49.445256,91.801322,17.4,18.2,14.4,32.6,7.8,3.0,7.0,0.0,1,0.2,1780.0,153.122521
50,4214,MOPSO,v29_hpp_cost_front_boost_fast,REPORT,100.0,20,4201789812884.237,3.925601,84,135.169252,150.33659,167.819238,1410.0,1658.521553,1950.0,0.0,21.872568,78.023735,19.2,15.25,15.55,30.8,8.0,3.0,7.15,0.0,3,0.15,1780.0,165.563443
50,4215,MOPSO,v29_hpp_cost_front_boost_fast,REPORT,100.0,4,4083663796631.352,3.121274,58,152.053097,158.407102,172.448474,1840.0,1944.449911,2090.0,0.0,22.5,90.0,18.0,18.0,14.0,32.0,8.0,3.0,8.0,0.0,3,0.75,1923.899822,152.053097
50,4216,MOPSO,v29_hpp_cost_front_boost_fast,REPORT,100.0,7,4098243875751.284,3.327668,71,152.864959,163.587776,170.992311,1620.0,1845.988145,2250.0,0.0,24.953376,54.924225,18.714286,14.142857,17.142857,31.285714,8.0,2.857143,7.571429,0.0,3,0.428571,1725.178725,152.864959
50,4217,MOPSO,v29_hpp_cost_front_boost_fast,REPORT,100.0,24,4196985172331.803,4.414668,100,133.535468,154.410252,173.882996,1550.906636,1815.522396,2200.0,0.0,59.067816,98.427814,16.666667,18.333333,15.0,33.333333,7.916667,3.0,7.25,0.0,2,0.083333,1956.146774,133.535468
50,4218,MOPSO,v29_hpp_cost_front_boost_fast,REPORT,100.0,20,4311775370023.269,4.787912,100,111.952381,145.436641,167.575496,1430.0,1705.052301,2070.0,0.0,46.572919,99.555116,20.9,15.55,13.55,29.1,7.75,3.0,6.55,0.0,6,0.3,1430.0,111.952381
50,4219,MOPSO,v29_hpp_cost_front_boost_fast,REPORT,100.0,23,4123235063116.392,4.237828,90,147.727105,156.456477,170.012603,1620.0,1782.454789,2070.0,0.0,30.014682,90.0,19.434783,17.608696,12.956522,30.565217,7.782609,3.0,7.304348,0.0,6,0.26087,1790.0,166.26078
50,4220,MOPSO,v29_hpp_cost_front_boost_fast,REPORT,100.0,9,4199597323414.4,4.889261,100,133.22186,148.807047,157.837926,1544.623438,1804.743768,2040.0,0.0,34.584337,65.715569,19.333333,16.555556,14.111111,30.666667,8.0,3.0,7.0,0.0,2,0.222222,1930.0,133.886185
50,4221,MOPSO,v29_hpp_cost_front_boost_fast,REPORT,100.0,16,4103376136771.298,3.041491,64,152.012878,162.655922,171.294917,1600.0,1758.698257,2090.0,13.170868,55.6773,91.004153,20.4375,15.25,14.3125,29.5625,7.75,3.0,7.5625,0.0,0,0.0,,
50,4222,MOPSO,v29_hpp_cost_front_boost_fast,REPORT,100.0,7,4095702779286.801,2.882407,60,152.747495,164.809744,172.658777,1650.0,1935.788555,2087.086279,0.0,41.930726,97.613393,18.714286,17.428571,13.857143,31.285714,8.0,3.0,7.142857,0.0,3,0.428571,1650.0,170.074843
50,4223,MOPSO,v29_hpp_cost_front_boost_fast,REPORT,100.0,6,4126748351671.4834,4.311882,89,149.942588,156.895954,169.43215,1450.0,1659.856796,1970.0,0.0,10.171052,30.0,16.5,15.333333,18.166667,33.5,7.5,3.0,7.166667,0.0,3,0.5,1600.0,151.779497
50,4224,MOPSO,v29_hpp_cost_front_boost_fast,REPORT,288.5623934893056,7,4081963766885.629,2.066309,42,153.656852,164.335896,173.872691,1740.0,1965.714286,2190.0,57.712479,153.166657,275.107582,20.857143,15.857143,13.285714,29.142857,7.857143,3.0,6.571429,0.0,0,0.0,,
50,4225,MOPSO,v29_hpp_cost_front_boost_fast,REPORT,100.0,5,4191631679454.307,3.451672,73,133.842584,147.79347,152.225895,1600.0,1882.0,1960.0,0.0,15.05268,37.6317,19.0,16.6,14.4,31.0,8.0,3.0,7.8,0.0,3,0.6,1950.0,152.225895
50,4226,MOPSO,v29_hpp_cost_front_boost_fast,REPORT,100.0,5,4076421862009.652,4.136662,87,152.544778,161.474082,170.471268,1890.0,2130.0,2350.0,0.0,31.213494,78.033734,22.4,14.6,13.0,27.6,8.0,3.0,6.6,0.0,3,0.6,1890.0,165.283135
50,4227,MOPSO,v29_hpp_cost_front_boost_fast,REPORT,100.0,4,4094168430782.464,4.397516,100,153.332461,164.343702,170.777601,1638.340448,1852.085112,1940.0,0.0,57.322042,90.282267,16.5,18.75,14.75,33.5,8.0,3.0,7.5,0.0,1,0.25,1940.0,170.777601
50,4228,MOPSO,v29_hpp_cost_front_boost_fast,REPORT,100.0,16,4281902785938.959,4.445765,100,115.525868,130.390622,153.043562,1580.0,1745.435103,2010.0,0.0,8.103514,55.299641,17.3125,18.5,14.1875,32.6875,7.875,3.0,7.3125,0.0,13,0.8125,1580.0,115.525868
50,4229,MOPSO,v29_hpp_cost_front_boost_fast,REPORT,100.0,22,4181402154133.8975,4.154631,93,135.302939,155.317084,168.836812,1640.0,1736.009805,1820.0,0.0,33.47048,100.0,19.727273,16.863636,13.409091,30.272727,7.909091,3.0,6.909091,0.0,7,0.318182,1640.0,135.302939
50,4230,MOPSO,v29_hpp_cost_front_boost_fast,REPORT,100.0,24,4129283016126.293,4.557796,100,147.041737,156.381791,163.638603,1588.606265,1836.907278,2060.0,0.0,23.881852,70.0,20.0,18.333333,11.666667,30.0,8.0,3.0,5.958333,0.0,10,0.416667,1780.0,150.690049
50,4201,Trad-NSGA2,v29_hpp_cost_front_boost_fast,REPORT,100.0,32,4415447033723.643,5.710662,100,95.445669,114.798553,167.189618,1170.0,1533.494224,1770.0,0.0,32.494167,100.0,17.75,17.59375,14.65625,32.25,6.59375,3.0,6.375,0.0,11,0.34375,1334.027401,96.604093
50,4202,Trad-NSGA2,v29_hpp_cost_front_boost_fast,REPORT,100.0,20,4419191040222.716,5.867459,100,93.660265,122.770997,165.005164,1220.769957,1528.050344,1936.506217,0.0,29.259382,90.0,20.05,17.05,12.9,29.95,7.45,3.0,6.45,0.0,8,0.4,1220.769957,111.338862
50,4203,Trad-NSGA2,v29_hpp_cost_front_boost_fast,REPORT,100.0,10,4507788193732.582,5.905651,100,76.356492,96.934024,112.078639,1176.366476,1579.853706,1915.804106,0.0,16.436845,90.0,16.7,18.7,14.6,33.3,6.4,3.0,6.1,0.0,6,0.6,1176.366476,93.802675
50,4204,Trad-NSGA2,v29_hpp_cost_front_boost_fast,REPORT,100.0,14,4308358988061.867,5.902737,100,113.220237,139.270971,162.980167,1402.287064,1642.859466,2063.105524,0.0,26.816867,90.983523,14.142857,20.428571,15.428571,35.857143,7.285714,3.0,5.928571,0.0,7,0.5,1402.287064,128.573906
50,4205,Trad-NSGA2,v29_hpp_cost_front_boost_fast,REPORT,100.0,17,4411545243699.07,5.96191,100,93.487597,131.523532,159.606994,1310.0,1609.321391,2090.194391,0.0,51.371134,99.708191,18.176471,17.705882,14.117647,31.823529,6.941176,3.0,5.823529,0.0,4,0.235294,1364.94619,133.184941
50,4206,Trad-NSGA2,v29_hpp_cost_front_boost_fast,REPORT,100.0,23,4239883149832.544,5.803599,100,130.390642,147.506563,169.232283,1230.0,1816.364663,2220.0,0.0,55.137829,98.844401,15.913043,18.478261,15.608696,34.086957,7.347826,3.0,6.521739,0.0,5,0.217391,1412.507723,145.774427
50,4207,Trad-NSGA2,v29_hpp_cost_front_boost_fast,REPORT,100.0,23,4414084125200.787,5.956229,100,94.144222,127.628537,167.440835,1260.0,1450.170369,1993.566464,0.0,28.124086,80.0,19.869565,14.913043,15.217391,30.130435,7.173913,2.956522,6.0,0.0,7,0.304348,1260.0,96.881494
50,4208,Trad-NSGA2,v29_hpp_cost_front_boost_fast,REPORT,100.0,9,4333836183318.7017,5.814234,100,110.700682,138.892711,168.727606,1258.494374,1484.550454,1860.0,0.0,17.303363,85.312336,17.444444,17.333333,15.222222,32.555556,7.222222,3.0,6.222222,0.0,4,0.444444,1400.0,125.904287
50,4209,Trad-NSGA2,v29_hpp_cost_front_boost_fast,REPORT,100.0,18,4338987656003.719,6.059871,100,110.13689,135.809589,165.686419,1230.0,1521.149714,2020.0,0.0,14.634714,71.424852,17.944444,16.388889,15.666667,32.055556,6.944444,3.0,6.388889,0.0,7,0.388889,1270.0,113.0572
50,4210,Trad-NSGA2,v29_hpp_cost_front_boost_fast,REPORT,100.0,29,4420558693923.576,5.800396,100,95.339136,128.356029,163.56786,1110.0,1512.27761,2030.0,0.0,36.53927,94.309001,17.862069,16.0,16.137931,32.137931,6.896552,3.0,6.37931,0.0,9,0.310345,1220.0,114.590097
50,4211,Trad-NSGA2,v29_hpp_cost_front_boost_fast,REPORT,100.0,11,4321869803801.866,6.106097,100,111.215849,135.083327,168.470834,1359.69992,1532.577742,1860.0,0.0,21.372287,80.0,18.636364,16.454545,14.909091,31.363636,6.636364,3.0,6.181818,0.0,4,0.363636,1410.0,134.426513
50,4212,Trad-NSGA2,v29_hpp_cost_front_boost_fast,REPORT,100.0,14,4388102104937.336,5.720052,100,96.97761,129.823163,165.526309,1400.0,1495.63928,1613.173776,0.0,12.834185,68.586957,17.5,16.0,16.5,32.5,6.857143,3.0,6.071429,0.0,6,0.428571,1400.0,114.91387
50,4213,Trad-NSGA2,v29_hpp_cost_front_boost_fast,REPORT,100.0,19,4320943161284.299,5.901881,100,111.73945,140.339577,168.273625,1340.791045,1627.316191,2007.854534,0.0,17.509525,60.726724,18.684211,17.210526,14.105263,31.315789,7.578947,3.0,6.473684,0.0,8,0.421053,1474.426678,115.620364
50,4214,Trad-NSGA2,v29_hpp_cost_front_boost_fast,REPORT,100.0,15,4341890248787.4414,5.79574,100,110.136602,132.49141,163.845777,1197.798747,1416.263351,1700.0,0.0,40.779138,100.0,15.6,16.066667,18.333333,34.4,7.133333,3.0,6.133333,0.0,6,0.4,1320.0,110.516482
50,4215,Trad-NSGA2,v29_hpp_cost_front_boost_fast,REPORT,100.0,12,4332240476080.8047,5.859627,100,111.586504,130.720594,150.135902,1230.0,1402.014113,1770.753022,0.0,39.827619,90.0,15.75,14.666667,19.583333,34.25,7.75,3.0,7.333333,0.0,4,0.333333,1310.0,113.467143
50,4216,Trad-NSGA2,v29_hpp_cost_front_boost_fast,REPORT,100.0,10,4412430050529.51,5.689378,100,95.114092,122.580463,146.176873,1218.987424,1530.149768,1835.050834,0.0,18.427148,73.408891,17.8,17.0,15.2,32.2,6.8,3.0,6.2,0.0,4,0.4,1273.281129,111.949261
50,4217,Trad-NSGA2,v29_hpp_cost_front_boost_fast,REPORT,100.0,11,4317809500465.076,6.408845,100,113.289833,143.822718,165.53595,1293.187018,1477.123037,1852.199458,0.0,30.880614,67.762818,19.636364,16.545455,13.818182,30.363636,7.545455,3.0,6.363636,0.0,4,0.363636,1293.187018,133.019755
50,4218,Trad-NSGA2,v29_hpp_cost_front_boost_fast,REPORT,100.0,13,4343810551029.425,5.795823,100,110.965313,133.500432,166.796749,1120.0,1483.952887,1748.821724,0.0,18.541143,63.072164,17.153846,17.615385,15.230769,32.846154,6.923077,3.0,6.692308,0.0,8,0.615385,1120.0,113.616122
50,4219,Trad-NSGA2,v29_hpp_cost_front_boost_fast,REPORT,100.0,13,4327202571289.619,5.901577,100,112.324118,135.10568,163.809012,1240.0,1551.524423,2260.0,0.0,18.857807,53.356451,18.153846,16.384615,15.461538,31.846154,7.384615,3.0,6.461538,0.0,7,0.538462,1240.0,115.34512
50,4220,Trad-NSGA2,v29_hpp_cost_front_boost_fast,REPORT,100.0,13,4337445210289.544,5.860841,100,109.945177,139.28459,167.863692,1250.0,1513.298768,1870.0,0.0,63.142145,92.015621,21.307692,14.307692,14.384615,28.692308,7.230769,3.0,5.846154,0.0,3,0.230769,1410.0,127.948833
50,4221,Trad-NSGA2,v29_hpp_cost_front_boost_fast,REPORT,100.0,16,4324817025269.623,5.919853,100,111.698576,141.925798,169.01975,1300.0,1517.59977,1888.495901,0.0,34.692568,95.355017,17.0625,15.875,17.0625,32.9375,7.3125,3.0,6.5625,0.0,7,0.4375,1300.0,115.744258
50,4222,Trad-NSGA2,v29_hpp_cost_front_boost_fast,REPORT,100.0,8,4417979572767.376,5.783448,100,94.491298,109.691443,130.239028,1202.884986,1381.78742,1552.442566,0.0,45.701736,97.6317,17.625,15.25,17.125,32.375,7.0,3.0,6.375,0.0,3,0.375,1202.884986,112.176712
50,4223,Trad-NSGA2,v29_hpp_cost_front_boost_fast,REPORT,100.0,20,4391250812759.909,5.646348,100,97.174761,127.698317,163.152934,1341.671223,1717.004654,2250.0,0.0,31.663212,98.269834,18.4,17.65,13.95,31.6,6.95,3.0,6.25,0.0,7,0.35,1410.967875,114.392002
50,4224,Trad-NSGA2,v29_hpp_cost_front_boost_fast,REPORT,100.0,24,4395939329889.356,5.545495,100,93.320065,117.236199,159.05501,1510.0,1697.984149,2160.0,0.0,25.629765,100.0,15.75,20.375,13.875,34.25,5.791667,3.0,4.583333,0.0,9,0.375,1510.0,93.530074
50,4225,Trad-NSGA2,v29_hpp_cost_front_boost_fast,REPORT,100.0,11,4296867722667.0,5.765585,100,113.593545,126.275668,143.894938,1520.0,1696.380451,1980.0,0.0,20.042635,73.10948,16.727273,17.818182,15.454545,33.272727,7.636364,3.0,6.454545,0.0,7,0.636364,1520.0,115.5649
50,4226,Trad-NSGA2,v29_hpp_cost_front_boost_fast,REPORT,100.0,16,4317536471176.987,5.740463,100,112.73698,131.468476,164.903117,1330.0,1557.177826,2050.0,0.0,13.040804,60.0,18.8125,16.625,14.5625,31.1875,7.0625,3.0,6.0,0.0,7,0.4375,1353.737933,112.73698
50,4227,Trad-NSGA2,v29_hpp_cost_front_boost_fast,REPORT,100.0,19,4418906382563.237,5.625678,100,92.833989,110.073465,132.044855,1280.0,1576.485062,1935.943396,0.0,30.50636,80.956565,17.421053,18.631579,13.947368,32.578947,6.894737,3.0,6.315789,0.0,6,0.315789,1280.0,94.948718
50,4228,Trad-NSGA2,v29_hpp_cost_front_boost_fast,REPORT,100.0,14,4337949880174.6943,5.865506,100,109.725071,113.780851,128.894121,1270.0,1606.033357,1905.397519,0.0,28.927185,97.054412,16.571429,17.571429,15.857143,33.428571,6.857143,3.0,6.571429,0.0,7,0.5,1270.0,110.148857
50,4229,Trad-NSGA2,v29_hpp_cost_front_boost_fast,REPORT,100.0,21,4403675711620.345,5.611508,100,96.559401,125.896502,148.82167,1240.0,1510.603977,1984.815045,0.0,41.685719,91.332438,17.238095,18.52381,14.238095,32.761905,7.190476,3.0,6.285714,0.0,4,0.190476,1290.0,130.813357
50,4230,Trad-NSGA2,v29_hpp_cost_front_boost_fast,REPORT,100.0,24,4415160091972.386,6.003787,100,95.551289,127.19415,163.901844,1170.0,1459.927089,2150.0,0.0,31.007116,92.412612,16.166667,16.791667,17.041667,33.833333,6.916667,3.0,6.208333,0.0,6,0.25,1374.708383,98.919159
100,4201,HPP-init-NSGA2,v29_hpp_cost_front_boost_fast,REPORT,100.0,17,4101261524602.01,19.059046,100,155.66302,173.16584,223.81092,1420.0,1621.764706,2020.0,0.0,10.0,60.0,92.647059,2.705882,4.647059,7.352941,10.0,0.764706,2.058824,0.0,11,0.647059,1420.0,155.887867
100,4202,HPP-init-NSGA2,v29_hpp_cost_front_boost_fast,REPORT,100.0,15,4164588975584.601,22.076101,100,143.430144,173.287129,219.914042,1370.0,1548.0,1780.0,0.0,9.673331,60.0,89.733333,2.6,7.666667,10.266667,10.266667,1.0,3.933333,0.0,11,0.733333,1370.0,143.430144
100,4203,HPP-init-NSGA2,v29_hpp_cost_front_boost_fast,REPORT,100.0,38,4163297212182.3545,18.042989,100,144.368575,168.653079,207.487191,1330.0,1560.526316,1820.0,0.0,18.537992,61.478151,86.868421,6.763158,6.368421,13.131579,9.5,2.026316,3.578947,0.0,17,0.447368,1330.0,144.613715
100,4204,HPP-init-NSGA2,v29_hpp_cost_front_boost_fast,REPORT,100.0,20,4167558687107.019,21.364201,100,142.390705,167.810856,200.319332,1380.0,1774.0,2100.0,0.0,31.0,100.0,94.95,1.9,3.15,5.05,9.8,0.9,2.0,0.0,6,0.3,1380.0,160.225019
100,4205,HPP-init-NSGA2,v29_hpp_cost_front_boost_fast,REPORT,100.0,14,4158930160983.774,19.683986,100,144.360242,174.395996,235.688102,1380.0,1575.0,1940.0,0.0,15.573102,82.972085,90.214286,4.357143,5.428571,9.785714,10.0,1.5,2.214286,0.0,10,0.714286,1380.0,144.544792
100,4206,HPP-init-NSGA2,v29_hpp_cost_front_boost_fast,REPORT,100.0,23,4224388577582.417,20.158532,100,132.019431,188.54096,233.864033,1310.0,1480.434783,2140.0,0.0,28.00815,96.046864,85.391304,5.565217,9.043478,14.608696,10.826087,2.130435,4.608696,0.0,11,0.478261,1310.0,134.133034
100,4207,HPP-init-NSGA2,v29_hpp_cost_front_boost_fast,REPORT,100.0,18,4142908410054.074,19.974676,100,147.63732,174.381318,217.571534,1380.0,1675.555556,2060.0,0.0,24.444444,90.0,90.5,5.0,4.5,9.5,9.777778,1.777778,2.611111,0.0,9,0.5,1380.0,155.914554
100,4208,HPP-init-NSGA2,v29_hpp_cost_front_boost_fast,REPORT,100.0,19,4156670122543.674,20.413009,100,144.746032,178.235629,223.522853,1380.0,1638.947368,2020.0,0.0,24.736842,90.0,90.631579,5.894737,3.473684,9.368421,10.052632,2.0,2.263158,0.0,11,0.578947,1380.0,155.26864
100,4209,HPP-init-NSGA2,v29_hpp_cost_front_boost_fast,REPORT,100.0,13,4159262457146.824,18.822081,100,144.319923,159.807924,196.197275,1380.0,1652.307692,1970.0,0.0,13.076923,70.0,88.230769,4.692308,7.076923,11.769231,8.923077,1.230769,3.384615,0.0,8,0.615385,1380.0,146.499431
100,4210,HPP-init-NSGA2,v29_hpp_cost_front_boost_fast,REPORT,100.0,26,4159722355029.658,20.491619,100,144.030226,170.648287,207.531462,1380.0,1725.384615,1900.0,0.0,21.730769,100.0,90.230769,4.884615,4.884615,9.769231,9.769231,1.192308,2.923077,0.0,16,0.615385,1380.0,147.071322
100,4211,HPP-init-NSGA2,v29_hpp_cost_front_boost_fast,REPORT,100.0,22,4160072094539.49,19.463394,100,143.573119,159.328289,214.472946,1410.0,1712.727273,2080.0,0.0,39.090909,100.0,89.636364,5.590909,4.772727,10.363636,9.318182,1.136364,2.590909,0.0,10,0.454545,1410.0,144.324355
100,4212,HPP-init-NSGA2,v29_hpp_cost_front_boost_fast,REPORT,100.0,25,4101887300661.321,20.74879,100,155.829874,183.175046,205.435166,1390.0,1662.8,2020.0,0.0,28.815994,100.0,92.84,3.84,3.32,7.16,10.88,1.16,1.88,0.0,12,0.48,1390.0,169.747747
100,4213,HPP-init-NSGA2,v29_hpp_cost_front_boost_fast,REPORT,100.0,18,4163838893415.388,18.50683,100,143.738607,167.949419,227.824817,1360.0,1571.666667,2030.0,0.0,18.888889,70.0,86.944444,5.166667,7.888889,13.055556,9.222222,1.333333,3.833333,0.0,11,0.611111,1360.0,146.167873
100,4214,HPP-init-NSGA2,v29_hpp_cost_front_boost_fast,REPORT,100.0,22,4220040849310.3823,19.808679,100,132.259517,160.516381,226.24379,1340.0,1793.636364,2210.0,0.0,12.727273,60.0,89.454545,3.227273,7.318182,10.545455,8.863636,1.227273,3.454545,0.0,12,0.545455,1340.0,134.047105
100,4215,HPP-init-NSGA2,v29_hpp_cost_front_boost_fast,REPORT,100.0,18,4157951506768.8345,17.131834,100,144.634546,158.725514,182.77292,1380.0,1663.888889,2020.0,0.0,27.777778,90.0,89.444444,2.666667,7.888889,10.555556,9.166667,0.833333,3.333333,0.0,7,0.388889,1380.0,156.260274
100,4216,HPP-init-NSGA2,v29_hpp_cost_front_boost_fast,REPORT,100.0,32,4232625940966.957,17.451175,100,129.043507,163.087083,239.078447,1380.0,1682.5,2100.0,0.0,16.505138,80.0,88.0625,5.25,6.6875,11.9375,9.1875,2.0,3.0625,0.0,20,0.625,1380.0,129.352552
100,4217,HPP-init-NSGA2,v29_hpp_cost_front_boost_fast,REPORT,100.0,27,4097404918230.231,18.453117,100,157.164603,180.405096,214.665604,1370.0,1617.407407,2020.0,0.0,18.707728,100.0,92.62963,4.0,3.37037,7.37037,10.37037,1.37037,1.777778,0.0,13,0.481481,1370.0,157.164603
100,4218,HPP-init-NSGA2,v29_hpp_cost_front_boost_fast,REPORT,100.0,15,4147939276954.2847,20.162835,100,146.793185,178.860179,226.350072,1360.0,1666.666667,2020.0,0.0,8.666667,80.0,88.866667,3.733333,7.4,11.133333,10.4,1.333333,4.333333,0.0,13,0.866667,1360.0,146.793185
100,4219,HPP-init-NSGA2,v29_hpp_cost_front_boost_fast,REPORT,100.0,31,4148704542160.82,19.345835,100,146.262814,187.626597,227.081216,1380.0,1627.741935,1900.0,0.0,36.600592,90.0,90.709677,4.774194,4.516129,9.290323,10.709677,2.032258,2.967742,0.0,10,0.322581,1400.0,146.262814
100,4220,HPP-init-NSGA2,v29_hpp_cost_front_boost_fast,REPORT,100.0,23,4144638973958.097,18.762852,100,147.616835,179.221586,249.150311,1360.0,1581.304348,1820.0,0.0,15.217391,100.0,87.086957,5.347826,7.565217,12.913043,10.478261,1.652174,4.130435,0.0,16,0.695652,1360.0,147.616835
100,4221,HPP-init-NSGA2,v29_hpp_cost_front_boost_fast,REPORT,100.0,16,4147098636987.0737,18.111461,100,147.630986,167.761216,209.123677,1330.0,1635.0,1990.0,0.0,5.853412,53.654586,86.0625,6.8125,7.125,13.9375,9.4375,2.375,3.5625,0.0,13,0.8125,1330.0,147.630986
100,4222,HPP-init-NSGA2,v29_hpp_cost_front_boost_fast,REPORT,100.0,40,4154484017371.037,19.254384,100,145.317916,181.660002,256.421232,1370.0,1639.75,2210.0,0.0,15.54674,70.0,89.275,4.775,5.95,10.725,10.125,1.575,3.1,0.0,14,0.35,1370.0,151.791122
100,4223,HPP-init-NSGA2,v29_hpp_cost_front_boost_fast,REPORT,100.0,21,4217283906323.375,19.60099,100,132.292166,160.348599,222.999464,1370.0,1720.47619,2050.0,0.0,14.761905,80.0,85.52381,10.238095,4.238095,14.47619,8.952381,3.571429,2.47619,0.0,14,0.666667,1370.0,132.692613
100,4224,HPP-init-NSGA2,v29_hpp_cost_front_boost_fast,REPORT,100.0,16,4160725079553.168,18.744956,100,144.090225,176.54564,221.170079,1370.0,1652.5,2080.0,0.0,5.625,40.0,88.25,5.9375,5.8125,11.75,10.75,1.875,3.5625,0.0,13,0.8125,1370.0,144.090225
100,4225,HPP-init-NSGA2,v29_hpp_cost_front_boost_fast,REPORT,100.0,16,4150032868911.609,19.628913,100,145.926684,186.570646,230.160617,1390.0,1585.625,1910.0,0.0,15.14085,74.299509,90.8125,4.5625,4.625,9.1875,10.5,2.0,2.6875,0.0,11,0.6875,1390.0,145.926684
100,4226,HPP-init-NSGA2,v29_hpp_cost_front_boost_fast,REPORT,100.0,25,4164375605658.631,18.982006,100,143.375636,180.312417,243.469782,1370.0,1587.6,1880.0,0.0,31.543961,100.0,90.04,5.8,4.16,9.96,10.12,2.2,2.32,0.0,12,0.48,1370.0,143.375636
100,4227,HPP-init-NSGA2,v29_hpp_cost_front_boost_fast,REPORT,100.0,13,4155327697208.757,16.290212,100,145.939763,174.074561,226.97437,1330.0,1580.0,2070.0,0.0,5.384615,70.0,86.384615,5.307692,8.307692,13.615385,9.846154,1.230769,3.538462,0.0,12,0.923077,1330.0,147.419353
100,4228,HPP-init-NSGA2,v29_hpp_cost_front_boost_fast,REPORT,100.0,16,4171811493972.7207,16.913669,100,142.491429,167.816771,206.88644,1330.0,1661.25,2020.0,0.0,26.875,100.0,90.6875,3.1875,6.125,9.3125,9.5,1.125,2.6875,0.0,10,0.625,1330.0,142.491429
100,4229,HPP-init-NSGA2,v29_hpp_cost_front_boost_fast,REPORT,100.0,23,4217360059779.91,17.549376,100,132.142321,168.080995,220.394475,1380.0,1632.984374,1970.0,0.0,19.414219,90.0,88.217391,6.26087,5.521739,11.782609,9.782609,1.826087,3.869565,0.0,10,0.434783,1380.0,142.457234
100,4230,HPP-init-NSGA2,v29_hpp_cost_front_boost_fast,REPORT,100.0,18,4168383111987.32,18.553479,100,143.287761,178.652831,257.041649,1320.0,1572.777778,2020.0,0.0,21.111111,100.0,91.555556,3.5,4.944444,8.444444,10.111111,1.277778,2.777778,0.0,11,0.611111,1320.0,144.509435
100,4201,KMeans-init-NSGA2,v29_hpp_cost_front_boost_fast,REPORT,100.0,16,3963054595546.409,11.983027,100,185.004526,211.7485,233.509441,1360.0,1520.0,2020.0,0.0,36.538646,80.0,96.4375,3.25,0.3125,3.5625,12.6875,1.9375,0.3125,0.0,6,0.375,1360.0,200.861583
100,4202,KMeans-init-NSGA2,v29_hpp_cost_front_boost_fast,REPORT,100.0,14,4037527122761.169,9.055981,100,169.307517,196.048746,204.669382,1380.0,1542.142857,1910.0,0.0,39.807798,100.0,97.071429,2.0,0.928571,2.928571,11.714286,1.571429,0.928571,0.0,7,0.5,1380.0,186.395195
100,4203,KMeans-init-NSGA2,v29_hpp_cost_front_boost_fast,REPORT,100.0,9,3905601103624.585,10.130461,100,196.329385,207.362499,214.834657,1400.0,1483.333333,1610.0,0.0,11.057026,50.0,98.0,0.0,2.0,2.0,12.666667,0.0,1.111111,0.0,7,0.777778,1400.0,196.329385
100,4204,KMeans-init-NSGA2,v29_hpp_cost_front_boost_fast,REPORT,100.0,5,4017577417016.198,10.736378,100,171.997935,181.866069,191.397588,1470.0,1700.0,1950.0,0.0,34.0,90.0,96.4,2.8,0.8,3.6,11.0,2.2,0.8,0.0,3,0.6,1470.0,184.538773
100,4205,KMeans-init-NSGA2,v29_hpp_cost_front_boost_fast,REPORT,100.0,23,4031812626289.684,10.65063,100,170.675759,218.846696,236.118868,1360.0,1516.521739,1910.0,0.0,30.518588,100.0,97.173913,1.73913,1.086957,2.826087,13.26087,1.173913,1.086957,0.0,7,0.304348,1360.0,184.86754
100,4206,KMeans-init-NSGA2,v29_hpp_cost_front_boost_fast,REPORT,100.0,10,4021241316180.79,13.704467,100,171.538773,205.878499,229.703157,1440.0,1671.0,1890.0,0.0,14.0,80.0,98.0,1.2,0.8,2.0,12.4,1.2,0.8,0.0,8,0.8,1440.0,185.894937
100,4207,KMeans-init-NSGA2,v29_hpp_cost_front_boost_fast,REPORT,100.0,14,3898775333719.727,10.11859,100,196.853842,213.370748,245.938504,1450.0,1641.428571,2020.0,0.0,29.354554,80.0,97.428571,2.357143,0.214286,2.571429,12.928571,1.5,0.214286,0.0,7,0.5,1460.0,199.963431
100,4208,KMeans-init-NSGA2,v29_hpp_cost_front_boost_fast,REPORT,100.0,23,4098050540451.493,9.931695,100,157.059321,190.11142,251.692288,1360.0,1689.130435,2090.0,0.0,25.259294,93.654586,97.304348,2.434783,0.26087,2.695652,11.304348,1.869565,0.26087,0.0,10,0.434783,1360.0,171.004526
100,4209,KMeans-init-NSGA2,v29_hpp_cost_front_boost_fast,REPORT,100.0,18,4031005726444.4487,12.035158,100,169.936033,206.421184,231.018225,1420.0,1618.333333,1840.0,0.0,21.164653,70.0,97.777778,2.0,0.222222,2.222222,12.388889,1.611111,0.222222,0.0,8,0.444444,1420.0,171.395195
100,4210,KMeans-init-NSGA2,v29_hpp_cost_front_boost_fast,REPORT,100.0,22,3976708124177.092,9.689406,100,181.925507,192.790639,211.931507,1380.0,1679.545455,2020.0,0.0,27.360342,80.0,97.090909,2.363636,0.545455,2.909091,11.5,1.454545,0.5,0.0,9,0.409091,1380.0,185.155211
100,4211,KMeans-init-NSGA2,v29_hpp_cost_front_boost_fast,REPORT,100.0,11,3959769647703.699,12.206255,100,184.990828,208.558505,236.952904,1400.0,1617.272727,2090.0,0.0,20.0,80.0,97.0,2.363636,0.636364,3.0,12.545455,1.636364,0.636364,0.0,8,0.727273,1400.0,184.990828
100,4212,KMeans-init-NSGA2,v29_hpp_cost_front_boost_fast,REPORT,100.0,12,3956634672455.18,9.596444,100,185.07302,219.44059,244.675759,1440.0,1547.5,1740.0,0.0,11.442431,53.654586,96.583333,3.166667,0.25,3.416667,13.166667,2.083333,0.25,0.0,7,0.583333,1440.0,185.07302
100,4213,KMeans-init-NSGA2,v29_hpp_cost_front_boost_fast,REPORT,100.0,15,3900761604672.262,12.87967,100,197.211627,217.73058,233.340401,1400.0,1610.0,2020.0,0.0,50.243639,100.0,97.2,2.2,0.6,2.8,13.2,1.266667,0.6,0.0,5,0.333333,1400.0,200.333294
100,4214,KMeans-init-NSGA2,v29_hpp_cost_front_boost_fast,REPORT,100.0,30,4095771395050.761,10.713616,100,156.539733,198.005884,230.360691,1410.0,1721.333333,2100.0,0.0,31.666667,100.0,97.1,1.566667,1.333333,2.9,11.7,1.566667,1.333333,0.0,13,0.433333,1410.0,174.346992
100,4215,KMeans-init-NSGA2,v29_hpp_cost_front_boost_fast,REPORT,100.0,9,4025982305210.1895,11.510692,100,171.456581,198.038137,229.492191,1390.0,1658.888889,1870.0,0.0,11.111111,60.0,97.888889,1.444444,0.666667,2.111111,11.777778,1.444444,0.666667,0.0,6,0.666667,1390.0,186.259314
100,4216,KMeans-init-NSGA2,v29_hpp_cost_front_boost_fast,REPORT,100.0,6,3950459170908.768,10.241124,100,185.853842,205.54447,216.826444,1460.0,1755.0,2000.0,0.0,30.716585,100.0,97.666667,2.333333,0.0,2.333333,12.333333,2.0,0.0,0.0,3,0.5,1460.0,214.730554
100,4217,KMeans-init-NSGA2,v29_hpp_cost_front_boost_fast,REPORT,100.0,15,4036938996787.44,11.672822,100,169.607266,206.128695,233.623311,1370.0,1549.333333,1880.0,0.0,20.0,100.0,97.666667,2.066667,0.266667,2.333333,12.4,1.8,0.266667,0.0,10,0.666667,1370.0,169.607266
100,4218,KMeans-init-NSGA2,v29_hpp_cost_front_boost_fast,REPORT,100.0,24,4024266012590.9575,10.207479,100,171.585538,203.516343,230.54588,1400.0,1675.416667,2250.0,0.0,29.663646,93.654586,97.791667,1.5,0.708333,2.208333,12.25,1.083333,0.708333,0.0,12,0.5,1400.0,199.634663
100,4219,KMeans-init-NSGA2,v29_hpp_cost_front_boost_fast,REPORT,100.0,23,4040874180269.623,10.941989,100,168.552472,196.970242,232.757016,1380.0,1682.173913,2020.0,0.0,48.428479,93.654586,97.782609,1.73913,0.478261,2.217391,11.782609,1.043478,0.478261,0.0,6,0.26087,1380.0,185.319595
100,4220,KMeans-init-NSGA2,v29_hpp_cost_front_boost_fast,REPORT,100.0,11,4023678943089.139,9.042954,100,171.824728,191.581381,220.421327,1400.0,1630.0,2020.0,0.0,44.545455,100.0,96.909091,2.636364,0.454545,3.090909,11.272727,2.181818,0.454545,0.0,5,0.454545,1400.0,175.016509
100,4221,KMeans-init-NSGA2,v29_hpp_cost_front_boost_fast,REPORT,100.0,18,4113635603319.643,9.189062,100,153.527545,186.546393,228.013699,1380.0,1641.111111,2020.0,0.0,17.990243,72.860625,96.277778,2.166667,1.555556,3.722222,11.055556,0.888889,1.111111,0.0,11,0.611111,1380.0,155.733024
100,4222,KMeans-init-NSGA2,v29_hpp_cost_front_boost_fast,REPORT,100.0,8,3963708811455.0327,11.93679,100,184.895897,208.758706,233.682441,1360.0,1537.5,1980.0,0.0,40.0,90.0,97.875,1.125,1.0,2.125,12.625,0.75,1.0,0.0,4,0.5,1360.0,199.621924
100,4223,KMeans-init-NSGA2,v29_hpp_cost_front_boost_fast,REPORT,100.0,4,3933720549351.476,11.982613,100,189.808523,212.64936,231.799047,1440.0,1535.0,1660.0,0.0,25.0,100.0,97.5,2.0,0.5,2.5,13.0,1.5,0.5,0.0,3,0.75,1440.0,189.808523
100,4224,KMeans-init-NSGA2,v29_hpp_cost_front_boost_fast,REPORT,100.0,7,3957402607884.363,9.353266,100,184.908636,203.267931,218.182609,1440.0,1571.428571,1900.0,0.0,20.0,100.0,97.714286,1.857143,0.428571,2.285714,12.571429,1.857143,0.428571,0.0,5,0.714286,1440.0,184.908636
100,4225,KMeans-init-NSGA2,v29_hpp_cost_front_boost_fast,REPORT,100.0,15,4030568646064.3936,10.656832,100,170.018225,200.924166,218.518483,1430.0,1536.666667,1880.0,0.0,27.218195,100.0,96.533333,3.133333,0.333333,3.466667,12.066667,1.4,0.333333,0.0,7,0.466667,1430.0,171.908636
100,4226,KMeans-init-NSGA2,v29_hpp_cost_front_boost_fast,REPORT,100.0,7,3949535700991.3457,11.223406,100,186.360691,209.885153,230.812746,1440.0,1640.0,2110.0,0.0,7.664941,53.654586,97.857143,1.428571,0.714286,2.142857,12.571429,1.285714,0.714286,0.0,6,0.857143,1440.0,200.004526
100,4227,KMeans-init-NSGA2,v29_hpp_cost_front_boost_fast,REPORT,100.0,19,4036786211304.946,8.558004,100,169.607266,178.99757,215.591278,1380.0,1591.052632,1710.0,0.0,24.210526,80.0,96.789474,1.684211,1.526316,3.210526,10.526316,1.368421,1.0,0.0,11,0.578947,1380.0,169.607266
100,4228,KMeans-init-NSGA2,v29_hpp_cost_front_boost_fast,REPORT,100.0,11,3962005174565.3394,9.432868,100,184.976195,211.640206,248.146906,1370.0,1642.727273,2260.0,0.0,1.818182,20.0,96.363636,3.181818,0.454545,3.636364,12.727273,1.909091,0.363636,0.0,10,0.909091,1370.0,185.22277
100,4229,KMeans-init-NSGA2,v29_hpp_cost_front_boost_fast,REPORT,100.0,12,3958483446699.635,9.668514,100,185.56617,209.633305,233.160037,1380.0,1613.333333,1880.0,0.0,16.666667,60.0,96.0,3.833333,0.166667,4.0,12.583333,2.0,0.166667,0.0,7,0.583333,1380.0,200.251102
100,4230,KMeans-init-NSGA2,v29_hpp_cost_front_boost_fast,REPORT,100.0,12,3959994769421.783,9.567427,100,185.159657,214.117651,229.518483,1390.0,1537.5,1690.0,0.0,42.804549,100.0,97.666667,1.75,0.583333,2.333333,13.0,1.083333,0.583333,0.0,6,0.5,1390.0,185.159657
100,4201,MOPSO,v29_hpp_cost_front_boost_fast,REPORT,100.0,9,3550227137442.675,6.981793,100,262.388575,291.943255,315.556442,1860.0,2021.275769,2210.0,0.0,12.9266,54.146802,35.555556,31.777778,32.666667,64.444444,14.777778,5.0,13.666667,0.0,5,0.555556,1990.0,266.826453
100,4202,MOPSO,v29_hpp_cost_front_boost_fast,REPORT,100.0,25,3499187541838.838,7.211957,99,277.007017,302.756536,322.359552,1600.0,1970.090445,2290.0,0.0,28.123646,80.0,38.76,29.36,31.88,61.24,14.92,5.0,13.84,0.0,10,0.4,1890.0,291.008491
100,4203,MOPSO,v29_hpp_cost_front_boost_fast,REPORT,100.0,11,3450324850641.7246,7.238131,100,282.375872,287.2823,301.377642,1920.0,1977.19579,2270.0,0.0,32.66116,54.299509,37.909091,30.090909,32.0,62.090909,14.272727,5.0,12.909091,0.0,3,0.272727,1950.0,287.552713
100,4204,MOPSO,v29_hpp_cost_front_boost_fast,REPORT,100.0,12,3483591912615.455,6.861649,100,280.221257,299.045568,318.008114,1595.643763,1800.744394,2154.266065,0.0,14.198796,94.999922,37.416667,31.75,30.833333,62.583333,15.0,5.0,13.25,0.0,8,0.666667,1595.643763,282.529702
100,4205,MOPSO,v29_hpp_cost_front_boost_fast,REPORT,100.0,9,3449732145252.7046,7.298179,100,282.418259,292.352309,314.22721,1924.762143,2012.240834,2150.0,0.0,10.325332,66.466263,38.111111,30.222222,31.666667,61.888889,15.0,5.0,13.888889,0.0,2,0.222222,2150.0,301.804562
100,4206,MOPSO,v29_hpp_cost_front_boost_fast,REPORT,100.0,10,3503255005039.8267,7.009162,100,273.960117,290.131702,318.263639,1740.0,1884.871126,2170.0,0.0,14.0,70.0,40.9,32.2,26.9,59.1,14.9,5.0,12.1,0.0,8,0.8,1800.0,273.960117
100,4207,MOPSO,v29_hpp_cost_front_boost_fast,REPORT,100.0,9,3462221913124.304,7.088291,93,280.321205,305.994246,316.06227,1890.0,2049.23964,2150.0,0.0,18.557697,53.654586,41.666667,28.444444,29.888889,58.333333,14.888889,5.0,13.0,0.0,5,0.555556,2130.0,314.918683
100,4208,MOPSO,v29_hpp_cost_front_boost_fast,REPORT,100.0,10,3532063371784.9893,7.301772,97,265.92652,283.26144,302.968637,1870.0,2050.0,2400.0,0.0,22.163782,75.941273,42.9,26.2,30.9,57.1,14.8,5.0,13.9,0.0,7,0.7,1870.0,281.514473
100,4209,MOPSO,v29_hpp_cost_front_boost_fast,REPORT,100.0,14,3464301103734.741,6.989685,100,279.802726,296.971729,313.146802,1890.0,2051.307388,2240.0,0.0,34.525413,91.211078,44.785714,30.142857,25.071429,55.214286,14.571429,5.0,12.285714,0.0,5,0.357143,1890.0,296.302845
100,4210,MOPSO,v29_hpp_cost_front_boost_fast,REPORT,100.0,5,3456698662638.591,5.088832,70,281.290432,295.859265,317.913291,1900.0,2072.0,2290.0,0.0,13.693446,29.019912,42.8,29.2,28.0,57.2,14.8,5.0,13.0,0.0,2,0.4,1950.0,284.406395
100,4211,MOPSO,v29_hpp_cost_front_boost_fast,REPORT,100.0,14,3652442527739.6113,6.825268,100,244.69142,258.984629,264.387499,1639.326135,1795.607204,1940.0,0.0,24.770235,81.78703,34.285714,27.071429,38.642857,65.714286,15.0,5.0,14.571429,0.0,8,0.571429,1639.326135,244.69142
100,4212,MOPSO,v29_hpp_cost_front_boost_fast,REPORT,748.1645679995916,26,3555461059530.335,3.030662,40,260.601795,291.592633,315.963266,1820.0,2039.431721,2270.0,149.632914,502.103298,680.796575,40.307692,29.961538,29.730769,59.692308,14.807692,5.0,12.153846,0.0,0,0.0,,
100,4213,MOPSO,v29_hpp_cost_front_boost_fast,REPORT,100.0,30,3651187942172.564,6.717788,100,244.132412,261.661572,293.451102,1690.0,1828.004674,2005.259968,0.0,36.23694,82.730365,38.166667,30.666667,31.166667,61.833333,14.233333,5.0,13.433333,0.0,13,0.433333,1830.0,261.232492
100,4214,MOPSO,v29_hpp_cost_front_boost_fast,REPORT,100.0,9,3536628702665.187,4.355834,59,265.933716,278.054849,300.78409,1820.0,1860.0,2000.0,0.0,10.720958,96.488622,34.333333,28.888889,36.777778,65.666667,15.0,5.0,14.0,0.0,8,0.888889,1820.0,265.933716
100,4215,MOPSO,v29_hpp_cost_front_boost_fast,REPORT,100.0,2,3421453323698.103,4.456331,62,285.134227,290.3902,295.646173,2131.721406,2175.860703,2220.0,11.196976,21.284874,31.372771,42.0,29.5,28.5,58.0,15.0,5.0,13.5,0.0,0,0.0,,
100,4216,MOPSO,v29_hpp_cost_front_boost_fast,REPORT,100.0,6,3386661780721.9727,4.081069,58,296.995009,313.180718,319.631259,1815.898157,2024.274273,2160.0,0.0,0.0,0.0,37.333333,31.333333,31.333333,62.666667,15.0,5.0,14.5,0.0,6,1.0,1815.898157,296.995009
100,4217,MOPSO,v29_hpp_cost_front_boost_fast,REPORT,100.0,7,3383742043943.492,5.501115,74,296.513486,312.491008,321.165747,1900.0,2061.428571,2210.0,0.0,9.342311,65.396178,48.428571,26.428571,25.142857,51.571429,14.857143,5.0,12.857143,0.0,6,0.857143,2030.0,296.513486
100,4218,MOPSO,v29_hpp_cost_front_boost_fast,REPORT,100.0,3,3472909299724.1143,6.825232,100,280.971159,301.080575,317.452004,1700.0,1816.666667,1900.0,0.0,6.368919,19.106756,41.333333,27.333333,31.333333,58.666667,15.0,5.0,14.0,0.0,2,0.666667,1700.0,280.971159
100,4219,MOPSO,v29_hpp_cost_front_boost_fast,REPORT,100.0,10,3394196800748.828,3.540686,50,296.484006,312.644882,319.873227,1750.0,2044.297165,2200.0,0.0,65.805759,86.620574,41.1,30.2,28.7,58.9,14.9,5.0,13.3,0.0,1,0.1,2200.0,296.484006
100,4220,MOPSO,v29_hpp_cost_front_boost_fast,REPORT,100.0,6,3493495387259.085,5.27619,77,274.676996,292.151437,296.803932,1830.0,1933.333333,2140.0,0.0,9.280517,49.164339,39.333333,28.166667,32.5,60.666667,14.666667,5.0,12.333333,0.0,4,0.666667,1830.0,274.676996
100,4221,MOPSO,v29_hpp_cost_front_boost_fast,REPORT,100.0,7,3474049178769.8774,4.950595,70,277.538646,292.026762,301.037775,1910.0,2020.70223,2190.0,0.0,45.548834,67.799015,38.857143,30.285714,30.857143,61.142857,15.0,5.0,12.285714,0.0,1,0.142857,2190.0,277.538646
100,4222,MOPSO,v29_hpp_cost_front_boost_fast,REPORT,100.0,8,3521660638387.164,6.734091,100,269.011552,277.940698,296.180643,1820.666035,1995.083254,2100.0,0.0,3.499749,17.997993,41.875,32.375,25.75,58.125,14.5,5.0,11.75,0.0,6,0.75,1910.0,269.011552
100,4223,MOPSO,v29_hpp_cost_front_boost_fast,REPORT,100.0,12,3564314244421.9883,6.64052,100,259.451758,284.480626,315.616697,1866.368075,1901.771272,1940.0,0.0,37.073983,95.792849,44.166667,27.666667,28.166667,55.833333,14.416667,5.0,12.0,0.0,7,0.583333,1866.368075,259.451758
100,4224,MOPSO,v29_hpp_cost_front_boost_fast,REPORT,100.0,3,3463606188172.488,5.95467,86,279.92906,294.30846,301.745808,1896.590013,1995.079698,2110.0,0.0,9.007737,27.02321,40.666667,28.0,31.333333,59.333333,15.0,5.0,14.333333,0.0,2,0.666667,1978.649082,279.92906
100,4225,MOPSO,v29_hpp_cost_front_boost_fast,REPORT,100.0,8,3561794891304.255,6.693795,100,260.884787,279.001024,318.097959,1810.0,1840.837583,1875.041832,0.0,8.830561,40.644491,40.625,30.625,28.75,59.375,15.0,5.0,13.875,0.0,6,0.75,1810.0,260.884787
100,4226,MOPSO,v29_hpp_cost_front_boost_fast,REPORT,100.0,12,3544674456104.75,7.15439,100,263.025176,284.800806,302.277103,1900.0,1950.891693,2060.0,0.0,30.759473,54.119086,39.0,27.916667,33.083333,61.0,14.416667,5.0,13.166667,0.0,4,0.333333,1960.0,263.025176
100,4227,MOPSO,v29_hpp_cost_front_boost_fast,REPORT,100.0,14,3624108295168.629,6.600896,100,247.819426,263.71526,284.196068,1810.0,1997.114565,2210.0,0.0,7.792836,21.81994,35.642857,31.857143,32.5,64.357143,15.0,5.0,13.857143,0.0,9,0.642857,1810.0,257.305765
100,4228,MOPSO,v29_hpp_cost_front_boost_fast,REPORT,100.0,8,3438789371927.9126,5.034807,72,285.462077,297.390503,317.711236,1870.0,1992.176633,2160.0,0.0,24.389196,50.015445,39.75,30.125,30.125,60.25,15.0,5.0,13.875,0.0,4,0.5,1882.330081,285.462077
100,4229,MOPSO,v29_hpp_cost_front_boost_fast,REPORT,100.0,9,3634229326025.85,8.018101,100,246.147888,279.282271,305.842322,1780.0,1902.632216,2071.844971,0.0,9.488818,65.399362,41.0,31.555556,27.444444,59.0,15.0,5.0,13.777778,0.0,7,0.777778,1790.0,246.147888
100,4230,MOPSO,v29_hpp_cost_front_boost_fast,REPORT,100.0,9,3461911071868.08,6.204751,90,280.483104,288.996129,314.197362,1880.0,1987.502027,2029.172749,0.0,40.305261,87.724684,39.333333,31.777778,28.888889,60.666667,13.555556,5.0,12.0,0.0,3,0.333333,2029.172749,281.229044
100,4201,Trad-NSGA2,v29_hpp_cost_front_boost_fast,REPORT,100.0,9,3739589502488.924,8.718359,100,227.710888,258.797205,275.513999,1562.238554,1807.624621,2010.0,0.0,36.897843,78.836755,35.111111,32.555556,32.333333,64.888889,14.0,5.0,12.0,0.0,2,0.222222,1562.238554,246.586735
100,4202,Trad-NSGA2,v29_hpp_cost_front_boost_fast,REPORT,100.0,12,3660202953455.751,9.283942,100,243.189178,261.242353,296.396925,1630.0,1816.012341,2100.0,0.0,29.620174,94.526919,38.75,28.666667,32.583333,61.25,14.416667,5.0,13.5,0.0,4,0.333333,1630.0,248.479373
100,4203,Trad-NSGA2,v29_hpp_cost_front_boost_fast,REPORT,100.0,18,3814589902119.21,9.107754,100,211.31824,246.508346,280.238971,1620.0,1764.710125,1960.0,0.0,47.588045,98.341392,33.5,32.944444,33.555556,66.5,14.5,5.0,13.277778,0.0,4,0.222222,1651.808964,227.085011
100,4204,Trad-NSGA2,v29_hpp_cost_front_boost_fast,REPORT,100.0,8,3773868113190.776,8.857546,100,221.710917,230.895216,239.974757,1510.0,1561.899143,1627.745682,0.0,23.569619,76.055513,35.5,29.375,35.125,64.5,14.5,5.0,13.125,0.0,3,0.375,1510.0,221.979042
100,4205,Trad-NSGA2,v29_hpp_cost_front_boost_fast,REPORT,100.0,10,3800744987873.716,9.152839,100,217.433885,237.498463,258.057944,1420.604784,1653.96809,1720.0,0.0,30.599075,80.591386,35.2,27.8,37.0,64.8,13.9,5.0,12.3,0.0,5,0.5,1420.604784,217.433885
100,4206,Trad-NSGA2,v29_hpp_cost_front_boost_fast,REPORT,100.0,14,3747954994598.294,9.081371,100,227.076553,259.089429,297.728478,1500.0,1653.499165,1966.901044,0.0,21.57223,86.788911,36.285714,28.285714,35.428571,63.714286,14.5,5.0,13.785714,0.0,6,0.428571,1540.0,227.097712
100,4207,Trad-NSGA2,v29_hpp_cost_front_boost_fast,REPORT,100.0,13,3849145183368.805,8.28723,100,204.019866,240.045863,312.331539,1630.0,1777.442564,2090.0,0.0,44.794917,90.0,44.307692,31.923077,23.769231,55.692308,12.153846,5.0,9.615385,0.0,4,0.307692,1631.187428,217.511924
100,4208,Trad-NSGA2,v29_hpp_cost_front_boost_fast,REPORT,100.0,23,3770298285118.97,8.751007,100,222.964065,259.552037,308.999033,1460.0,1688.762147,2037.387918,0.0,24.480773,90.407987,42.130435,31.043478,26.826087,57.869565,14.347826,5.0,11.869565,0.0,12,0.521739,1530.0,223.19585
100,4209,Trad-NSGA2,v29_hpp_cost_front_boost_fast,REPORT,100.0,10,3686897739524.339,9.017151,100,238.080731,273.108857,308.457979,1595.775321,1810.906747,2090.0,0.0,20.084224,100.0,36.8,32.4,30.8,63.2,14.3,5.0,12.6,0.0,6,0.6,1595.775321,259.812483
100,4210,Trad-NSGA2,v29_hpp_cost_front_boost_fast,REPORT,100.0,23,3834065255239.541,8.912303,100,208.196507,268.849638,298.99278,1557.161736,1705.789258,1870.0,0.0,27.934233,96.075145,39.391304,28.173913,32.434783,60.608696,14.043478,5.0,12.695652,0.0,7,0.304348,1617.488257,246.803207
100,4211,Trad-NSGA2,v29_hpp_cost_front_boost_fast,REPORT,100.0,5,3655635110234.373,9.142772,100,243.819462,268.631344,275.240478,1650.0,1750.535687,1830.0,0.0,19.029386,35.146932,39.6,31.8,28.6,60.4,13.8,5.0,11.4,0.0,1,0.2,1830.0,274.84062
100,4212,Trad-NSGA2,v29_hpp_cost_front_boost_fast,REPORT,100.0,7,3820432938310.885,8.200354,100,206.329994,223.928951,236.595801,1860.806344,1946.845702,2150.0,0.0,5.403561,9.456232,45.571429,33.714286,20.714286,54.428571,12.714286,5.0,9.0,0.0,3,0.428571,1870.0,235.283007
100,4213,Trad-NSGA2,v29_hpp_cost_front_boost_fast,REPORT,100.0,15,3852434313089.067,8.802132,100,206.287363,249.166834,262.679474,1450.0,1589.983601,1748.544007,0.0,48.933709,98.007353,36.466667,26.666667,36.866667,63.533333,14.666667,5.0,13.733333,0.0,4,0.266667,1450.0,206.287363
100,4214,Trad-NSGA2,v29_hpp_cost_front_boost_fast,REPORT,100.0,8,3733025034786.802,8.92116,100,227.440575,262.078465,283.028607,1650.0,1885.204835,2240.0,0.0,16.493242,50.0,41.25,28.5,30.25,58.75,13.0,5.0,12.25,0.0,4,0.5,1650.0,227.440575
100,4215,Trad-NSGA2,v29_hpp_cost_front_boost_fast,REPORT,100.0,8,3838454010882.465,8.816737,100,206.50792,225.149143,291.652815,1620.0,1770.163319,2095.005207,0.0,15.269407,50.956356,32.125,34.5,33.375,67.875,13.75,5.0,12.375,0.0,5,0.625,1620.0,208.874395
100,4216,Trad-NSGA2,v29_hpp_cost_front_boost_fast,REPORT,100.0,10,3920188484252.926,8.609706,100,188.109604,226.760876,261.082225,1700.0,1853.855306,2060.654862,0.0,43.399804,90.108719,33.6,32.2,34.2,66.4,14.0,5.0,13.7,0.0,4,0.4,1700.0,223.458007
100,4217,Trad-NSGA2,v29_hpp_cost_front_boost_fast,REPORT,100.0,11,3658675934420.957,9.140473,100,244.278038,272.876143,314.553708,1580.0,1814.418236,2190.0,0.0,38.792523,100.0,37.272727,30.454545,32.272727,62.727273,14.090909,5.0,12.0,0.0,4,0.363636,1820.0,244.805159
100,4218,Trad-NSGA2,v29_hpp_cost_front_boost_fast,REPORT,100.0,21,3831657958460.889,8.563044,100,209.258594,235.06001,260.167134,1530.0,1877.991485,2410.0,0.0,33.024799,100.0,37.761905,31.380952,30.857143,62.238095,13.333333,5.0,12.333333,0.0,5,0.238095,1710.0,224.599676
100,4219,Trad-NSGA2,v29_hpp_cost_front_boost_fast,REPORT,100.0,13,3919083457558.254,8.510165,100,191.473852,234.654305,260.198784,1500.0,1695.193966,2026.573769,0.0,27.444737,95.086181,39.0,32.384615,28.615385,61.0,13.769231,5.0,12.538462,0.0,6,0.461538,1500.0,208.772834
100,4220,Trad-NSGA2,v29_hpp_cost_front_boost_fast,REPORT,100.0,12,3817759144649.267,8.7565,100,210.918129,246.352475,294.927442,1600.0,1789.21913,2120.0,0.0,22.024959,70.0,36.833333,30.333333,32.833333,63.166667,12.833333,5.0,11.833333,0.0,8,0.666667,1600.0,228.68188
100,4221,Trad-NSGA2,v29_hpp_cost_front_boost_fast,REPORT,100.0,7,3828065181886.998,8.868438,100,208.699198,237.685804,279.710862,1610.0,1770.0,1990.0,0.0,15.714286,50.0,43.571429,28.714286,27.714286,56.428571,13.0,5.0,11.571429,0.0,4,0.571429,1610.0,219.286331
100,4222,Trad-NSGA2,v29_hpp_cost_front_boost_fast,REPORT,100.0,16,3686326512056.808,8.853283,100,239.809581,265.616056,294.595765,1500.0,1671.53582,1830.0,0.0,25.359984,91.891963,35.5625,30.1875,34.25,64.4375,14.3125,5.0,12.75,0.0,9,0.5625,1500.0,242.402707
100,4223,Trad-NSGA2,v29_hpp_cost_front_boost_fast,REPORT,100.0,19,3734772269225.7407,8.872164,100,230.39359,263.826057,317.443856,1432.410464,1868.541472,2330.0,0.0,32.991298,87.273736,37.578947,29.842105,32.578947,62.421053,13.210526,5.0,11.842105,0.0,7,0.368421,1432.410464,246.21929
100,4224,Trad-NSGA2,v29_hpp_cost_front_boost_fast,REPORT,100.0,16,3821116611670.5225,9.03085,100,210.269016,253.849156,300.275395,1597.830572,1774.362411,2090.0,0.0,44.869092,90.0,34.75,30.6875,34.5625,65.25,14.0,5.0,13.25,0.0,3,0.1875,1730.0,273.140611
100,4225,Trad-NSGA2,v29_hpp_cost_front_boost_fast,REPORT,100.0,8,3799619852028.797,8.57625,100,212.8115,218.906305,230.56551,1730.0,1842.071367,1910.0,0.0,8.41798,43.86743,35.75,34.5,29.75,64.25,12.5,5.0,12.375,0.0,5,0.625,1730.0,213.437492
100,4226,Trad-NSGA2,v29_hpp_cost_front_boost_fast,REPORT,100.0,18,3840919624645.7793,8.838357,100,207.339764,243.027672,294.402196,1520.0,1788.39295,2114.609451,0.0,32.015384,96.3004,32.055556,33.888889,34.055556,67.944444,12.777778,5.0,11.166667,0.0,9,0.5,1520.0,223.934088
100,4227,Trad-NSGA2,v29_hpp_cost_front_boost_fast,REPORT,100.0,13,3763113543574.877,9.496854,100,224.126878,256.834087,297.984002,1480.0,1656.293167,2040.0,0.0,12.364651,60.0,37.230769,30.153846,32.615385,62.769231,13.692308,5.0,12.692308,0.0,9,0.692308,1530.0,227.940597
100,4228,Trad-NSGA2,v29_hpp_cost_front_boost_fast,REPORT,100.0,10,3749631588817.8286,8.867063,100,227.94499,255.453904,277.262987,1420.0,1560.396628,1760.0,0.0,31.93357,98.795637,35.8,29.2,35.0,64.2,14.2,5.0,13.4,0.0,3,0.3,1459.660848,227.94499
100,4229,Trad-NSGA2,v29_hpp_cost_front_boost_fast,REPORT,100.0,19,3686437687342.7583,9.394364,100,237.563083,272.912117,305.939015,1629.53803,1872.072113,2080.0,0.0,33.985766,79.925468,40.052632,32.842105,27.105263,59.947368,13.315789,5.0,10.368421,0.0,6,0.315789,1719.420056,245.215676
100,4230,Trad-NSGA2,v29_hpp_cost_front_boost_fast,REPORT,100.0,11,3923263145589.8096,8.941985,100,188.613465,221.776265,294.770433,1640.0,1776.409908,1960.0,0.0,28.898449,80.0,38.818182,32.181818,29.0,61.181818,12.090909,5.0,11.454545,0.0,7,0.636364,1640.0,188.613465
50,4201,HPP-init-NSGA2,v29_hpp_cost_front_boost_fast,REPORT,100.0,10,4483000456244.336,13.160172,100,80.359165,95.308053,122.88983,1240.0,1628.0,2240.0,0.0,7.0,40.0,40.1,4.5,5.4,9.9,5.1,1.4,2.2,0.0,8,0.8,1240.0,80.877963
50,4202,HPP-init-NSGA2,v29_hpp_cost_front_boost_fast,REPORT,100.0,30,4502147173294.888,11.616492,100,74.743831,96.340561,141.519392,1320.0,1753.293202,2170.0,0.0,25.410815,100.0,40.6,5.9,3.5,9.4,5.333333,1.4,1.733333,0.0,18,0.6,1360.0,76.974756
50,4203,HPP-init-NSGA2,v29_hpp_cost_front_boost_fast,REPORT,100.0,16,4412769970645.865,12.291994,100,91.745968,107.313076,136.467428,1410.0,1528.125,1860.0,0.0,34.611885,80.0,40.8125,4.875,4.3125,9.1875,6.25,1.4375,2.0,0.0,7,0.4375,1410.0,92.115831
50,4204,HPP-init-NSGA2,v29_hpp_cost_front_boost_fast,REPORT,100.0,15,4488057905071.958,11.909742,100,76.989366,96.515075,109.745791,1360.0,1687.333333,2140.0,0.0,26.0,80.0,43.666667,2.133333,4.2,6.333333,5.333333,0.666667,1.733333,0.0,10,0.666667,1360.0,76.989366
50,4205,HPP-init-NSGA2,v29_hpp_cost_front_boost_fast,REPORT,100.0,14,4461866350340.118,11.014817,100,83.454199,125.929879,149.992031,1300.0,1455.714286,2190.0,0.0,31.051093,84.715306,37.714286,6.285714,6.0,12.285714,6.714286,2.0,2.642857,0.0,7,0.5,1300.0,90.936547
50,4206,HPP-init-NSGA2,v29_hpp_cost_front_boost_fast,REPORT,100.0,13,4434581914203.499,11.601571,100,89.286306,109.924499,141.079984,1300.0,1464.576957,1710.0,0.0,24.615385,80.0,34.0,10.461538,5.538462,16.0,5.769231,2.692308,3.076923,0.0,9,0.692308,1300.0,89.286306
50,4207,HPP-init-NSGA2,v29_hpp_cost_front_boost_fast,REPORT,100.0,25,4477484829496.279,10.746221,100,79.599973,104.872873,135.305446,1340.0,1568.8,1800.0,0.0,26.8,100.0,39.56,5.64,4.8,10.44,5.56,1.56,2.48,0.0,16,0.64,1400.0,79.62742
50,4208,HPP-init-NSGA2,v29_hpp_cost_front_boost_fast,REPORT,100.0,18,4435886674987.553,10.987187,100,88.449683,114.246535,148.162776,1320.0,1587.777778,1800.0,0.0,21.666667,70.0,41.833333,4.611111,3.555556,8.166667,6.166667,1.833333,2.333333,0.0,12,0.666667,1320.0,88.449683
50,4209,HPP-init-NSGA2,v29_hpp_cost_front_boost_fast,REPORT,100.0,20,4482747760557.373,11.085704,100,79.431267,105.858304,145.12061,1280.0,1695.5,2200.0,0.0,24.5,80.0,42.6,6.1,1.3,7.4,5.8,1.95,0.9,0.0,12,0.6,1430.0,79.431267
50,4210,HPP-init-NSGA2,v29_hpp_cost_front_boost_fast,REPORT,100.0,19,4488737057771.994,10.916887,100,76.393608,104.435123,123.493256,1380.0,1693.684211,2090.0,0.0,13.337248,60.0,43.631579,4.157895,2.210526,6.368421,6.052632,1.315789,1.368421,0.0,14,0.736842,1380.0,77.57381
50,4211,HPP-init-NSGA2,v29_hpp_cost_front_boost_fast,REPORT,100.0,26,4477944002516.931,10.654641,100,79.302494,101.823683,139.946054,1350.0,1711.153846,2200.0,0.0,19.615385,80.0,38.076923,5.692308,6.230769,11.923077,6.230769,1.807692,3.461538,0.0,18,0.692308,1350.0,79.302494
50,4212,HPP-init-NSGA2,v29_hpp_cost_front_boost_fast,REPORT,100.0,19,4487995939548.147,10.555615,100,77.243585,102.273122,138.512965,1350.0,1595.263158,1930.0,0.0,15.885495,60.0,39.210526,5.526316,5.263158,10.789474,5.526316,1.894737,2.052632,0.0,13,0.684211,1350.0,77.681007
50,4213,HPP-init-NSGA2,v29_hpp_cost_front_boost_fast,REPORT,100.0,10,4436595571610.414,11.655529,100,90.053648,110.008278,146.010671,1240.0,1319.0,1550.0,0.0,17.702087,97.301309,36.0,7.1,6.9,14.0,6.0,2.1,3.4,0.0,8,0.8,1240.0,90.053648
50,4214,HPP-init-NSGA2,v29_hpp_cost_front_boost_fast,REPORT,100.0,18,4487044245550.66,11.025967,100,79.298803,113.15137,150.683674,1250.0,1442.777778,1680.0,0.0,27.823355,80.0,38.611111,6.944444,4.444444,11.388889,6.388889,2.722222,2.722222,0.0,10,0.555556,1250.0,79.298803
50,4215,HPP-init-NSGA2,v29_hpp_cost_front_boost_fast,REPORT,100.0,28,4496106156910.855,10.655299,100,76.92483,99.27028,136.382414,1270.0,1725.714286,2170.0,0.0,26.785714,100.0,40.607143,4.785714,4.607143,9.392857,5.428571,1.642857,2.5,0.0,15,0.535714,1270.0,77.257597
50,4216,HPP-init-NSGA2,v29_hpp_cost_front_boost_fast,REPORT,100.0,22,4426041128362.226,11.15579,100,91.762155,124.789306,157.097752,1250.0,1484.516809,1770.0,0.0,35.0,80.0,39.727273,5.818182,4.454545,10.272727,6.727273,1.954545,3.136364,0.0,9,0.409091,1330.0,91.762155
50,4217,HPP-init-NSGA2,v29_hpp_cost_front_boost_fast,REPORT,100.0,23,4482301799724.564,10.748787,100,77.638375,87.57862,106.683155,1400.0,1626.091416,2080.0,0.0,19.907954,80.0,34.0,9.608696,6.391304,16.0,5.521739,2.695652,3.608696,0.0,13,0.565217,1400.102568,77.735801
50,4218,HPP-init-NSGA2,v29_hpp_cost_front_boost_fast,REPORT,100.0,7,4420623311479.596,11.031881,100,91.389269,102.440399,123.70164,1340.0,1680.0,2170.0,0.0,28.571429,80.0,39.714286,6.571429,3.714286,10.285714,5.571429,1.857143,1.857143,0.0,4,0.571429,1340.0,97.803248
50,4219,HPP-init-NSGA2,v29_hpp_cost_front_boost_fast,REPORT,100.0,15,4486242079924.885,9.939232,100,76.540506,92.415297,161.121362,1410.0,1672.602227,2050.0,0.0,30.666667,70.0,36.333333,9.933333,3.733333,13.666667,4.866667,2.133333,1.8,0.0,8,0.533333,1410.0,79.467567
50,4220,HPP-init-NSGA2,v29_hpp_cost_front_boost_fast,REPORT,100.0,7,4454956704263.974,10.952587,100,84.542847,94.831762,108.350665,1330.0,1598.571429,2140.0,0.0,12.857143,90.0,38.142857,6.714286,5.142857,11.857143,6.0,2.0,2.428571,0.0,6,0.857143,1330.0,84.699956
50,4221,HPP-init-NSGA2,v29_hpp_cost_front_boost_fast,REPORT,100.0,20,4472001495891.126,10.37336,100,79.99139,96.746201,129.819147,1380.0,1720.176157,2050.0,0.0,25.894147,80.0,36.25,6.7,7.05,13.75,4.95,1.55,3.0,0.0,12,0.6,1380.0,80.877489
50,4222,HPP-init-NSGA2,v29_hpp_cost_front_boost_fast,REPORT,100.0,17,4410603215636.256,10.993426,100,91.597218,101.54572,112.013663,1440.0,1735.882353,2170.0,0.0,31.764706,90.0,42.411765,3.941176,3.647059,7.588235,5.529412,1.235294,1.941176,0.0,8,0.470588,1440.0,94.296478
50,4223,HPP-init-NSGA2,v29_hpp_cost_front_boost_fast,REPORT,100.0,25,4490500303242.652,10.289385,100,76.808194,83.892696,132.368127,1350.0,1692.52243,1990.0,0.0,26.8,50.0,37.56,10.04,2.4,12.44,4.28,2.2,1.2,0.0,9,0.36,1350.0,77.470209
50,4224,HPP-init-NSGA2,v29_hpp_cost_front_boost_fast,REPORT,100.0,13,4474541551649.338,10.767403,100,76.617408,98.983745,111.613517,1530.0,1676.923077,2170.0,0.0,26.153846,80.0,43.230769,4.384615,2.384615,6.769231,5.384615,1.461538,1.384615,0.0,8,0.615385,1530.0,90.676719
50,4225,HPP-init-NSGA2,v29_hpp_cost_front_boost_fast,REPORT,100.0,10,4431725760624.215,10.9504,100,88.896179,104.367554,144.410419,1350.0,1555.76901,1750.0,0.0,13.006772,90.06772,41.8,6.1,2.1,8.2,5.8,1.6,1.5,0.0,8,0.8,1430.0,91.150031
50,4226,HPP-init-NSGA2,v29_hpp_cost_front_boost_fast,REPORT,100.0,14,4488114376495.381,10.953648,100,79.474112,98.927064,122.695132,1220.0,1738.354023,2050.0,0.0,14.285714,80.0,40.428571,4.714286,4.857143,9.571429,5.357143,1.214286,1.928571,0.0,10,0.714286,1220.0,80.036117
50,4227,HPP-init-NSGA2,v29_hpp_cost_front_boost_fast,REPORT,100.0,28,4491821374804.591,10.333284,100,76.649117,82.757204,107.605705,1340.0,1875.0,2140.0,0.0,5.4223,70.0,42.214286,3.321429,4.464286,7.785714,5.678571,1.071429,2.321429,0.0,23,0.821429,1340.0,76.649117
50,4228,HPP-init-NSGA2,v29_hpp_cost_front_boost_fast,REPORT,100.0,29,4496612700696.751,10.524853,100,77.994607,108.134799,132.978549,1210.0,1439.328727,2060.0,0.0,35.062601,80.0,38.689655,6.482759,4.827586,11.310345,5.965517,1.793103,2.206897,0.0,13,0.448276,1210.0,81.219251
50,4229,HPP-init-NSGA2,v29_hpp_cost_front_boost_fast,REPORT,100.0,7,4457086558844.181,10.849291,100,82.436715,91.86267,124.858236,1420.0,1712.381987,2030.0,0.0,0.0,0.0,35.142857,10.0,4.857143,14.857143,4.714286,3.0,2.0,0.0,7,1.0,1420.0,82.436715
50,4230,HPP-init-NSGA2,v29_hpp_cost_front_boost_fast,REPORT,100.0,32,4477773736620.605,9.91931,100,79.487411,111.242926,140.451924,1340.0,1553.385503,1970.0,0.0,43.754775,100.0,33.625,11.15625,5.21875,16.375,6.28125,2.84375,3.0625,0.0,12,0.375,1430.0,92.319655
50,4201,KMeans-init-NSGA2,v29_hpp_cost_front_boost_fast,REPORT,100.0,17,4353455101419.302,8.365858,100,104.040295,125.141577,134.525099,1400.0,1608.235294,2290.0,0.0,40.0,90.0,48.823529,0.941176,0.235294,1.176471,7.588235,0.647059,0.235294,0.235294,8,0.470588,1400.0,106.451467
50,4202,KMeans-init-NSGA2,v29_hpp_cost_front_boost_fast,REPORT,100.0,27,4285635340594.3696,7.629326,100,117.215793,126.467336,136.116199,1450.0,1631.481481,1950.0,0.0,31.111111,100.0,47.518519,2.111111,0.37037,2.481481,7.555556,1.0,0.37037,0.0,12,0.444444,1450.0,117.327966
50,4203,KMeans-init-NSGA2,v29_hpp_cost_front_boost_fast,REPORT,100.0,6,4299332401246.821,8.283243,100,116.917007,129.778901,132.813919,1310.0,1415.0,1570.0,0.0,23.333333,70.0,48.666667,0.833333,0.5,1.333333,7.833333,0.5,0.5,0.0,4,0.666667,1310.0,116.917007
50,4204,KMeans-init-NSGA2,v29_hpp_cost_front_boost_fast,REPORT,100.0,21,4303656803237.9375,6.823757,100,115.657534,126.080076,132.629336,1330.0,1550.0,1980.0,0.0,43.333333,90.0,48.809524,1.095238,0.095238,1.190476,7.619048,0.714286,0.095238,0.333333,9,0.428571,1350.0,116.629336
50,4205,KMeans-init-NSGA2,v29_hpp_cost_front_boost_fast,REPORT,100.0,19,4402032389761.831,8.147653,100,93.166458,127.338894,138.067692,1440.0,1610.0,2240.0,0.0,17.368421,100.0,47.052632,2.421053,0.526316,2.947368,7.421053,1.473684,0.473684,0.0,14,0.736842,1440.0,103.915437
50,4206,KMeans-init-NSGA2,v29_hpp_cost_front_boost_fast,REPORT,100.0,8,4356629696635.989,6.738967,100,102.257452,110.504085,121.355037,1470.0,1561.25,1730.0,0.0,22.5,60.0,46.5,3.5,0.0,3.5,6.375,1.75,0.0,0.0,5,0.625,1470.0,103.161562
50,4207,KMeans-init-NSGA2,v29_hpp_cost_front_boost_fast,REPORT,100.0,11,4352483713654.6406,6.243524,100,104.481121,122.588709,134.608721,1390.0,1543.636364,1710.0,0.0,40.909091,80.0,47.272727,2.181818,0.545455,2.727273,7.181818,1.272727,0.545455,0.0,3,0.272727,1480.0,120.02558
50,4208,KMeans-init-NSGA2,v29_hpp_cost_front_boost_fast,REPORT,100.0,9,4285324297588.0977,7.96184,100,117.608226,128.874317,132.423856,1430.0,1564.444444,1750.0,0.0,34.444444,90.0,48.888889,0.666667,0.444444,1.111111,7.777778,0.555556,0.444444,0.0,5,0.555556,1430.0,118.183568
50,4209,KMeans-init-NSGA2,v29_hpp_cost_front_boost_fast,REPORT,100.0,29,4358773825707.257,7.343895,100,102.560843,124.770045,136.061905,1420.0,1626.896552,2270.0,0.0,37.241379,100.0,47.37931,2.172414,0.448276,2.62069,7.344828,1.172414,0.448276,0.0,8,0.275862,1430.0,119.50922
50,4210,KMeans-init-NSGA2,v29_hpp_cost_front_boost_fast,REPORT,100.0,19,4356591631236.3984,7.226967,100,104.574541,125.112585,137.752623,1330.0,1586.842105,2230.0,0.0,37.368421,80.0,47.789474,2.157895,0.052632,2.210526,7.421053,1.315789,0.052632,0.0,5,0.263158,1470.0,104.574541
50,4211,KMeans-init-NSGA2,v29_hpp_cost_front_boost_fast,REPORT,100.0,11,4406271653718.815,5.757193,100,92.507552,111.443494,132.259473,1430.0,1720.0,2200.0,0.0,50.0,90.0,48.0,1.818182,0.181818,2.0,6.545455,1.0,0.090909,0.090909,4,0.363636,1430.0,103.606725
50,4212,KMeans-init-NSGA2,v29_hpp_cost_front_boost_fast,REPORT,100.0,14,4351577760920.188,6.646345,100,103.939463,121.777745,132.647975,1430.0,1647.857143,2040.0,0.0,37.857143,90.0,48.285714,1.642857,0.071429,1.714286,7.285714,0.857143,0.071429,0.071429,7,0.5,1430.0,104.26823
50,4213,KMeans-init-NSGA2,v29_hpp_cost_front_boost_fast,REPORT,100.0,18,4350646232916.9375,7.001961,100,103.334253,123.098787,133.649322,1470.0,1672.777778,2000.0,0.0,40.0,100.0,48.722222,0.555556,0.722222,1.277778,7.5,0.555556,0.666667,0.0,7,0.388889,1550.0,118.246575
50,4214,KMeans-init-NSGA2,v29_hpp_cost_front_boost_fast,REPORT,100.0,14,4363687590154.143,6.960576,100,103.177281,127.131825,135.385572,1330.0,1508.571429,1920.0,0.0,31.428571,100.0,47.785714,1.785714,0.428571,2.214286,7.571429,0.928571,0.428571,0.071429,7,0.5,1360.0,117.615637
50,4215,KMeans-init-NSGA2,v29_hpp_cost_front_boost_fast,REPORT,100.0,5,4290938633601.965,6.767635,100,117.073979,122.458714,135.238577,1400.0,1498.0,1570.0,0.0,24.0,70.0,47.4,2.0,0.6,2.6,7.2,1.2,0.6,0.0,3,0.6,1420.0,117.073979
50,4216,KMeans-init-NSGA2,v29_hpp_cost_front_boost_fast,REPORT,100.0,14,4302728685350.28,6.376414,100,114.794521,126.131782,133.120923,1390.0,1522.142857,1980.0,0.0,38.155368,94.175159,48.142857,1.785714,0.071429,1.857143,7.571429,1.0,0.071429,0.071429,5,0.357143,1390.0,117.690418
50,4217,KMeans-init-NSGA2,v29_hpp_cost_front_boost_fast,REPORT,100.0,14,4292119406014.93,6.278851,100,117.326223,128.399396,135.99857,1370.0,1533.571429,1650.0,0.0,35.714286,70.0,48.0,2.0,0.0,2.0,7.642857,1.285714,0.0,0.0,5,0.357143,1480.0,117.490607
50,4218,KMeans-init-NSGA2,v29_hpp_cost_front_boost_fast,REPORT,100.0,21,4346931103755.095,6.28291,100,104.616438,124.21518,135.553431,1440.0,1698.095238,2280.0,0.0,36.190476,90.0,48.714286,1.047619,0.238095,1.285714,7.380952,0.809524,0.238095,0.047619,10,0.47619,1440.0,119.087678
50,4219,KMeans-init-NSGA2,v29_hpp_cost_front_boost_fast,REPORT,100.0,11,4352457036791.729,6.548928,100,102.863014,120.59826,135.402746,1470.0,1834.545455,2150.0,0.0,53.636364,100.0,49.272727,0.545455,0.181818,0.727273,7.181818,0.545455,0.181818,0.363636,2,0.181818,1470.0,132.16987
50,4220,KMeans-init-NSGA2,v29_hpp_cost_front_boost_fast,REPORT,100.0,14,4282543160076.301,5.91335,100,117.28687,128.852968,132.670432,1480.0,1605.714286,1920.0,0.0,37.857143,90.0,48.642857,1.357143,0.0,1.357143,7.785714,0.785714,0.0,0.214286,5,0.357143,1480.0,118.273171
50,4221,KMeans-init-NSGA2,v29_hpp_cost_front_boost_fast,REPORT,100.0,10,4364955972410.091,5.571911,100,102.519747,118.582324,135.518812,1360.0,1567.0,1980.0,0.0,31.0,80.0,47.3,2.4,0.3,2.7,7.0,1.0,0.3,0.0,4,0.4,1360.0,105.203743
50,4222,KMeans-init-NSGA2,v29_hpp_cost_front_boost_fast,REPORT,100.0,12,4292247360327.559,6.373062,100,117.28687,128.709475,136.265949,1370.0,1564.166667,1840.0,0.0,17.5,60.0,47.583333,2.166667,0.25,2.416667,7.666667,1.083333,0.25,0.0,8,0.666667,1370.0,118.355363
50,4223,KMeans-init-NSGA2,v29_hpp_cost_front_boost_fast,REPORT,100.0,27,4363015469131.7017,5.565568,100,102.347952,118.419728,135.503578,1390.0,1548.148148,1980.0,0.0,44.814815,80.0,48.740741,0.777778,0.481481,1.259259,7.037037,0.777778,0.407407,0.074074,10,0.37037,1390.0,102.635623
50,4224,KMeans-init-NSGA2,v29_hpp_cost_front_boost_fast,REPORT,100.0,17,4292569149887.282,6.781649,100,117.040295,124.471119,133.50886,1380.0,1661.764706,1920.0,0.0,48.235294,100.0,47.764706,1.941176,0.294118,2.235294,7.411765,0.941176,0.235294,0.0,5,0.294118,1420.0,118.643034
50,4225,KMeans-init-NSGA2,v29_hpp_cost_front_boost_fast,REPORT,100.0,6,4339290924609.7183,6.863976,100,105.478651,117.925249,131.88961,1480.0,1693.333333,2260.0,0.0,25.0,80.0,47.5,2.333333,0.166667,2.5,7.0,0.833333,0.166667,0.166667,4,0.666667,1480.0,117.065798
50,4226,KMeans-init-NSGA2,v29_hpp_cost_front_boost_fast,REPORT,100.0,10,4341873343530.2,5.913285,100,104.464323,118.900631,133.731513,1510.0,1765.0,2190.0,0.0,34.0,100.0,48.2,1.4,0.4,1.8,7.0,0.9,0.3,0.0,5,0.5,1570.0,118.101376
50,4227,KMeans-init-NSGA2,v29_hpp_cost_front_boost_fast,REPORT,100.0,8,4292064955814.164,5.870261,100,117.197267,124.362871,133.032883,1380.0,1478.75,1620.0,0.0,22.5,60.0,48.625,0.875,0.5,1.375,7.375,0.875,0.5,0.0,5,0.625,1380.0,117.279459
50,4228,KMeans-init-NSGA2,v29_hpp_cost_front_boost_fast,REPORT,100.0,14,4361281171946.172,6.535613,100,102.841103,121.70368,136.162953,1380.0,1583.571429,1980.0,0.0,42.857143,90.0,48.142857,1.785714,0.071429,1.857143,7.214286,1.142857,0.071429,0.0,5,0.357143,1470.0,104.07645
50,4229,KMeans-init-NSGA2,v29_hpp_cost_front_boost_fast,REPORT,100.0,14,4369734128457.685,6.244235,100,102.067692,116.717355,132.073044,1330.0,1501.428571,1710.0,0.0,48.571429,80.0,47.785714,1.714286,0.5,2.214286,6.857143,1.0,0.5,0.0,5,0.357143,1360.0,102.807418
50,4230,KMeans-init-NSGA2,v29_hpp_cost_front_boost_fast,REPORT,100.0,7,4273380573148.9473,6.734586,100,117.615637,122.148664,132.875911,1570.0,1638.571429,1920.0,0.0,22.857143,70.0,48.428571,1.571429,0.0,1.571429,7.285714,1.0,0.0,0.0,4,0.571429,1570.0,117.731513
50,4201,MOPSO,v29_hpp_cost_front_boost_fast,REPORT,100.0,18,4216964441936.002,4.951841,100,130.179718,137.293903,154.98535,1511.660354,1888.786942,2070.0,0.0,21.320593,100.0,20.333333,18.666667,11.0,29.666667,7.222222,3.0,5.944444,0.0,11,0.611111,1710.0,130.534847
50,4202,MOPSO,v29_hpp_cost_front_boost_fast,REPORT,100.0,36,4236148381602.776,4.159635,89,126.807717,149.748334,171.16706,1480.0,1690.480052,2130.0,0.0,39.547254,98.844401,16.222222,17.277778,16.5,33.777778,8.0,3.0,7.055556,0.0,11,0.305556,1580.0,130.234734
50,4203,MOPSO,v29_hpp_cost_front_boost_fast,REPORT,100.0,19,4198259273779.854,2.874382,57,133.263992,146.473142,169.521711,1550.0,1890.87255,2270.0,0.0,25.87336,82.638728,20.421053,17.526316,12.052632,29.578947,7.421053,3.0,6.263158,0.0,12,0.631579,1646.141594,134.775278
50,4204,MOPSO,v29_hpp_cost_front_boost_fast,REPORT,100.0,20,4239594806972.677,4.743692,100,128.745034,144.119867,163.342136,1333.738599,1490.691117,1917.47518,0.0,37.995021,95.910076,18.1,14.6,17.3,31.9,8.0,3.0,7.55,0.0,11,0.55,1420.0,129.591056
50,4205,MOPSO,v29_hpp_cost_front_boost_fast,REPORT,100.0,25,4298659526840.508,4.414113,100,115.83818,133.841087,167.698243,1364.029144,1638.343716,2280.0,0.0,15.594149,38.407994,15.08,17.84,17.08,34.92,7.2,3.0,6.48,0.0,14,0.56,1364.029144,128.525185
50,4206,MOPSO,v29_hpp_cost_front_boost_fast,REPORT,100.0,18,4192358001833.517,3.245862,68,135.752156,155.213266,170.61957,1477.117579,1837.919603,2340.0,0.0,27.213611,90.0,19.277778,16.833333,13.888889,30.722222,8.0,3.0,7.111111,0.0,8,0.444444,1477.117579,135.884394
50,4207,MOPSO,v29_hpp_cost_front_boost_fast,REPORT,100.0,15,4216285125550.191,3.613214,73,131.116082,142.904249,169.925113,1470.0,1815.199836,2140.0,0.0,28.039509,89.220371,19.933333,17.6,12.466667,30.066667,7.866667,3.0,6.0,0.0,7,0.466667,1570.0,132.625326
50,4208,MOPSO,v29_hpp_cost_front_boost_fast,REPORT,100.0,25,4212384064179.3154,3.384493,73,130.775427,145.571944,168.321189,1528.236663,1853.494563,2420.0,0.0,32.460379,95.203997,18.76,17.24,14.0,31.24,7.6,3.0,6.44,0.0,11,0.44,1528.236663,134.698523
50,4209,MOPSO,v29_hpp_cost_front_boost_fast,REPORT,100.0,21,4141885547664.075,2.486329,51,142.434994,151.702088,166.444246,1700.0,1923.036615,2190.0,0.0,20.295304,95.431993,21.333333,16.952381,11.714286,28.666667,7.809524,2.952381,6.428571,0.0,12,0.571429,1700.0,148.033539
50,4210,MOPSO,v29_hpp_cost_front_boost_fast,REPORT,100.0,10,4121869632743.999,1.978504,40,146.908784,149.894921,152.437798,1681.909599,1893.749062,2110.0,0.0,15.780301,53.901504,18.8,17.8,13.4,31.2,7.9,3.0,6.6,0.0,7,0.7,1681.909599,149.843344
50,4211,MOPSO,v29_hpp_cost_front_boost_fast,REPORT,100.0,18,4280377171120.1377,4.600819,91,116.00377,137.644807,169.251033,1570.0,1732.189232,2150.0,0.0,23.52265,90.0,18.555556,17.277778,14.166667,31.444444,7.777778,3.0,6.277778,0.0,9,0.5,1570.0,116.00377
50,4212,MOPSO,v29_hpp_cost_front_boost_fast,REPORT,100.0,22,4282716862515.1553,4.483086,97,118.845128,135.261806,168.526728,1379.323085,1874.511189,2120.0,0.0,57.134267,90.244889,17.545455,16.636364,15.818182,32.454545,7.363636,3.0,6.909091,0.0,4,0.181818,1379.323085,136.716002
50,4213,MOPSO,v29_hpp_cost_front_boost_fast,REPORT,100.0,27,4281434270694.856,4.552288,100,116.666329,146.32359,169.803292,1520.0,1751.869259,2079.45757,0.0,26.081689,100.0,18.555556,16.111111,15.333333,31.444444,7.62963,3.0,6.925926,0.0,16,0.592593,1520.0,132.29546
50,4214,MOPSO,v29_hpp_cost_front_boost_fast,REPORT,100.0,23,4201089231488.165,3.082423,64,131.732237,153.661159,173.866411,1610.0,1807.267625,2310.0,0.0,37.095561,91.964018,20.304348,16.304348,13.391304,29.695652,7.956522,3.0,6.347826,0.0,11,0.478261,1610.0,131.732237
50,4215,MOPSO,v29_hpp_cost_front_boost_fast,REPORT,100.0,19,4289619391418.01,4.807836,100,117.284558,131.867667,164.848295,1390.0,1678.527343,2043.849884,0.0,10.482626,80.0,16.368421,15.894737,17.736842,33.631579,7.842105,3.0,6.842105,0.0,10,0.526316,1590.0,117.284558
50,4216,MOPSO,v29_hpp_cost_front_boost_fast,REPORT,100.0,22,4237317356455.311,4.426606,100,129.83468,145.670345,168.167403,1295.605908,1587.93146,2120.0,0.0,33.511407,88.985327,16.454545,16.590909,16.954545,33.545455,8.0,3.0,7.5,0.0,6,0.272727,1472.691191,132.029467
50,4217,MOPSO,v29_hpp_cost_front_boost_fast,REPORT,100.0,23,4258450181092.838,2.773255,58,118.9012,143.662845,170.642503,1660.0,1884.335772,2290.0,0.0,34.262386,83.306338,17.652174,17.73913,14.608696,32.347826,7.782609,3.0,6.73913,0.0,10,0.434783,1690.0,134.760584
50,4218,MOPSO,v29_hpp_cost_front_boost_fast,REPORT,100.0,28,4193630561718.53,4.505578,100,133.391964,147.919903,171.203095,1600.562172,1867.532568,2310.0,0.0,26.682784,100.0,17.964286,16.714286,15.321429,32.035714,7.964286,3.0,7.035714,0.0,18,0.642857,1600.562172,141.339053
50,4219,MOPSO,v29_hpp_cost_front_boost_fast,REPORT,100.0,17,4178815884361.02,2.129298,45,136.62887,157.278267,173.866363,1590.0,1960.300068,2420.0,0.0,20.778187,80.0,19.647059,16.058824,14.294118,30.352941,8.0,3.0,7.0,0.0,12,0.705882,1590.0,136.79557
50,4220,MOPSO,v29_hpp_cost_front_boost_fast,REPORT,100.0,23,4318358328435.6895,4.264367,93,112.42299,137.285027,170.236183,1330.0,1752.2135,2040.0,0.0,28.216372,90.446578,17.695652,17.217391,15.086957,32.304348,7.347826,3.0,6.782609,0.0,11,0.478261,1502.023873,112.42299
50,4221,MOPSO,v29_hpp_cost_front_boost_fast,REPORT,100.0,40,4221108544230.327,4.516253,100,132.42636,152.295835,171.720044,1330.0,1732.98376,2130.0,0.0,22.448964,67.799015,17.5,16.7,15.8,32.5,7.9,3.0,6.85,0.0,23,0.575,1543.531599,134.732067
50,4222,MOPSO,v29_hpp_cost_front_boost_fast,REPORT,100.0,28,4214147961827.399,3.574285,78,131.241209,147.974979,171.99862,1490.0,1711.363945,2150.0,0.0,5.622339,70.488611,17.142857,16.107143,16.75,32.857143,7.5,3.0,6.428571,0.0,22,0.785714,1490.0,131.241209
50,4223,MOPSO,v29_hpp_cost_front_boost_fast,REPORT,100.0,35,4296678137086.181,4.432172,100,116.263799,138.41985,167.401575,1367.944033,1691.668022,2119.366637,0.0,25.561632,94.007576,18.314286,16.428571,15.257143,31.685714,7.857143,3.0,6.2,0.0,21,0.6,1367.944033,128.268193
50,4224,MOPSO,v29_hpp_cost_front_boost_fast,REPORT,100.0,23,4301586652327.679,4.443648,100,113.268058,142.129295,168.000408,1480.0,1664.14564,2120.0,0.0,19.305717,65.04124,18.869565,17.347826,13.782609,31.130435,7.782609,3.0,7.0,0.0,14,0.608696,1480.0,115.799901
50,4225,MOPSO,v29_hpp_cost_front_boost_fast,REPORT,100.0,24,4204799444202.368,4.446987,100,131.409069,154.354801,172.839806,1580.0,1822.733567,2072.789625,0.0,33.896414,91.488692,19.125,17.333333,13.541667,30.875,7.875,3.0,6.5,0.0,9,0.375,1730.0,131.879048
50,4226,MOPSO,v29_hpp_cost_front_boost_fast,REPORT,100.0,16,4281413411485.4746,4.630904,100,117.312647,142.701191,164.837139,1480.962213,1749.22155,2080.0,0.0,22.222844,67.799015,19.125,16.875,14.0,30.875,7.625,3.0,6.6875,0.0,10,0.625,1480.962213,132.66958
50,4227,MOPSO,v29_hpp_cost_front_boost_fast,REPORT,100.0,15,4193266210563.239,2.81048,62,134.372573,148.577663,170.369765,1550.0,1840.428752,2070.0,0.0,34.63063,94.360833,19.0,18.333333,12.666667,31.0,7.933333,3.0,6.466667,0.0,5,0.333333,1650.0,148.86371
50,4228,MOPSO,v29_hpp_cost_front_boost_fast,REPORT,100.0,23,4206239010817.682,3.232732,72,131.849689,147.986123,171.684813,1540.0,1814.385979,2130.0,0.0,19.268815,90.831892,18.086957,16.130435,15.782609,31.913043,7.913043,3.0,7.0,0.0,15,0.652174,1620.0,134.210679
50,4229,MOPSO,v29_hpp_cost_front_boost_fast,REPORT,100.0,24,4303055910638.278,4.503314,100,114.788498,138.830499,169.345238,1380.0,1623.702761,2018.97738,0.0,14.302706,90.831892,18.25,16.75,15.0,31.75,7.708333,3.0,6.791667,0.0,19,0.791667,1380.0,114.836786
50,4230,MOPSO,v29_hpp_cost_front_boost_fast,REPORT,100.0,21,4206371343972.922,3.516532,76,131.273812,148.233901,168.797011,1580.0,1872.995286,2360.0,0.0,30.351523,91.779711,18.952381,16.809524,14.238095,31.047619,7.666667,3.0,7.047619,0.0,5,0.238095,1600.0,148.125422
50,4201,Trad-NSGA2,v29_hpp_cost_front_boost_fast,REPORT,100.0,17,4412168702854.067,5.572505,100,94.207834,118.384848,146.138598,1284.028347,1390.166284,1484.730029,0.0,33.44297,78.592379,16.529412,16.941176,16.529412,33.470588,6.705882,3.0,6.294118,0.0,5,0.294118,1284.028347,94.415119
50,4202,Trad-NSGA2,v29_hpp_cost_front_boost_fast,REPORT,100.0,18,4339785423720.386,5.991221,100,111.406158,134.046823,164.051275,1150.0,1395.5681,1750.0,0.0,16.260511,59.056942,18.888889,15.277778,15.833333,31.111111,6.666667,3.0,6.0,0.0,6,0.333333,1170.0,111.841876
50,4203,Trad-NSGA2,v29_hpp_cost_front_boost_fast,REPORT,100.0,19,4409805429670.841,5.69405,100,96.29909,129.126427,170.151794,1182.395434,1478.33064,2150.0,0.0,34.679932,80.0,15.263158,16.368421,18.368421,34.736842,7.210526,3.0,6.578947,0.0,6,0.315789,1220.0,109.301985
50,4204,Trad-NSGA2,v29_hpp_cost_front_boost_fast,REPORT,100.0,12,4405449342585.114,5.901621,100,96.190845,120.134496,149.424325,1240.0,1626.499508,2260.0,0.0,23.777274,95.203997,16.166667,16.083333,17.75,33.833333,7.0,3.0,6.333333,0.0,5,0.416667,1320.0,99.364161
50,4205,Trad-NSGA2,v29_hpp_cost_front_boost_fast,REPORT,100.0,26,4488404688828.359,5.649307,100,78.257937,103.851974,132.365359,1290.0,1598.56109,2033.126881,0.0,21.265785,65.956037,13.538462,18.038462,18.423077,36.461538,6.5,3.0,6.307692,0.0,13,0.5,1290.0,92.442671
50,4206,Trad-NSGA2,v29_hpp_cost_front_boost_fast,REPORT,100.0,11,4392994391738.618,5.766803,100,96.238189,102.718695,114.558495,1390.0,1545.722144,1653.655346,0.0,35.908721,79.254361,16.727273,17.363636,15.909091,33.272727,7.545455,3.0,7.181818,0.0,4,0.363636,1390.0,96.539563
50,4207,Trad-NSGA2,v29_hpp_cost_front_boost_fast,REPORT,100.0,14,4413247835032.361,5.754431,100,94.035368,116.630236,132.400268,1270.0,1551.984397,1960.505651,0.0,14.984926,54.894483,14.285714,18.071429,17.642857,35.714286,6.928571,3.0,6.357143,0.0,8,0.571429,1270.0,108.541725
50,4208,Trad-NSGA2,v29_hpp_cost_front_boost_fast,REPORT,100.0,14,4420909876675.38,5.71374,100,93.438018,121.199981,168.509051,1213.431453,1514.719427,1826.607256,0.0,28.825681,91.846584,16.428571,19.5,14.071429,33.571429,7.714286,3.0,6.285714,0.0,8,0.571429,1335.521284,93.438018
50,4209,Trad-NSGA2,v29_hpp_cost_front_boost_fast,REPORT,100.0,15,4398973697676.814,6.276918,100,95.748392,116.342235,164.419231,1341.443372,1652.451709,2060.0,0.0,7.093487,48.20115,18.4,15.533333,16.066667,31.6,6.0,3.0,5.333333,0.0,12,0.8,1341.443372,96.117852
50,4210,Trad-NSGA2,v29_hpp_cost_front_boost_fast,REPORT,100.0,11,4423052003321.839,5.844873,100,92.509269,120.936723,146.120765,1240.0,1536.526602,2220.0,0.0,9.449225,80.0,20.272727,16.363636,13.363636,29.727273,6.909091,3.0,6.0,0.0,8,0.727273,1240.0,111.604611
50,4211,Trad-NSGA2,v29_hpp_cost_front_boost_fast,REPORT,100.0,24,4505097871778.396,5.482854,100,75.121543,124.538588,165.816752,1258.044155,1547.935271,2020.0,0.0,29.421285,90.412018,19.25,18.125,12.625,30.75,6.875,3.0,5.5,0.0,9,0.375,1283.303804,75.121543
50,4212,Trad-NSGA2,v29_hpp_cost_front_boost_fast,REPORT,100.0,14,4409400321591.03,5.778406,100,94.589467,127.668698,168.430309,1270.0,1650.39093,2100.0,0.0,21.370263,70.0,17.357143,17.928571,14.714286,32.642857,6.928571,3.0,5.714286,0.0,7,0.5,1270.0,111.725656
50,4213,Trad-NSGA2,v29_hpp_cost_front_boost_fast,REPORT,100.0,20,4420000373347.629,5.881138,100,94.963085,129.706491,168.53368,1137.402821,1445.936882,1883.168793,0.0,15.17555,67.170825,16.25,15.2,18.55,33.75,7.7,3.0,7.25,0.0,12,0.6,1137.402821,94.963085
50,4214,Trad-NSGA2,v29_hpp_cost_front_boost_fast,REPORT,100.0,7,4427410127666.753,6.208181,100,93.573002,115.407072,128.933042,1140.0,1416.120068,1840.0,0.0,6.61154,46.28078,18.857143,13.428571,17.714286,31.142857,6.571429,3.0,5.714286,0.0,6,0.857143,1140.0,93.573002
50,4215,Trad-NSGA2,v29_hpp_cost_front_boost_fast,REPORT,100.0,19,4405531659523.905,5.75143,100,95.502736,135.38803,160.111118,1280.0,1444.661116,1807.201908,0.0,25.466549,94.007576,19.526316,14.842105,15.631579,30.473684,7.421053,3.0,6.052632,0.0,9,0.473684,1280.0,112.485591
50,4216,Trad-NSGA2,v29_hpp_cost_front_boost_fast,REPORT,100.0,12,4501687656941.253,5.514032,100,76.413563,96.71002,146.046288,1240.0,1664.742931,1930.0,0.0,18.279602,83.515493,17.083333,19.5,13.416667,32.916667,5.75,3.0,4.916667,0.0,8,0.666667,1330.0,76.413563
50,4217,Trad-NSGA2,v29_hpp_cost_front_boost_fast,REPORT,100.0,14,4410947591013.41,5.764224,100,93.918231,121.981296,149.256479,1300.0,1614.82794,1989.958635,0.0,15.779826,91.846584,16.357143,17.285714,16.357143,33.642857,7.714286,3.0,7.071429,0.0,7,0.5,1383.403673,93.918231
50,4218,Trad-NSGA2,v29_hpp_cost_front_boost_fast,REPORT,100.0,24,4409400099057.359,6.07162,100,94.75429,124.653897,166.661636,1270.0,1568.255891,2035.841768,0.0,29.465542,90.073514,15.125,18.291667,16.583333,34.875,7.125,3.0,6.541667,0.0,11,0.458333,1270.0,113.044468
50,4219,Trad-NSGA2,v29_hpp_cost_front_boost_fast,REPORT,100.0,19,4406803194673.543,5.778168,100,94.650389,118.900525,147.281275,1313.752266,1533.801529,1831.96347,0.0,27.268909,100.0,17.157895,16.842105,16.0,32.842105,7.157895,3.0,6.421053,0.0,9,0.473684,1313.752266,96.513153
50,4220,Trad-NSGA2,v29_hpp_cost_front_boost_fast,REPORT,100.0,14,4412895238239.823,6.138532,100,95.148741,122.14176,159.047245,1220.0,1413.377478,1700.0,0.0,8.903373,56.411404,19.428571,14.0,16.571429,30.571429,7.642857,3.0,6.428571,0.0,9,0.642857,1220.0,110.071465
50,4221,Trad-NSGA2,v29_hpp_cost_front_boost_fast,REPORT,100.0,14,4329286272351.1294,5.9093,100,111.654592,129.87204,150.530028,1258.661832,1480.181756,1901.853294,0.0,14.313704,90.792473,16.642857,15.857143,17.5,33.357143,7.571429,3.0,7.214286,0.0,6,0.428571,1330.0,113.393198
50,4222,Trad-NSGA2,v29_hpp_cost_front_boost_fast,REPORT,100.0,26,4402916533077.299,5.870111,100,96.610549,120.610514,146.965884,1240.0,1536.582076,2320.0,0.0,27.684641,89.563558,17.038462,15.961538,17.0,32.961538,7.269231,3.0,6.692308,0.0,14,0.538462,1240.0,110.022832
50,4223,Trad-NSGA2,v29_hpp_cost_front_boost_fast,REPORT,100.0,11,4403612333007.661,5.864947,100,96.981297,126.305937,164.141701,1223.200394,1368.790272,1846.678016,0.0,31.600243,57.34747,19.636364,14.727273,15.636364,30.363636,7.818182,3.0,6.454545,0.0,3,0.272727,1237.118416,96.981297
50,4224,Trad-NSGA2,v29_hpp_cost_front_boost_fast,REPORT,100.0,19,4494414103730.725,5.960931,100,78.683036,114.661252,166.637119,1180.0,1635.045273,2010.0,0.0,32.679307,84.491795,17.894737,18.0,14.105263,32.105263,6.421053,3.0,5.736842,0.0,9,0.473684,1180.0,79.231729
50,4225,Trad-NSGA2,v29_hpp_cost_front_boost_fast,REPORT,100.0,15,4477047872294.536,5.8157,100,77.796104,116.045719,147.738807,1437.416646,1681.652296,2270.0,0.0,38.853823,98.844401,19.333333,17.666667,13.0,30.666667,7.333333,3.0,6.133333,0.0,6,0.4,1490.0,93.378127
50,4226,Trad-NSGA2,v29_hpp_cost_front_boost_fast,REPORT,100.0,20,4394588247241.3945,5.730573,100,96.994239,123.726012,144.606129,1320.0,1524.187257,2150.0,0.0,27.30832,81.394103,19.15,17.2,13.65,30.85,6.9,3.0,5.45,0.0,7,0.35,1320.0,100.642527
50,4227,Trad-NSGA2,v29_hpp_cost_front_boost_fast,REPORT,100.0,18,4500945837109.663,5.708716,100,78.57992,119.308324,148.134241,1130.0,1363.993571,1620.0,0.0,18.567535,91.719716,17.888889,14.222222,17.888889,32.111111,6.944444,3.0,6.5,0.0,9,0.5,1130.0,78.57992
50,4228,Trad-NSGA2,v29_hpp_cost_front_boost_fast,REPORT,100.0,33,4413645774987.747,5.80847,100,96.187657,119.787725,164.897949,1146.862689,1554.539289,2075.318057,0.0,19.262352,84.994637,16.848485,16.575758,16.575758,33.151515,6.969697,3.0,6.151515,0.0,16,0.484848,1146.862689,96.831677
50,4229,Trad-NSGA2,v29_hpp_cost_front_boost_fast,REPORT,100.0,13,4331776303205.0015,5.546788,100,108.086637,121.517758,147.658557,1424.502946,1669.384288,1875.230283,0.0,17.047479,80.0,16.307692,19.076923,14.615385,33.692308,6.384615,3.0,4.615385,0.0,8,0.615385,1425.821515,108.181391
50,4230,Trad-NSGA2,v29_hpp_cost_front_boost_fast,REPORT,100.0,18,4489639756470.878,5.847695,100,78.485076,123.182012,149.525731,1250.0,1542.783449,1864.771401,0.0,24.65717,70.0,17.0,15.388889,17.611111,33.0,7.111111,3.0,6.777778,0.0,9,0.5,1328.027683,78.485076
100,4201,HPP-init-NSGA2,v29_hpp_cost_front_boost_fast,REPORT,100.0,7,3852916071761.459,22.685986,100,203.870081,215.518859,235.47879,1600.0,1764.285714,1900.0,0.0,14.285714,90.0,93.857143,5.571429,0.571429,6.142857,12.714286,1.428571,0.571429,0.142857,5,0.714286,1600.0,203.870081
100,4202,HPP-init-NSGA2,v29_hpp_cost_front_boost_fast,REPORT,100.0,9,3856780787815.3,22.366528,100,203.604282,212.026014,221.809313,1570.0,1680.0,1770.0,0.0,35.555556,90.0,91.111111,4.888889,4.0,8.888889,12.0,1.444444,2.888889,0.0,3,0.333333,1580.0,210.150824
100,4203,HPP-init-NSGA2,v29_hpp_cost_front_boost_fast,REPORT,100.0,14,3871651072346.938,21.574752,100,200.814506,215.75439,232.20841,1550.0,1717.285012,1900.0,0.0,44.808517,99.176577,92.571429,5.0,2.428571,7.428571,12.571429,1.428571,1.785714,0.0,5,0.357143,1550.0,203.766931
100,4204,HPP-init-NSGA2,v29_hpp_cost_front_boost_fast,REPORT,100.0,20,3872112336125.407,19.036674,100,200.61808,207.863559,228.701135,1560.0,1634.0,1770.0,0.0,44.0,90.0,93.75,4.25,2.0,6.25,12.15,1.75,0.9,0.0,8,0.4,1560.0,203.283026
100,4205,HPP-init-NSGA2,v29_hpp_cost_front_boost_fast,REPORT,100.0,13,3935589688048.921,21.552509,100,187.127138,202.643461,227.222636,1580.0,1749.230769,2230.0,0.0,33.846154,100.0,94.153846,3.538462,2.307692,5.846154,11.692308,1.076923,1.461538,0.0,5,0.384615,1580.0,203.168234
100,4206,HPP-init-NSGA2,v29_hpp_cost_front_boost_fast,REPORT,100.0,11,3926242712290.594,19.495718,100,188.043018,209.343222,240.41915,1640.0,1708.181818,1930.0,0.0,27.272727,90.0,94.909091,2.181818,2.909091,5.090909,12.090909,1.545455,1.727273,0.0,6,0.545455,1640.0,188.043018
100,4207,HPP-init-NSGA2,v29_hpp_cost_front_boost_fast,REPORT,100.0,15,3926656592854.7217,19.734919,100,187.931445,207.6534,242.071817,1640.0,1785.333333,1980.0,0.0,32.666667,90.0,94.533333,3.0,2.466667,5.466667,12.066667,1.333333,1.0,0.0,8,0.533333,1640.0,190.586518
100,4208,HPP-init-NSGA2,v29_hpp_cost_front_boost_fast,REPORT,100.0,13,3918389730341.504,19.454782,100,189.407494,218.660913,253.662402,1650.0,1784.615385,1920.0,0.0,30.769231,90.0,95.076923,2.538462,2.384615,4.923077,12.769231,1.230769,1.461538,0.0,7,0.538462,1650.0,189.573011
100,4209,HPP-init-NSGA2,v29_hpp_cost_front_boost_fast,REPORT,100.0,11,3930547243897.135,20.301385,100,187.312923,198.562163,233.17318,1630.0,1835.454545,2100.0,0.0,26.945113,70.0,91.545455,4.363636,4.090909,8.454545,11.181818,1.090909,2.545455,0.0,4,0.363636,1630.0,194.134339
100,4210,HPP-init-NSGA2,v29_hpp_cost_front_boost_fast,REPORT,100.0,15,3867025557342.185,20.53937,100,201.483317,208.564669,224.937528,1570.0,1699.333333,1900.0,0.0,36.0,100.0,95.333333,3.733333,0.933333,4.666667,12.2,1.066667,0.933333,0.0,5,0.333333,1570.0,202.255308
100,4211,HPP-init-NSGA2,v29_hpp_cost_front_boost_fast,REPORT,100.0,5,3864124772494.1465,19.7438,100,200.30137,202.48882,204.12616,1680.0,1736.0,1780.0,0.0,36.0,90.0,95.6,1.6,2.8,4.4,12.0,0.4,1.2,0.0,3,0.6,1680.0,203.589041
100,4212,HPP-init-NSGA2,v29_hpp_cost_front_boost_fast,REPORT,100.0,18,3936810746437.407,19.901165,100,186.759898,207.707363,257.28134,1580.0,1780.555556,1930.0,0.0,23.888889,90.0,94.0,3.944444,2.055556,6.0,12.111111,1.333333,1.666667,0.0,9,0.5,1580.0,189.88745
100,4213,HPP-init-NSGA2,v29_hpp_cost_front_boost_fast,REPORT,100.0,30,3939997133221.46,17.113999,100,186.538112,202.64998,240.724985,1560.0,1692.666667,1890.0,0.0,28.0,100.0,91.9,6.633333,1.466667,8.1,11.733333,1.733333,1.433333,0.0,10,0.333333,1560.0,189.83764
100,4214,HPP-init-NSGA2,v29_hpp_cost_front_boost_fast,REPORT,100.0,22,3917893932445.6143,17.739115,100,190.700909,207.369579,241.631232,1580.0,1772.272727,1900.0,0.0,36.363636,100.0,95.227273,3.681818,1.090909,4.772727,12.090909,1.272727,0.954545,0.090909,9,0.409091,1580.0,191.240785
100,4215,HPP-init-NSGA2,v29_hpp_cost_front_boost_fast,REPORT,100.0,9,3916883307263.52,19.751898,100,189.875529,206.37927,221.642976,1640.0,1864.444444,2140.0,0.0,58.888889,100.0,96.333333,2.666667,1.0,3.666667,12.111111,1.111111,0.666667,0.0,2,0.222222,1640.0,203.09062
100,4216,HPP-init-NSGA2,v29_hpp_cost_front_boost_fast,REPORT,100.0,13,3860074000635.952,20.021261,100,201.722435,217.082244,225.154665,1640.0,1780.769231,1900.0,0.0,53.076923,100.0,94.692308,2.769231,2.538462,5.307692,12.692308,1.230769,1.615385,0.0,3,0.230769,1640.0,201.923241
100,4217,HPP-init-NSGA2,v29_hpp_cost_front_boost_fast,REPORT,100.0,21,3917519218519.22,18.570715,100,191.202461,221.474643,254.507156,1550.0,1731.428571,1980.0,0.0,48.095238,100.0,94.190476,3.52381,2.285714,5.809524,12.857143,1.52381,1.666667,0.0,6,0.285714,1550.0,207.383767
100,4218,HPP-init-NSGA2,v29_hpp_cost_front_boost_fast,REPORT,100.0,17,3874863792534.625,19.364859,100,200.228952,230.114704,268.430016,1540.0,1693.529412,1900.0,0.0,25.440269,90.0,92.058824,3.941176,4.0,7.941176,13.235294,1.411765,2.647059,0.0,7,0.411765,1540.0,204.397898
100,4219,HPP-init-NSGA2,v29_hpp_cost_front_boost_fast,REPORT,100.0,19,3951594320976.589,19.598752,100,183.684932,219.168892,240.907038,1580.0,1739.473684,1900.0,0.0,46.315789,100.0,95.105263,3.052632,1.842105,4.894737,12.842105,1.210526,1.578947,0.157895,6,0.315789,1640.0,213.30137
100,4220,HPP-init-NSGA2,v29_hpp_cost_front_boost_fast,REPORT,100.0,4,3863989874374.987,19.137915,100,200.974751,209.853876,229.989325,1640.0,1690.0,1770.0,0.0,15.0,60.0,95.5,3.0,1.5,4.5,12.25,1.25,1.25,0.0,3,0.75,1640.0,201.221326
100,4221,HPP-init-NSGA2,v29_hpp_cost_front_boost_fast,REPORT,100.0,11,3943641129527.2993,18.46094,100,186.011043,190.700743,200.617008,1550.0,1644.545455,1770.0,0.0,63.636364,100.0,93.090909,3.909091,3.0,6.909091,11.272727,0.909091,1.545455,0.0,3,0.272727,1600.0,186.703343
100,4222,HPP-init-NSGA2,v29_hpp_cost_front_boost_fast,REPORT,100.0,15,3848055752740.1074,18.785285,100,205.365079,222.220025,238.397625,1570.0,1649.333333,1880.0,0.0,48.666667,100.0,93.933333,3.0,3.066667,6.066667,13.133333,0.866667,1.4,0.133333,5,0.333333,1570.0,215.189458
100,4223,HPP-init-NSGA2,v29_hpp_cost_front_boost_fast,REPORT,100.0,16,3868895833550.796,19.065578,100,201.372308,212.781739,241.264384,1550.0,1731.875,1900.0,0.0,28.125,90.0,93.875,4.5,1.625,6.125,12.4375,1.125,1.1875,0.0,6,0.375,1550.0,205.180528
100,4224,HPP-init-NSGA2,v29_hpp_cost_front_boost_fast,REPORT,100.0,8,3861309566336.208,19.627773,100,201.519587,206.228367,219.16678,1640.0,1808.75,2210.0,0.0,11.25,30.0,96.0,3.5,0.5,4.0,12.125,1.5,0.5,0.0,4,0.5,1640.0,204.069928
100,4225,HPP-init-NSGA2,v29_hpp_cost_front_boost_fast,REPORT,100.0,9,3837847135150.708,19.172035,100,206.359062,214.114669,220.474157,1640.0,1742.222222,1950.0,0.0,26.666667,90.0,92.777778,3.333333,3.888889,7.222222,12.111111,1.888889,2.666667,0.0,6,0.666667,1640.0,206.359062
100,4226,HPP-init-NSGA2,v29_hpp_cost_front_boost_fast,REPORT,100.0,21,3931139295690.248,18.263778,100,187.068134,206.429972,234.561245,1640.0,1729.047619,2240.0,0.0,35.238095,100.0,92.619048,6.285714,1.095238,7.380952,12.0,1.47619,0.857143,0.0,6,0.285714,1640.0,203.357995
100,4227,HPP-init-NSGA2,v29_hpp_cost_front_boost_fast,REPORT,100.0,16,3852172947972.797,19.232838,100,204.675202,227.004783,264.42389,1560.0,1668.75,1900.0,0.0,38.125,90.0,94.8125,3.375,1.8125,5.1875,13.1875,1.6875,1.625,0.0,6,0.375,1560.0,206.173507
100,4228,HPP-init-NSGA2,v29_hpp_cost_front_boost_fast,REPORT,100.0,22,3932616267198.92,19.539308,100,187.703903,203.495962,222.644197,1580.0,1730.0,1910.0,0.0,27.272727,90.0,91.818182,4.136364,4.045455,8.181818,11.5,1.681818,2.727273,0.0,13,0.590909,1580.0,194.107999
100,4229,HPP-init-NSGA2,v29_hpp_cost_front_boost_fast,REPORT,100.0,20,3944702438078.18,17.856991,100,185.257852,197.178476,250.449072,1580.0,1709.0,1780.0,0.0,25.5,90.0,93.3,5.7,1.0,6.7,11.7,1.9,1.0,0.0,4,0.2,1640.0,196.772226
100,4230,HPP-init-NSGA2,v29_hpp_cost_front_boost_fast,REPORT,100.0,12,3862098634187.888,19.448805,100,202.685519,215.149266,245.496659,1550.0,1824.166667,1930.0,0.0,32.5,60.0,94.333333,4.083333,1.583333,5.666667,12.75,1.333333,1.0,0.083333,4,0.333333,1550.0,215.252913
100,4201,KMeans-init-NSGA2,v29_hpp_cost_front_boost_fast,REPORT,100.0,5,3738360446804.109,15.302345,100,226.917808,237.536986,245.465753,1640.0,1726.0,1770.0,0.0,30.0,90.0,100.0,0.0,0.0,0.0,14.6,0.0,0.0,1.0,2,0.4,1680.0,242.876712
100,4202,KMeans-init-NSGA2,v29_hpp_cost_front_boost_fast,REPORT,100.0,13,3739870502204.843,12.394277,100,226.630137,237.997571,246.88158,1640.0,1698.461538,1820.0,0.0,50.0,90.0,99.692308,0.230769,0.076923,0.307692,14.615385,0.230769,0.076923,0.692308,4,0.307692,1640.0,226.917808
100,4203,KMeans-init-NSGA2,v29_hpp_cost_front_boost_fast,REPORT,100.0,19,3870168369944.7954,11.143074,100,199.767123,231.784345,248.964532,1630.0,1717.368421,2020.0,0.0,42.631579,100.0,98.736842,0.684211,0.578947,1.263158,14.0,0.578947,0.578947,0.105263,7,0.368421,1630.0,228.972603
100,4204,KMeans-init-NSGA2,v29_hpp_cost_front_boost_fast,REPORT,100.0,14,3803949526126.206,12.640589,100,213.219178,229.656851,248.459466,1650.0,1687.142857,1820.0,0.0,44.285714,100.0,99.428571,0.5,0.071429,0.571429,13.928571,0.428571,0.071429,0.5,3,0.214286,1660.0,227.616438
100,4205,KMeans-init-NSGA2,v29_hpp_cost_front_boost_fast,REPORT,100.0,14,3861947240781.303,11.82352,100,201.240288,225.893759,249.025978,1640.0,1768.571429,2240.0,0.0,35.0,100.0,98.428571,1.571429,0.0,1.571429,13.5,1.357143,0.0,0.142857,5,0.357143,1640.0,219.380043
100,4206,KMeans-init-NSGA2,v29_hpp_cost_front_boost_fast,REPORT,100.0,5,3807044186697.261,10.298548,100,212.438356,219.764384,228.767123,1660.0,1720.0,1810.0,0.0,38.0,90.0,99.8,0.0,0.2,0.2,13.6,0.0,0.2,0.8,2,0.4,1660.0,228.479452
100,4207,KMeans-init-NSGA2,v29_hpp_cost_front_boost_fast,REPORT,100.0,17,3852789722963.987,11.144654,100,203.074378,231.319612,248.342466,1650.0,1720.588235,1910.0,0.0,41.176471,90.0,98.705882,0.882353,0.411765,1.294118,13.941176,0.705882,0.411765,0.058824,7,0.411765,1650.0,231.972603
100,4208,KMeans-init-NSGA2,v29_hpp_cost_front_boost_fast,REPORT,100.0,11,3802480480018.32,12.645874,100,213.30137,237.993014,250.88443,1660.0,1726.363636,1920.0,0.0,40.909091,100.0,99.181818,0.454545,0.363636,0.818182,14.454545,0.363636,0.363636,0.363636,4,0.363636,1660.0,228.479452
100,4209,KMeans-init-NSGA2,v29_hpp_cost_front_boost_fast,REPORT,100.0,28,3840865509225.534,8.287856,100,205.87666,229.131621,247.539565,1630.0,1684.642857,1900.0,0.0,49.642857,100.0,98.892857,0.857143,0.25,1.107143,13.857143,0.607143,0.25,0.321429,6,0.214286,1630.0,231.292539
100,4210,KMeans-init-NSGA2,v29_hpp_cost_front_boost_fast,REPORT,100.0,6,3852430158453.917,11.747969,100,204.838386,227.73144,247.865783,1550.0,1628.333333,1770.0,0.0,23.333333,80.0,97.5,1.333333,1.166667,2.5,13.666667,1.0,0.666667,0.0,4,0.666667,1550.0,230.318918
100,4211,KMeans-init-NSGA2,v29_hpp_cost_front_boost_fast,REPORT,100.0,10,3737115082088.731,12.882465,100,227.041096,239.624423,250.908977,1650.0,1706.0,1770.0,0.0,51.0,100.0,98.6,0.8,0.6,1.4,14.5,0.6,0.6,0.2,3,0.3,1710.0,230.331536
100,4212,KMeans-init-NSGA2,v29_hpp_cost_front_boost_fast,REPORT,100.0,8,3786230659402.502,13.257803,100,216.515176,228.624919,234.802848,1670.0,1761.25,1920.0,0.0,31.25,100.0,98.5,1.0,0.5,1.5,13.75,0.875,0.5,0.125,3,0.375,1670.0,233.388429
100,4213,KMeans-init-NSGA2,v29_hpp_cost_front_boost_fast,REPORT,100.0,6,3796030199128.767,11.08295,100,214.534247,226.892694,231.054795,1670.0,1723.333333,1770.0,0.0,41.666667,90.0,99.833333,0.0,0.166667,0.166667,13.833333,0.0,0.166667,0.833333,2,0.333333,1670.0,230.287671
100,4214,KMeans-init-NSGA2,v29_hpp_cost_front_boost_fast,REPORT,100.0,10,3803185393887.018,9.500427,100,213.383562,223.382212,247.045964,1650.0,1706.0,1840.0,0.0,54.0,90.0,98.1,0.9,1.0,1.9,13.4,0.7,0.7,0.2,3,0.3,1660.0,218.747137
100,4215,KMeans-init-NSGA2,v29_hpp_cost_front_boost_fast,REPORT,100.0,7,3790303430170.3193,11.461349,100,215.894675,231.324115,244.356164,1660.0,1702.857143,1930.0,0.0,37.142857,100.0,99.714286,0.285714,0.0,0.285714,14.142857,0.285714,0.0,0.714286,2,0.285714,1660.0,231.360429
100,4216,KMeans-init-NSGA2,v29_hpp_cost_front_boost_fast,REPORT,100.0,19,3784514880239.93,11.723488,100,216.813789,236.644508,247.004868,1670.0,1797.368421,1900.0,0.0,46.842105,100.0,98.842105,1.105263,0.052632,1.157895,14.368421,0.736842,0.052632,0.368421,4,0.210526,1670.0,232.772693
100,4217,KMeans-init-NSGA2,v29_hpp_cost_front_boost_fast,REPORT,100.0,19,3812359479858.568,8.082213,100,212.315068,216.43996,222.608581,1600.0,1674.210526,1770.0,0.0,38.205353,100.0,98.842105,0.210526,0.947368,1.157895,13.0,0.210526,0.947368,0.263158,6,0.315789,1600.0,212.643836
100,4218,KMeans-init-NSGA2,v29_hpp_cost_front_boost_fast,REPORT,100.0,2,3730555681904.11,10.323022,100,226.506849,226.815068,227.123288,1770.0,1770.0,1770.0,0.0,30.0,60.0,100.0,0.0,0.0,0.0,14.0,0.0,0.0,1.0,1,0.5,1770.0,227.123288
100,4219,KMeans-init-NSGA2,v29_hpp_cost_front_boost_fast,REPORT,100.0,8,3806862521400.738,10.085574,100,212.438356,228.545525,235.681197,1660.0,1691.25,1770.0,0.0,48.75,90.0,98.625,1.375,0.0,1.375,13.75,1.125,0.0,0.25,3,0.375,1660.0,215.728797
100,4220,KMeans-init-NSGA2,v29_hpp_cost_front_boost_fast,REPORT,100.0,8,3729052072072.09,11.611989,100,228.561644,237.134904,249.25084,1660.0,1785.0,1910.0,0.0,22.5,90.0,99.25,0.5,0.25,0.75,14.375,0.5,0.25,0.375,4,0.5,1660.0,232.287671
100,4221,KMeans-init-NSGA2,v29_hpp_cost_front_boost_fast,REPORT,100.0,16,3805969861713.684,8.861676,100,213.136986,223.55016,247.169251,1630.0,1684.375,1780.0,0.0,46.25,100.0,99.1875,0.0625,0.75,0.8125,13.4375,0.0625,0.75,0.1875,5,0.3125,1640.0,216.205479
100,4222,KMeans-init-NSGA2,v29_hpp_cost_front_boost_fast,REPORT,100.0,20,3773138174439.8447,12.359343,100,219.223481,242.843179,250.858372,1670.0,1782.0,2280.0,0.0,46.639385,100.0,98.85,0.95,0.2,1.15,14.75,0.65,0.15,0.45,3,0.15,1690.0,243.493151
100,4223,KMeans-init-NSGA2,v29_hpp_cost_front_boost_fast,REPORT,100.0,6,3798782429602.7607,10.365563,100,214.123288,225.273803,243.534247,1660.0,1720.0,1830.0,0.0,33.333333,100.0,99.5,0.0,0.5,0.5,13.833333,0.0,0.5,0.666667,3,0.5,1660.0,214.123288
100,4224,KMeans-init-NSGA2,v29_hpp_cost_front_boost_fast,REPORT,100.0,18,3798237088779.735,9.777961,100,215.990788,232.386689,250.898622,1550.0,1670.0,1770.0,0.0,43.888889,90.0,98.166667,0.833333,1.0,1.833333,13.944444,0.666667,0.777778,0.055556,6,0.333333,1550.0,219.142234
100,4225,KMeans-init-NSGA2,v29_hpp_cost_front_boost_fast,REPORT,100.0,11,3791744156438.4346,8.884241,100,216.235672,232.027131,250.802184,1620.0,1698.181818,1960.0,0.0,20.909091,60.0,98.454545,0.181818,1.363636,1.545455,13.909091,0.181818,1.363636,0.090909,7,0.636364,1620.0,221.267937
100,4226,KMeans-init-NSGA2,v29_hpp_cost_front_boost_fast,REPORT,100.0,6,3872409784724.7993,9.523185,100,198.575342,219.172743,245.342466,1670.0,1783.333333,2280.0,0.0,20.0,60.0,99.666667,0.333333,0.0,0.333333,13.333333,0.166667,0.0,0.833333,3,0.5,1670.0,213.054795
100,4227,KMeans-init-NSGA2,v29_hpp_cost_front_boost_fast,REPORT,100.0,14,3783132824126.571,11.672062,100,215.547945,234.688953,249.224046,1770.0,1854.285714,1930.0,0.0,30.714286,100.0,98.5,0.714286,0.785714,1.5,14.142857,0.571429,0.642857,0.142857,6,0.428571,1770.0,234.589041
100,4228,KMeans-init-NSGA2,v29_hpp_cost_front_boost_fast,REPORT,100.0,19,3806430141712.684,9.332333,100,212.561644,229.293844,247.374731,1660.0,1697.894737,1780.0,0.0,26.842105,100.0,98.789474,1.210526,0.0,1.210526,13.894737,0.842105,0.0,0.157895,7,0.368421,1660.0,229.178082
100,4229,KMeans-init-NSGA2,v29_hpp_cost_front_boost_fast,REPORT,100.0,9,3789892026417.422,11.797858,100,216.377274,233.097807,246.100758,1630.0,1762.222222,1950.0,0.0,42.222222,90.0,98.888889,0.777778,0.333333,1.111111,14.111111,0.777778,0.333333,0.111111,3,0.333333,1680.0,227.410959
100,4230,KMeans-init-NSGA2,v29_hpp_cost_front_boost_fast,REPORT,100.0,20,3806421449701.8633,9.144436,100,212.191781,224.429752,249.479453,1680.0,1810.0,1900.0,0.0,47.5,100.0,98.95,0.35,0.7,1.05,13.55,0.35,0.7,0.25,5,0.25,1680.0,227.986301
100,4201,MOPSO,v29_hpp_cost_front_boost_fast,REPORT,14583.586291165047,95,3512190912125.0234,7.943165,100,239.863135,287.140189,338.564797,2230.0,2531.842488,3570.0,2916.717258,6715.138748,13383.734628,36.831579,28.684211,34.484211,63.168421,14.663158,5.0,13.8,0.0,0,0.0,,
100,4202,MOPSO,v29_hpp_cost_front_boost_fast,REPORT,14605.428281676024,94,3566523270966.988,7.905949,100,228.183519,280.251758,341.076971,2170.0,2548.428948,3180.0,2921.085656,7246.832334,13225.682083,39.819149,28.329787,31.851064,60.180851,14.829787,5.0,13.93617,0.0,0,0.0,,
100,4203,MOPSO,v29_hpp_cost_front_boost_fast,REPORT,9732.864014580084,91,3584040565976.2134,7.521291,100,234.791375,276.196651,337.714924,2110.0,2408.031602,3300.0,1946.572803,5473.590165,8734.802105,32.307692,28.296703,39.395604,67.692308,14.868132,5.0,14.0,0.0,0,0.0,,
100,4204,MOPSO,v29_hpp_cost_front_boost_fast,REPORT,8395.849290721566,39,3478773415129.3774,7.764829,100,259.710013,286.326862,324.337524,2120.0,2347.924509,2850.0,1679.169858,4832.815239,8208.821764,37.435897,28.487179,34.076923,62.564103,14.666667,5.0,13.897436,0.0,0,0.0,,
100,4205,MOPSO,v29_hpp_cost_front_boost_fast,REPORT,11940.44140787818,96,3524986657094.012,7.81556,100,242.053792,289.830351,340.555006,2230.0,2486.027836,3150.0,2388.088282,5345.902193,11887.259248,37.270833,29.416667,33.3125,62.729167,14.885417,5.0,13.604167,0.0,0,0.0,,
100,4206,MOPSO,v29_hpp_cost_front_boost_fast,REPORT,14280.052941652451,92,3527878013882.8457,7.958023,100,237.805488,267.184436,334.900798,2198.623193,2564.376715,2890.0,2856.010588,7501.833008,13735.453098,36.423913,29.945652,33.630435,63.576087,14.98913,5.0,12.98913,0.0,0,0.0,,
100,4207,MOPSO,v29_hpp_cost_front_boost_fast,REPORT,16822.46087730786,98,3481308290103.295,5.925544,71,242.811616,285.545973,324.113836,2130.0,2554.115543,3140.0,3364.492175,8689.823794,16035.615108,38.816327,27.622449,33.561224,61.183673,14.806122,5.0,13.469388,0.0,0,0.0,,
100,4208,MOPSO,v29_hpp_cost_front_boost_fast,REPORT,21336.92791766072,99,3432373475105.544,6.474538,81,245.738272,282.646762,331.325946,2206.77986,2691.343153,3800.0,4267.385584,8882.330497,18023.194028,41.565657,28.393939,30.040404,58.434343,14.606061,5.0,13.272727,0.0,0,0.0,,
100,4209,MOPSO,v29_hpp_cost_front_boost_fast,REPORT,14974.3918962134,90,3407803602252.612,6.342958,82,261.967799,292.564155,336.018096,2249.982964,2648.087184,3900.0,2994.878379,7235.837091,14677.682175,37.555556,26.488889,35.955556,62.444444,14.955556,4.966667,14.0,0.0,0,0.0,,
100,4210,MOPSO,v29_hpp_cost_front_boost_fast,REPORT,16502.60543336389,87,3482028958831.096,7.523939,100,242.82124,278.309996,339.026787,2250.0,2531.545818,3160.0,3300.521087,8414.78021,15006.259447,33.448276,30.494253,36.057471,66.551724,14.62069,5.0,12.965517,0.0,0,0.0,,
100,4211,MOPSO,v29_hpp_cost_front_boost_fast,REPORT,20860.63943395224,93,3350577420573.934,5.66168,70,264.790135,297.235154,332.653866,2276.341205,2699.822036,3460.0,4172.127887,8945.619924,19509.80057,43.365591,26.903226,29.731183,56.634409,14.784946,4.967742,12.537634,0.0,0,0.0,,
100,4212,MOPSO,v29_hpp_cost_front_boost_fast,REPORT,14513.234572368878,93,3493006477603.169,6.464336,85,243.823031,293.16619,342.198771,2180.0,2528.83591,3250.0,2902.646914,7023.519472,13992.241607,40.462366,26.204301,33.333333,59.537634,14.784946,5.0,12.870968,0.0,0,0.0,,
100,4213,MOPSO,v29_hpp_cost_front_boost_fast,REPORT,15420.379741855086,90,3392342660122.5527,5.53646,72,264.052425,296.117203,340.529031,2230.0,2700.552595,3509.573428,3084.075948,8277.979799,15366.152426,40.433333,26.577778,32.988889,59.566667,14.677778,4.988889,13.077778,0.0,0,0.0,,
100,4214,MOPSO,v29_hpp_cost_front_boost_fast,REPORT,8680.960582900305,78,3478243116464.055,7.854068,100,259.562422,298.270243,335.154602,2080.0,2366.052212,2920.0,1736.192117,4601.760596,7985.929837,38.307692,28.794872,32.897436,61.692308,14.782051,5.0,13.487179,0.0,0,0.0,,
100,4215,MOPSO,v29_hpp_cost_front_boost_fast,REPORT,14449.929255237454,88,3398766102684.577,7.726329,100,264.89169,295.458273,334.561713,2249.083463,2582.486177,3100.0,2889.985851,7087.303842,13251.066687,39.613636,27.863636,32.522727,60.386364,14.818182,5.0,13.204545,0.0,0,0.0,,
100,4216,MOPSO,v29_hpp_cost_front_boost_fast,REPORT,15912.964659975449,93,3542353135903.6465,5.553545,74,229.202178,275.345312,337.834438,2260.0,2686.722875,3430.0,3182.592932,9055.284077,15761.730484,33.612903,29.88172,36.505376,66.387097,14.72043,5.0,13.634409,0.0,0,0.0,,
100,4217,MOPSO,v29_hpp_cost_front_boost_fast,REPORT,19891.601593728094,95,3351870391852.5166,3.490473,43,266.106084,304.503364,346.545037,2330.0,2745.751408,3350.0,3978.320319,6861.505975,15158.853882,40.810526,26.652632,32.536842,59.189474,14.705263,4.968421,12.831579,0.0,0,0.0,,
100,4218,MOPSO,v29_hpp_cost_front_boost_fast,REPORT,16297.008114957409,96,3474973514479.934,7.574627,100,245.437431,282.449015,338.607427,2180.0,2698.34831,3670.0,3259.401623,8080.141306,15527.47993,37.03125,30.052083,32.916667,62.96875,14.885417,5.0,13.5625,0.0,0,0.0,,
100,4219,MOPSO,v29_hpp_cost_front_boost_fast,REPORT,13830.459084780176,93,3513397008557.8984,7.026386,100,244.703559,283.97508,320.222938,2010.0,2335.972202,2910.0,2766.091817,5519.872883,11418.118698,29.72043,27.516129,42.763441,70.27957,15.0,5.0,14.860215,0.0,0,0.0,,
100,4220,MOPSO,v29_hpp_cost_front_boost_fast,REPORT,24124.98637032952,100,3359142237636.288,3.400011,43,255.292149,299.013357,343.919371,2380.0,2781.983763,3774.932852,4824.997274,9793.047008,23394.546401,39.89,29.03,31.08,60.11,14.77,5.0,13.12,0.0,0,0.0,,
100,4221,MOPSO,v29_hpp_cost_front_boost_fast,REPORT,14929.039839565405,92,3477699239975.7183,5.301624,71,249.137609,289.321229,332.348316,2096.684419,2555.911748,3060.0,2985.807968,7227.011096,13757.821951,37.717391,26.804348,35.478261,62.282609,14.282609,5.0,13.282609,0.0,0,0.0,,
100,4222,MOPSO,v29_hpp_cost_front_boost_fast,REPORT,14892.11453210892,89,3469461880030.144,5.244964,63,247.640188,288.571962,346.524812,2160.0,2747.243879,3950.0,2978.422906,8153.291437,14393.897577,41.966292,26.05618,31.977528,58.033708,14.977528,5.0,13.089888,0.0,0,0.0,,
100,4223,MOPSO,v29_hpp_cost_front_boost_fast,REPORT,5681.400956778447,79,3582057065473.9727,6.928385,100,243.840371,283.787118,316.461154,2000.0,2330.446029,3260.0,1136.280191,3178.563579,5472.435735,38.797468,27.291139,33.911392,61.202532,14.35443,5.0,13.594937,0.0,0,0.0,,
100,4224,MOPSO,v29_hpp_cost_front_boost_fast,REPORT,10165.20523652282,70,3489833456170.4185,7.429358,100,255.042281,283.960302,329.845528,2060.0,2447.796077,3140.0,2033.041047,5538.068869,9711.921604,40.1,28.628571,31.271429,59.9,14.514286,5.0,12.8,0.0,0,0.0,,
100,4225,MOPSO,v29_hpp_cost_front_boost_fast,REPORT,20631.710251705656,99,3383361682672.323,5.489726,72,257.131035,289.980391,336.280511,2390.0,2687.590758,3370.0,4126.34205,7896.497687,16323.903064,40.191919,29.575758,30.232323,59.808081,14.242424,5.0,12.474747,0.0,0,0.0,,
100,4226,MOPSO,v29_hpp_cost_front_boost_fast,REPORT,14198.485792146546,92,3497039556444.2954,7.883663,100,244.727272,285.169168,338.528572,2180.0,2462.089404,3040.0,2839.697158,6712.925014,12848.784297,37.086957,28.815217,34.097826,62.913043,14.902174,5.0,13.608696,0.0,0,0.0,,
100,4227,MOPSO,v29_hpp_cost_front_boost_fast,REPORT,18024.596599087323,90,3377854242299.6494,7.236368,95,265.388292,292.709898,335.512319,2210.0,2536.650595,3360.0,3604.91932,7880.724507,16938.314124,38.855556,28.0,33.144444,61.144444,14.822222,4.888889,13.633333,0.0,0,0.0,,
100,4228,MOPSO,v29_hpp_cost_front_boost_fast,REPORT,13027.780015753731,82,3489874007393.653,7.248589,100,249.329999,284.92685,336.867959,2050.0,2564.203017,3230.0,2605.556003,7385.908689,12583.228233,36.463415,28.878049,34.658537,63.536585,14.560976,5.0,13.780488,0.0,0,0.0,,
100,4229,MOPSO,v29_hpp_cost_front_boost_fast,REPORT,13071.42617752132,93,3462734029678.3584,7.693562,100,256.409445,293.33001,343.341345,2090.0,2413.026815,3370.0,2614.285236,5403.217013,11036.404466,39.989247,23.989247,36.021505,60.010753,14.913978,4.989247,14.236559,0.0,0,0.0,,
100,4230,MOPSO,v29_hpp_cost_front_boost_fast,REPORT,14487.79895513232,100,3577758501046.981,7.648101,100,226.784362,282.826628,335.438449,2176.147823,2514.357951,3640.0,2897.559791,5902.852827,12261.269214,39.39,30.15,30.46,60.61,14.82,5.0,13.93,0.0,0,0.0,,
100,4201,Trad-NSGA2,v29_hpp_cost_front_boost_fast,REPORT,760.3336627111344,21,3630632185212.737,8.830082,100,246.363103,293.711049,327.81381,1720.0,1932.856546,2330.0,152.066733,426.827973,715.789735,35.714286,29.333333,34.952381,64.285714,14.714286,5.0,13.809524,0.0,0,0.0,,
100,4202,Trad-NSGA2,v29_hpp_cost_front_boost_fast,REPORT,1331.170620337158,16,3617958970681.617,9.148914,100,247.914927,271.484245,311.17258,1750.0,2188.419236,2440.0,266.234124,618.494777,1004.625186,40.9375,24.3125,34.75,59.0625,14.875,5.0,14.375,0.0,0,0.0,,
100,4203,Trad-NSGA2,v29_hpp_cost_front_boost_fast,REPORT,2175.051984381279,17,3636359463851.092,9.071811,100,240.591008,275.961035,307.194336,1870.0,1948.315755,2230.0,435.010397,1470.008981,2115.717751,41.941176,27.764706,30.294118,58.058824,14.470588,5.0,13.647059,0.0,0,0.0,,
100,4204,Trad-NSGA2,v29_hpp_cost_front_boost_fast,REPORT,1013.8583953172712,13,3534254483772.87,9.302254,100,260.841071,294.520127,327.077131,2070.0,2193.076923,2260.0,202.771679,555.467151,936.535075,37.0,29.384615,33.615385,63.0,14.153846,5.0,12.076923,0.0,0,0.0,,
100,4205,Trad-NSGA2,v29_hpp_cost_front_boost_fast,REPORT,287.2206342098741,8,3331301969680.094,9.247115,100,307.204852,315.874597,325.338824,1880.0,2067.5,2420.0,57.444127,156.136928,287.104273,39.375,25.75,34.875,60.625,14.625,5.0,13.625,0.0,0,0.0,,
100,4206,Trad-NSGA2,v29_hpp_cost_front_boost_fast,REPORT,1521.3976470607986,12,3531658952661.2485,9.261488,100,265.619109,294.441767,328.369131,1750.0,1890.455318,2190.0,304.279529,661.62699,1151.000057,38.333333,24.916667,36.75,61.666667,14.583333,5.0,13.25,0.0,0,0.0,,
100,4207,Trad-NSGA2,v29_hpp_cost_front_boost_fast,REPORT,1844.7940435707235,9,3343417384556.665,9.47364,100,297.025252,308.069409,329.042222,2240.0,2406.666667,2490.0,368.958809,1434.796372,1827.927779,35.0,27.222222,37.777778,65.0,14.444444,5.0,13.111111,0.0,0,0.0,,
100,4208,Trad-NSGA2,v29_hpp_cost_front_boost_fast,REPORT,172.22124061519935,1,3259731296809.3643,9.202013,100,322.067677,322.067677,322.067677,1900.0,1900.0,1900.0,34.444248,34.444248,34.444248,35.0,28.0,37.0,65.0,15.0,5.0,13.0,0.0,0,0.0,,
100,4209,Trad-NSGA2,v29_hpp_cost_front_boost_fast,REPORT,1370.164506280745,11,3521028144634.224,9.061146,100,263.300503,284.753861,314.897651,2060.0,2060.452693,2064.979622,274.032901,783.861226,1229.438891,37.727273,29.090909,33.181818,62.272727,14.545455,5.0,11.727273,0.0,0,0.0,,
100,4210,Trad-NSGA2,v29_hpp_cost_front_boost_fast,REPORT,1379.9867634728162,9,3867836966824.716,8.799821,100,194.771845,231.237664,250.410618,1810.0,1979.502049,2480.0,275.997353,649.053977,1200.375313,39.888889,29.333333,30.777778,60.111111,13.555556,5.0,12.444444,0.0,0,0.0,,
100,4211,Trad-NSGA2,v29_hpp_cost_front_boost_fast,REPORT,3723.640329799541,39,3500608386413.0254,9.8136,100,263.667924,301.622365,327.770501,2030.0,2318.78547,2740.0,744.728066,2201.043654,3660.326455,38.871795,28.897436,32.230769,61.128205,14.666667,5.0,12.435897,0.0,0,0.0,,
100,4212,Trad-NSGA2,v29_hpp_cost_front_boost_fast,REPORT,1298.102720213019,11,3570718561722.977,8.958374,100,256.345457,285.273185,328.774154,1830.0,1999.090909,2160.0,259.620544,810.653801,1147.603283,41.181818,26.0,32.818182,58.818182,14.454545,5.0,13.454545,0.0,0,0.0,,
100,4213,Trad-NSGA2,v29_hpp_cost_front_boost_fast,REPORT,3527.323335636247,27,3544793530038.5083,9.260613,100,255.646366,285.456857,306.741798,2000.0,2239.62963,2500.0,705.464667,1760.151823,3486.098088,35.592593,27.703704,36.703704,64.407407,14.444444,5.0,13.62963,0.0,0,0.0,,
100,4214,Trad-NSGA2,v29_hpp_cost_front_boost_fast,REPORT,1917.160164845809,30,3706798926116.0366,9.137099,100,229.212416,244.216897,267.950962,1710.0,1771.854516,1940.0,383.432033,1168.026965,1838.697721,38.633333,23.666667,37.7,61.366667,14.666667,5.0,13.9,0.0,0,0.0,,
100,4215,Trad-NSGA2,v29_hpp_cost_front_boost_fast,REPORT,542.388014714395,1,3187251113669.972,8.902734,100,330.666599,330.666599,330.666599,2330.0,2330.0,2330.0,108.477603,108.477603,108.477603,44.0,24.0,32.0,56.0,15.0,5.0,14.0,0.0,0,0.0,,
100,4216,Trad-NSGA2,v29_hpp_cost_front_boost_fast,REPORT,5782.722582678778,26,3766929289477.41,9.28195,100,205.733137,244.779931,294.670128,1900.0,2135.035565,2510.0,1156.544517,3614.850472,5564.577151,33.730769,26.846154,39.423077,66.269231,13.038462,5.0,12.692308,0.0,0,0.0,,
100,4217,Trad-NSGA2,v29_hpp_cost_front_boost_fast,REPORT,3141.862889436524,19,3532415069569.2974,9.254321,100,258.622519,289.394564,329.097724,2005.606151,2162.296679,2490.0,628.372578,1793.169125,2941.160575,40.526316,23.368421,36.105263,59.473684,14.526316,4.421053,13.526316,0.0,0,0.0,,
100,4218,Trad-NSGA2,v29_hpp_cost_front_boost_fast,REPORT,1634.9381460245593,18,3755184277383.7407,8.659667,100,214.56335,235.356005,253.852377,2020.0,2084.444444,2260.0,326.987629,964.157498,1561.235586,37.333333,27.833333,34.833333,62.666667,14.111111,5.0,12.666667,0.0,0,0.0,,
100,4219,Trad-NSGA2,v29_hpp_cost_front_boost_fast,REPORT,150.69390943299825,6,3362151064444.327,9.050268,100,302.088027,308.91223,321.22006,1810.0,1902.596364,2057.789092,30.138782,96.142703,147.734675,39.833333,27.166667,33.0,60.166667,14.833333,5.0,12.166667,0.0,0,0.0,,
100,4220,Trad-NSGA2,v29_hpp_cost_front_boost_fast,REPORT,1077.1367556809366,14,3582446427404.696,9.047397,100,253.513157,290.786778,328.539809,1890.0,1953.386249,2070.0,215.427351,573.755867,1067.772886,38.5,28.5,33.0,61.5,14.785714,5.0,13.142857,0.0,0,0.0,,
100,4221,Trad-NSGA2,v29_hpp_cost_front_boost_fast,REPORT,1755.661752551291,21,3491028772357.3228,9.231274,100,271.03033,291.362494,324.921149,1920.0,2088.571429,2300.0,351.132351,1081.864377,1694.940875,39.238095,24.619048,36.142857,60.761905,14.428571,5.0,14.190476,0.0,0,0.0,,
100,4222,Trad-NSGA2,v29_hpp_cost_front_boost_fast,REPORT,667.9782614367878,4,3247672182167.4365,9.176334,100,320.905452,322.344642,324.822606,2110.0,2272.5,2330.0,133.595652,409.331428,573.021269,47.0,27.25,25.75,53.0,15.0,5.0,11.5,0.0,0,0.0,,
100,4223,Trad-NSGA2,v29_hpp_cost_front_boost_fast,REPORT,305.7432796420869,3,3243115151491.6416,9.785074,100,321.532703,322.304703,323.355086,2170.0,2170.0,2170.0,61.148656,145.801985,225.108644,42.666667,31.666667,25.666667,57.333333,15.0,5.0,11.333333,0.0,0,0.0,,
100,4224,Trad-NSGA2,v29_hpp_cost_front_boost_fast,REPORT,1030.024714851122,10,3562449800172.852,9.923129,100,253.022482,299.744815,324.906695,2180.0,2359.0,2460.0,206.004943,594.726115,975.925163,43.8,30.4,25.8,56.2,14.2,5.0,11.3,0.0,0,0.0,,
100,4225,Trad-NSGA2,v29_hpp_cost_front_boost_fast,REPORT,4608.035415157169,34,3855072466675.726,8.656547,100,193.106472,235.485617,268.730398,1730.0,1951.120081,2020.0,921.607083,1848.658453,3360.210845,35.029412,29.205882,35.764706,64.970588,14.176471,5.0,12.176471,0.0,0,0.0,,
100,4226,Trad-NSGA2,v29_hpp_cost_front_boost_fast,REPORT,5023.065518108913,51,3782235381749.5527,8.799032,100,199.97749,241.043248,294.861258,2180.0,2209.019608,2300.0,1004.613104,2644.931048,4905.869075,36.980392,27.686275,35.333333,63.019608,14.019608,5.0,13.509804,0.0,0,0.0,,
100,4227,Trad-NSGA2,v29_hpp_cost_front_boost_fast,REPORT,1772.8489235982142,18,3476388752086.5083,9.524375,100,273.475528,298.83808,326.303258,1960.0,2116.19997,2250.0,354.569785,896.997697,1721.945273,43.0,27.555556,29.444444,57.0,14.444444,5.0,12.722222,0.0,0,0.0,,
100,4228,Trad-NSGA2,v29_hpp_cost_front_boost_fast,REPORT,300.0,4,3416029850618.537,9.060788,100,288.632766,294.630946,306.920299,1950.0,2010.0,2190.0,60.0,122.366638,184.733276,33.0,29.0,38.0,67.0,15.0,5.0,14.5,0.0,0,0.0,,
100,4229,Trad-NSGA2,v29_hpp_cost_front_boost_fast,REPORT,295.7096947178343,5,3434780343387.048,8.629552,100,285.754196,296.807215,309.482737,1880.0,2170.0,2280.0,59.141939,137.996559,228.00605,42.0,28.2,29.8,58.0,13.8,5.0,12.6,0.0,0,0.0,,
100,4230,Trad-NSGA2,v29_hpp_cost_front_boost_fast,REPORT,108.52257247704074,1,3340322940703.055,9.058925,100,305.250967,305.250967,305.250967,1910.0,1910.0,1910.0,21.704514,21.704514,21.704514,41.0,29.0,30.0,59.0,15.0,5.0,12.0,0.0,0,0.0,,
50,4201,HPP-init-NSGA2,v29_hpp_cost_front_boost_fast,REPORT,100.0,16,4429216969815.097,13.148143,100,86.701426,96.23435,106.214523,1500.0,1623.125,1780.0,0.0,39.375,90.0,45.9375,1.3125,2.75,4.0625,5.75,0.75,1.0625,0.0,5,0.3125,1500.0,101.820498
50,4202,HPP-init-NSGA2,v29_hpp_cost_front_boost_fast,REPORT,100.0,10,4420581276338.24,13.521694,100,88.054795,103.235131,135.363828,1520.0,1680.0,1840.0,0.0,50.0,90.0,47.7,0.6,1.7,2.3,6.2,0.4,1.3,0.2,3,0.3,1520.0,102.130951
50,4203,HPP-init-NSGA2,v29_hpp_cost_front_boost_fast,REPORT,100.0,8,4412088477232.396,12.430635,100,89.665899,98.781608,105.911773,1530.0,1645.0,1760.0,0.0,37.5,90.0,47.375,1.5,1.125,2.625,5.75,0.75,0.375,0.25,4,0.5,1530.0,102.007663
50,4204,HPP-init-NSGA2,v29_hpp_cost_front_boost_fast,REPORT,100.0,9,4414647558210.018,11.467743,100,89.344674,99.317329,106.347298,1520.0,1580.0,1680.0,0.0,14.444444,70.0,46.444444,2.222222,1.333333,3.555556,6.111111,1.111111,1.0,0.0,6,0.666667,1520.0,102.130951
50,4205,HPP-init-NSGA2,v29_hpp_cost_front_boost_fast,REPORT,100.0,10,4413915879738.377,12.135078,100,89.487115,102.131475,138.888169,1520.0,1611.0,1760.0,0.0,24.0,70.0,46.3,1.0,2.7,3.7,6.0,0.6,1.3,0.0,5,0.5,1520.0,102.130951
50,4206,HPP-init-NSGA2,v29_hpp_cost_front_boost_fast,REPORT,100.0,15,4413014717461.19,11.575063,100,89.678896,101.046905,105.824894,1520.0,1591.333333,1780.0,0.0,30.0,70.0,47.733333,1.266667,1.0,2.266667,6.0,0.666667,0.733333,0.133333,7,0.466667,1520.0,102.130951
50,4207,HPP-init-NSGA2,v29_hpp_cost_front_boost_fast,REPORT,100.0,7,4409296845133.362,11.87875,100,90.055875,99.834279,102.130951,1540.0,1682.857143,2050.0,0.0,11.428571,60.0,48.428571,1.285714,0.285714,1.571429,6.0,0.714286,0.285714,0.285714,5,0.714286,1540.0,101.136986
50,4208,HPP-init-NSGA2,v29_hpp_cost_front_boost_fast,REPORT,100.0,5,4413640394615.684,11.411384,100,89.692595,108.104122,142.848464,1510.0,1624.0,1780.0,0.0,20.0,60.0,47.0,2.2,0.8,3.0,6.2,1.0,0.6,0.2,3,0.6,1510.0,102.130951
50,4209,HPP-init-NSGA2,v29_hpp_cost_front_boost_fast,REPORT,100.0,5,4411608936492.32,11.200757,100,89.761088,99.685049,105.563852,1530.0,1638.0,1780.0,0.0,18.0,60.0,47.8,1.6,0.6,2.2,6.0,0.8,0.6,0.2,3,0.6,1530.0,101.865222
50,4210,HPP-init-NSGA2,v29_hpp_cost_front_boost_fast,REPORT,100.0,17,4413901261668.317,11.449721,100,89.631513,100.880563,129.339643,1510.0,1660.588235,1840.0,0.0,43.529412,90.0,46.470588,1.235294,2.294118,3.529412,5.941176,0.705882,1.117647,0.176471,7,0.411765,1510.0,102.130951
50,4211,HPP-init-NSGA2,v29_hpp_cost_front_boost_fast,REPORT,100.0,7,4413811038297.726,11.078822,100,89.327627,98.606636,108.583006,1530.0,1594.285714,1680.0,0.0,27.142857,70.0,46.0,1.857143,2.142857,4.0,5.714286,1.142857,0.857143,0.0,4,0.571429,1530.0,102.130951
50,4212,HPP-init-NSGA2,v29_hpp_cost_front_boost_fast,REPORT,100.0,8,4366754663890.8657,10.79176,100,99.246575,105.135884,122.158348,1520.0,1566.25,1760.0,0.0,15.0,60.0,48.0,1.5,0.5,2.0,6.25,0.75,0.5,0.125,6,0.75,1520.0,102.007663
50,4213,HPP-init-NSGA2,v29_hpp_cost_front_boost_fast,REPORT,100.0,14,4426345390599.492,10.578734,100,86.890766,99.708613,118.522756,1520.0,1699.285714,2050.0,0.0,41.428571,80.0,47.571429,0.785714,1.642857,2.428571,6.071429,0.571429,0.785714,0.0,3,0.214286,1520.0,101.865222
50,4214,HPP-init-NSGA2,v29_hpp_cost_front_boost_fast,REPORT,100.0,14,4422203689632.302,10.63411,100,87.589041,98.123598,105.84328,1530.0,1617.142857,1850.0,0.0,30.714286,70.0,47.285714,1.214286,1.5,2.714286,5.642857,0.785714,0.642857,0.071429,6,0.428571,1530.0,100.191781
50,4215,HPP-init-NSGA2,v29_hpp_cost_front_boost_fast,REPORT,100.0,6,4368778781729.344,11.301525,100,99.369863,106.095676,125.105047,1490.0,1566.666667,1760.0,0.0,10.0,60.0,47.5,1.333333,1.166667,2.5,6.166667,0.833333,0.5,0.166667,5,0.833333,1490.0,102.130951
50,4216,HPP-init-NSGA2,v29_hpp_cost_front_boost_fast,REPORT,100.0,9,4366747650223.067,11.233086,100,99.246575,104.790913,125.445723,1520.0,1594.444444,1760.0,0.0,13.333333,60.0,48.0,1.333333,0.666667,2.0,6.111111,0.777778,0.444444,0.222222,7,0.777778,1520.0,102.007663
50,4217,HPP-init-NSGA2,v29_hpp_cost_front_boost_fast,REPORT,100.0,17,4366186956501.3154,9.954551,100,99.369863,102.632308,105.761088,1520.0,1611.764706,1930.0,0.0,17.647059,60.0,48.176471,1.235294,0.588235,1.823529,6.0,0.647059,0.411765,0.294118,12,0.705882,1520.0,100.684932
50,4218,HPP-init-NSGA2,v29_hpp_cost_front_boost_fast,REPORT,100.0,7,4366979683290.7856,11.178869,100,99.369863,109.119377,146.521856,1510.0,1597.142857,1760.0,0.0,17.142857,60.0,46.571429,1.857143,1.571429,3.428571,6.142857,1.142857,1.142857,0.285714,5,0.714286,1510.0,102.130951
50,4219,HPP-init-NSGA2,v29_hpp_cost_front_boost_fast,REPORT,100.0,9,4423117408241.253,11.24998,100,87.385899,97.661813,109.133288,1530.0,1642.222222,1770.0,0.0,37.777778,90.0,46.444444,1.111111,2.444444,3.555556,5.555556,0.777778,0.888889,0.0,3,0.333333,1530.0,102.007663
50,4220,HPP-init-NSGA2,v29_hpp_cost_front_boost_fast,REPORT,100.0,63,4432833679476.87,10.594959,100,86.680448,93.233035,129.500433,1460.0,1664.444444,1760.0,0.0,28.571429,90.0,44.301587,1.666667,4.031746,5.698413,6.031746,0.888889,1.920635,0.0,8,0.126984,1460.0,102.007663
50,4221,HPP-init-NSGA2,v29_hpp_cost_front_boost_fast,REPORT,100.0,9,4424428365768.41,10.844545,100,86.931507,96.357618,102.130951,1540.0,1662.222222,1780.0,0.0,37.777778,100.0,47.666667,1.333333,1.0,2.333333,5.888889,0.777778,0.777778,0.111111,4,0.444444,1540.0,102.007663
50,4222,HPP-init-NSGA2,v29_hpp_cost_front_boost_fast,REPORT,100.0,5,4365279201917.545,10.696713,100,99.369863,101.741584,105.706293,1530.0,1626.0,1760.0,0.0,24.0,60.0,48.6,1.2,0.2,1.4,6.0,0.6,0.2,0.4,3,0.6,1530.0,102.130951
50,4223,HPP-init-NSGA2,v29_hpp_cost_front_boost_fast,REPORT,100.0,6,4352846031910.992,10.103471,100,102.130951,105.984021,121.468549,1520.0,1535.0,1540.0,0.0,0.0,0.0,47.833333,1.833333,0.333333,2.166667,6.166667,1.0,0.333333,0.0,6,1.0,1520.0,102.130951
50,4224,HPP-init-NSGA2,v29_hpp_cost_front_boost_fast,REPORT,100.0,7,4421354565699.12,10.409088,100,88.410959,105.522108,122.144649,1490.0,1631.428571,2010.0,0.0,18.571429,70.0,48.0,1.428571,0.571429,2.0,6.285714,0.714286,0.571429,0.142857,5,0.714286,1490.0,102.007663
50,4225,HPP-init-NSGA2,v29_hpp_cost_front_boost_fast,REPORT,100.0,5,4397051330197.8535,10.722471,100,92.797938,100.266645,105.706293,1530.0,1614.0,1760.0,0.0,26.0,70.0,47.6,1.0,1.4,2.4,5.8,0.6,0.8,0.2,3,0.6,1530.0,101.593909
50,4226,HPP-init-NSGA2,v29_hpp_cost_front_boost_fast,REPORT,100.0,8,4413062473033.31,10.182762,100,89.487115,99.010239,108.583006,1530.0,1595.0,1680.0,0.0,23.75,70.0,46.625,1.625,1.75,3.375,6.0,1.0,1.25,0.0,4,0.5,1530.0,102.007663
50,4227,HPP-init-NSGA2,v29_hpp_cost_front_boost_fast,REPORT,100.0,8,4427162129327.667,10.581221,100,86.917808,100.179305,125.588745,1510.0,1631.25,1780.0,0.0,25.0,80.0,45.875,1.125,3.0,4.125,5.875,0.625,1.75,0.0,4,0.5,1510.0,102.007663
50,4228,HPP-init-NSGA2,v29_hpp_cost_front_boost_fast,REPORT,100.0,8,4407915136180.166,10.65058,100,90.711638,102.206573,113.784506,1520.0,1598.75,1780.0,0.0,10.0,60.0,46.75,2.25,1.0,3.25,6.125,0.875,0.875,0.125,6,0.75,1520.0,102.007663
50,4229,HPP-init-NSGA2,v29_hpp_cost_front_boost_fast,REPORT,100.0,8,4365277720626.065,10.843093,100,99.369863,102.942284,112.623243,1530.0,1635.0,2050.0,0.0,7.5,60.0,47.875,1.75,0.375,2.125,6.0,0.875,0.25,0.25,7,0.875,1530.0,101.013699
50,4230,HPP-init-NSGA2,v29_hpp_cost_front_boost_fast,REPORT,100.0,5,4365854186140.5728,11.091603,100,99.246575,106.639423,127.680974,1530.0,1590.0,1760.0,0.0,12.0,60.0,47.8,1.8,0.4,2.2,6.4,0.8,0.4,0.2,4,0.8,1530.0,102.007663
50,4201,KMeans-init-NSGA2,v29_hpp_cost_front_boost_fast,REPORT,100.0,10,4428498228154.563,7.247437,100,86.26041,98.10126,102.428533,1530.0,1666.0,1780.0,0.0,45.0,80.0,48.1,0.5,1.4,1.9,6.0,0.3,0.6,0.3,2,0.2,1530.0,101.943786
50,4202,KMeans-init-NSGA2,v29_hpp_cost_front_boost_fast,REPORT,100.0,18,4366755632196.927,5.79953,100,99.246575,104.270159,120.936375,1520.0,1633.888889,1850.0,0.0,35.555556,60.0,48.888889,0.111111,1.0,1.111111,6.444444,0.111111,0.888889,0.388889,7,0.388889,1530.0,100.109589
50,4203,KMeans-init-NSGA2,v29_hpp_cost_front_boost_fast,REPORT,100.0,10,4366756262509.8433,6.447898,100,99.246575,110.12203,133.97747,1520.0,1627.0,1950.0,0.0,26.0,60.0,49.0,1.0,0.0,1.0,6.5,1.0,0.0,0.2,5,0.5,1530.0,102.224046
50,4204,KMeans-init-NSGA2,v29_hpp_cost_front_boost_fast,REPORT,100.0,15,4426138989269.258,5.263749,100,86.931507,96.804466,108.450635,1520.0,1698.666667,1930.0,0.0,40.0,100.0,48.0,0.866667,1.133333,2.0,5.8,0.6,0.8,0.133333,5,0.333333,1520.0,100.561644
50,4205,KMeans-init-NSGA2,v29_hpp_cost_front_boost_fast,REPORT,100.0,19,4369400900944.108,5.429345,100,99.246575,108.037858,124.937135,1490.0,1574.736842,1850.0,0.0,20.526316,60.0,48.105263,0.684211,1.210526,1.894737,6.473684,0.526316,1.157895,0.157895,10,0.526316,1490.0,100.315068
50,4206,KMeans-init-NSGA2,v29_hpp_cost_front_boost_fast,REPORT,100.0,22,4368496467999.424,5.371814,100,99.246575,107.414503,140.752005,1500.0,1620.909091,1850.0,0.0,27.272727,60.0,48.681818,0.954545,0.363636,1.318182,6.272727,0.909091,0.363636,0.181818,12,0.545455,1500.0,100.109589
50,4207,KMeans-init-NSGA2,v29_hpp_cost_front_boost_fast,REPORT,100.0,19,4409087040926.87,5.075691,100,90.27992,102.031763,108.635765,1530.0,1624.210526,1780.0,0.0,38.421053,90.0,48.263158,1.210526,0.526316,1.736842,5.894737,0.842105,0.526316,0.157895,7,0.368421,1530.0,100.109589
50,4208,KMeans-init-NSGA2,v29_hpp_cost_front_boost_fast,REPORT,100.0,16,4428530686490.294,5.201109,100,86.835616,100.18962,108.20406,1500.0,1656.25,1760.0,0.0,28.125,90.0,48.1875,0.8125,1.0,1.8125,5.8125,0.8125,0.4375,0.1875,9,0.5625,1510.0,100.109589
50,4209,KMeans-init-NSGA2,v29_hpp_cost_front_boost_fast,REPORT,100.0,17,4366752679073.989,5.401529,100,99.246575,108.018034,124.920016,1520.0,1607.647059,1760.0,0.0,28.235294,60.0,48.764706,0.117647,1.117647,1.235294,6.352941,0.117647,0.882353,0.294118,9,0.529412,1520.0,100.109589
50,4210,KMeans-init-NSGA2,v29_hpp_cost_front_boost_fast,REPORT,100.0,16,4428544567432.446,5.487201,100,86.647001,98.03895,109.116264,1510.0,1619.375,1780.0,0.0,37.181166,84.898661,46.3125,0.125,3.5625,3.6875,6.375,0.125,2.5,0.0,4,0.25,1510.0,102.038436
50,4211,KMeans-init-NSGA2,v29_hpp_cost_front_boost_fast,REPORT,100.0,14,4366712989706.676,5.67842,100,99.246575,106.095154,134.972603,1520.0,1634.285714,1760.0,0.0,34.285714,60.0,48.142857,0.857143,1.0,1.857143,6.142857,0.5,0.928571,0.214286,6,0.428571,1530.0,102.224046
50,4212,KMeans-init-NSGA2,v29_hpp_cost_front_boost_fast,REPORT,100.0,14,4365818790386.319,5.690372,100,99.246575,108.948102,132.931507,1530.0,1628.571429,1760.0,0.0,34.285714,60.0,49.214286,0.5,0.285714,0.785714,6.5,0.428571,0.285714,0.357143,6,0.428571,1530.0,102.345631
50,4213,KMeans-init-NSGA2,v29_hpp_cost_front_boost_fast,REPORT,100.0,15,4407924298672.327,5.256803,100,90.709064,104.144718,118.860642,1520.0,1643.333333,1970.0,0.0,42.0,60.0,48.8,0.666667,0.533333,1.2,6.133333,0.4,0.4,0.333333,4,0.266667,1520.0,100.438356
50,4214,KMeans-init-NSGA2,v29_hpp_cost_front_boost_fast,REPORT,100.0,20,4366708709878.604,6.173765,100,99.246575,119.887286,137.388429,1520.0,1593.0,1850.0,0.0,22.0,60.0,49.1,0.55,0.35,0.9,7.15,0.5,0.3,0.35,12,0.6,1520.0,100.356164
50,4215,KMeans-init-NSGA2,v29_hpp_cost_front_boost_fast,REPORT,100.0,14,4415925347473.161,5.72582,100,89.027397,106.518296,121.467961,1520.0,1635.0,1850.0,0.0,33.571429,90.0,48.428571,1.428571,0.142857,1.571429,6.214286,1.0,0.142857,0.142857,7,0.5,1520.0,100.60274
50,4216,KMeans-init-NSGA2,v29_hpp_cost_front_boost_fast,REPORT,100.0,14,4428696233323.025,4.960281,100,86.427823,100.279402,122.610403,1520.0,1658.571429,2130.0,0.0,29.285714,60.0,47.642857,0.785714,1.571429,2.357143,6.071429,0.5,1.071429,0.071429,5,0.357143,1520.0,101.712329
50,4217,KMeans-init-NSGA2,v29_hpp_cost_front_boost_fast,REPORT,100.0,17,4366728879452.135,6.089255,100,99.246575,105.26389,134.018566,1520.0,1734.705882,2190.0,0.0,23.529412,60.0,49.294118,0.235294,0.470588,0.705882,6.235294,0.235294,0.470588,0.470588,9,0.529412,1520.0,100.60274
50,4218,KMeans-init-NSGA2,v29_hpp_cost_front_boost_fast,REPORT,100.0,16,4366724447658.1934,5.924147,100,99.246575,113.133812,137.374731,1520.0,1600.625,1760.0,0.0,30.0,60.0,48.9375,0.5625,0.5,1.0625,6.6875,0.5625,0.5,0.25,8,0.5,1520.0,102.224046
50,4219,KMeans-init-NSGA2,v29_hpp_cost_front_boost_fast,REPORT,100.0,10,4411903071927.361,5.557295,100,89.866268,104.679322,121.402128,1520.0,1592.0,1840.0,0.0,39.0,90.0,48.0,1.3,0.7,2.0,6.1,0.8,0.5,0.1,4,0.4,1520.0,101.820498
50,4220,KMeans-init-NSGA2,v29_hpp_cost_front_boost_fast,REPORT,100.0,11,4408990724956.527,5.172027,100,90.087059,102.303847,117.361032,1540.0,1681.818182,1880.0,0.0,33.636364,70.0,49.181818,0.636364,0.181818,0.818182,6.090909,0.454545,0.090909,0.545455,5,0.454545,1540.0,100.109589
50,4221,KMeans-init-NSGA2,v29_hpp_cost_front_boost_fast,REPORT,100.0,11,4366754234423.4185,5.727888,100,99.246575,108.874258,118.646044,1520.0,1579.090909,1760.0,0.0,32.727273,60.0,48.727273,1.272727,0.0,1.272727,6.454545,0.818182,0.0,0.181818,5,0.454545,1520.0,101.865222
50,4222,KMeans-init-NSGA2,v29_hpp_cost_front_boost_fast,REPORT,100.0,25,4426243971681.08,5.355121,100,86.917808,98.601636,108.667189,1520.0,1648.8,1950.0,0.0,44.4,90.0,48.16,0.64,1.2,1.84,5.88,0.6,0.8,0.16,6,0.24,1520.0,101.937378
50,4223,KMeans-init-NSGA2,v29_hpp_cost_front_boost_fast,REPORT,100.0,18,4428664446736.662,5.054963,100,86.415827,97.244613,109.237744,1520.0,1684.444444,1780.0,0.0,38.333333,90.0,48.277778,0.333333,1.388889,1.722222,5.833333,0.222222,0.666667,0.388889,5,0.277778,1520.0,100.191781
50,4224,KMeans-init-NSGA2,v29_hpp_cost_front_boost_fast,REPORT,100.0,10,4366780374102.095,7.190348,100,99.246575,104.568689,121.205365,1520.0,1711.0,2190.0,0.0,19.0,60.0,48.5,0.7,0.8,1.5,6.3,0.6,0.5,0.3,6,0.6,1520.0,100.60274
50,4225,KMeans-init-NSGA2,v29_hpp_cost_front_boost_fast,REPORT,100.0,11,4413150764505.596,5.653095,100,89.647761,105.261893,118.839542,1520.0,1571.818182,1770.0,0.0,34.545455,60.0,47.636364,1.545455,0.818182,2.363636,6.272727,1.0,0.636364,0.0,4,0.363636,1520.0,102.182008
50,4226,KMeans-init-NSGA2,v29_hpp_cost_front_boost_fast,REPORT,100.0,15,4366742697117.111,6.020071,100,99.246575,114.340435,133.771991,1520.0,1589.333333,1760.0,0.0,24.0,60.0,49.133333,0.266667,0.6,0.866667,6.8,0.266667,0.6,0.2,9,0.6,1520.0,100.232877
50,4227,KMeans-init-NSGA2,v29_hpp_cost_front_boost_fast,REPORT,100.0,20,4366721214979.352,5.116216,100,99.246575,108.535179,121.571185,1520.0,1611.5,1760.0,0.0,32.5,60.0,48.95,0.7,0.35,1.05,6.45,0.65,0.35,0.3,9,0.45,1520.0,100.109589
50,4228,KMeans-init-NSGA2,v29_hpp_cost_front_boost_fast,REPORT,100.0,13,4365876091012.2393,5.940975,100,99.246575,104.273868,121.098098,1530.0,1729.230769,2190.0,0.0,27.692308,60.0,49.153846,0.692308,0.153846,0.846154,6.153846,0.692308,0.153846,0.384615,7,0.538462,1530.0,100.60274
50,4229,KMeans-init-NSGA2,v29_hpp_cost_front_boost_fast,REPORT,100.0,14,4430520233728.453,4.845066,100,86.430618,96.597047,102.403221,1500.0,1639.285714,1780.0,0.0,31.514437,60.0,47.5,0.571429,1.928571,2.5,5.714286,0.428571,0.642857,0.142857,5,0.357143,1500.0,100.109589
50,4230,KMeans-init-NSGA2,v29_hpp_cost_front_boost_fast,REPORT,100.0,16,4366763799200.047,5.555931,100,99.246575,105.460018,118.522756,1520.0,1630.0,2220.0,0.0,36.875,60.0,48.625,1.125,0.25,1.375,6.25,0.8125,0.25,0.25,6,0.375,1520.0,101.865222
50,4201,MOPSO,v29_hpp_cost_front_boost_fast,REPORT,2041.598982125555,61,4215937549562.986,4.900063,100,118.536064,145.109344,184.403418,1960.0,2076.862111,2260.0,408.319796,1184.999706,1974.081373,17.065574,13.672131,19.262295,32.934426,7.95082,3.0,7.081967,0.0,0,0.0,,
50,4202,MOPSO,v29_hpp_cost_front_boost_fast,REPORT,1558.644798252999,32,4122459798368.612,4.646369,100,141.623847,157.362267,180.022958,1810.0,2032.454532,2280.0,311.72896,1092.467969,1429.550089,17.53125,13.75,18.71875,32.46875,7.75,3.0,7.375,0.0,0,0.0,,
50,4203,MOPSO,v29_hpp_cost_front_boost_fast,REPORT,2585.046439132016,51,4123564831280.588,4.903392,100,140.195602,152.425054,178.762437,1780.0,1994.422953,2380.0,517.009288,1455.16027,2581.228233,17.411765,13.607843,18.980392,32.588235,7.901961,3.0,7.764706,0.0,0,0.0,,
50,4204,MOPSO,v29_hpp_cost_front_boost_fast,REPORT,3931.755260225672,73,4189737752242.609,4.786774,100,122.212845,147.094989,180.507719,1870.0,2055.758896,2370.0,786.351052,1941.469324,3834.74981,17.808219,13.027397,19.164384,32.191781,7.767123,3.0,6.863014,0.0,0,0.0,,
50,4205,MOPSO,v29_hpp_cost_front_boost_fast,REPORT,277.3139208016244,2,3922521126214.1353,4.608363,100,178.245839,178.245839,178.245839,2240.0,2240.0,2240.0,55.462784,55.462784,55.462784,20.0,13.0,17.0,30.0,8.0,3.0,7.0,0.0,0,0.0,,
50,4206,MOPSO,v29_hpp_cost_front_boost_fast,REPORT,385.2337366887059,3,3944089134197.337,4.780727,100,174.585891,174.590988,174.601181,2180.0,2180.0,2180.0,77.046747,161.598995,330.703489,20.0,10.333333,19.666667,30.0,8.0,3.0,7.0,0.0,0,0.0,,
50,4207,MOPSO,v29_hpp_cost_front_boost_fast,REPORT,2254.5081825164298,33,4144775673516.315,4.788077,100,137.017028,156.593546,179.378324,1740.0,2031.49761,2320.0,450.901637,1173.597276,1960.792468,20.363636,12.484848,17.151515,29.636364,7.606061,2.878788,6.515152,0.0,0,0.0,,
50,4208,MOPSO,v29_hpp_cost_front_boost_fast,REPORT,1790.9126427870683,40,4123220974834.522,4.610959,100,142.091006,166.294828,178.130048,1740.0,2058.798575,2418.806985,358.182529,1269.173125,1782.258615,19.3,12.725,17.975,30.7,7.925,3.0,6.675,0.0,0,0.0,,
50,4209,MOPSO,v29_hpp_cost_front_boost_fast,REPORT,2271.279124639482,41,4153920089223.277,4.756838,100,136.892041,148.059415,179.137653,1630.0,2060.701635,2450.0,454.255825,1481.489837,2238.419778,19.195122,13.682927,17.121951,30.804878,7.97561,3.0,7.097561,0.0,0,0.0,,
50,4210,MOPSO,v29_hpp_cost_front_boost_fast,REPORT,583.5849001266615,3,4040753812735.8193,4.527721,100,158.594931,158.594931,158.594931,1920.0,1920.0,1920.0,116.71698,116.71698,116.71698,17.0,15.0,18.0,33.0,8.0,3.0,7.0,0.0,0,0.0,,
50,4211,MOPSO,v29_hpp_cost_front_boost_fast,REPORT,2872.5341895739084,56,4180746489587.802,3.956581,87,124.88631,149.083922,180.483048,1920.0,2125.205639,2530.0,574.506838,1559.280456,2773.8837,16.553571,13.0,20.446429,33.446429,7.589286,3.0,7.285714,0.0,0,0.0,,
50,4212,MOPSO,v29_hpp_cost_front_boost_fast,REPORT,1460.541809187538,42,4151939157207.179,4.800105,100,137.780694,159.634307,180.499704,1690.0,1969.715297,2540.0,292.108362,939.587797,1341.342075,20.309524,12.380952,17.309524,29.690476,7.97619,3.0,7.309524,0.0,0,0.0,,
50,4213,MOPSO,v29_hpp_cost_front_boost_fast,REPORT,3584.0413362599816,59,4179713488637.8247,4.857244,100,125.748364,146.341108,178.844075,1810.0,2041.930498,2440.0,716.808267,2220.92941,3570.382798,18.101695,12.271186,19.627119,31.898305,8.0,3.0,7.661017,0.0,0,0.0,,
50,4214,MOPSO,v29_hpp_cost_front_boost_fast,REPORT,2228.1456205160184,43,4101425429239.119,4.691857,100,141.404213,161.456668,183.381285,1990.0,2268.166695,2620.0,445.629124,1638.510642,2181.614163,18.790698,12.162791,19.046512,31.209302,7.837209,3.0,7.162791,0.0,0,0.0,,
50,4215,MOPSO,v29_hpp_cost_front_boost_fast,REPORT,3646.6543288670928,60,4195019575730.7554,5.12529,100,122.105222,151.613279,180.313184,1832.489198,2042.116516,2350.0,729.330866,2083.988056,3602.22266,19.783333,12.733333,17.483333,30.216667,7.95,3.0,7.333333,0.0,0,0.0,,
50,4216,MOPSO,v29_hpp_cost_front_boost_fast,REPORT,1335.439892410017,23,4137348496426.215,4.639268,100,139.944219,155.57875,177.263075,1750.0,1987.1976,2177.754267,267.087978,784.023054,1228.183228,18.608696,13.913043,17.478261,31.391304,8.0,3.0,7.304348,0.0,0,0.0,,
50,4217,MOPSO,v29_hpp_cost_front_boost_fast,REPORT,5579.359352568987,61,4048868025230.629,2.069759,40,143.176992,167.22382,185.167058,2160.0,2535.465094,3190.0,1115.871871,3756.164972,5474.599078,20.688525,13.409836,15.901639,29.311475,7.868852,3.0,6.934426,0.0,0,0.0,,
50,4218,MOPSO,v29_hpp_cost_front_boost_fast,REPORT,4013.162271163963,52,4178951788943.743,4.756896,100,126.641214,162.099119,182.176956,1725.542316,2201.077524,2970.0,802.632454,1863.622848,3874.542589,19.634615,13.230769,17.134615,30.365385,7.961538,3.0,7.0,0.0,0,0.0,,
50,4219,MOPSO,v29_hpp_cost_front_boost_fast,REPORT,3087.8076357420173,69,4220787751859.046,4.566344,100,120.65082,141.022329,179.99404,1680.0,1896.512982,2550.0,617.561527,1728.312794,3045.447856,16.304348,13.15942,20.536232,33.695652,7.652174,3.0,7.246377,0.0,0,0.0,,
50,4220,MOPSO,v29_hpp_cost_front_boost_fast,REPORT,2139.326715409324,20,4132581302345.938,4.698733,100,141.170515,151.922779,179.435406,1662.973348,1978.770681,2140.0,427.865343,1563.403323,2012.50646,16.65,12.9,20.45,33.35,8.0,3.0,7.65,0.0,0,0.0,,
50,4221,MOPSO,v29_hpp_cost_front_boost_fast,REPORT,5157.2647275412655,62,4203666318101.149,5.156427,100,117.994608,139.962434,160.644604,1790.0,2181.362642,2650.0,1031.452946,3142.298845,4863.15615,20.241935,13.370968,16.387097,29.758065,7.548387,3.0,6.5,0.0,0,0.0,,
50,4222,MOPSO,v29_hpp_cost_front_boost_fast,REPORT,3335.849645494943,88,4312978209709.2334,4.423716,99,100.557562,127.473184,168.575739,1700.0,1869.25992,2203.582455,667.169929,1603.036418,2868.499537,18.125,12.465909,19.409091,31.875,7.363636,3.0,7.170455,0.0,0,0.0,,
50,4223,MOPSO,v29_hpp_cost_front_boost_fast,REPORT,117.34316319977836,4,3992400394030.24,4.612623,100,172.192381,174.46797,175.226499,1759.771206,1939.942801,2000.0,23.468633,41.836714,96.94096,20.0,11.25,18.75,30.0,8.0,3.0,7.0,0.0,0,0.0,,
50,4224,MOPSO,v29_hpp_cost_front_boost_fast,REPORT,5417.733695048383,88,4163100920747.793,3.84233,82,123.318269,147.630187,181.923197,1950.0,2134.685316,2700.0,1083.546739,3157.58479,5161.009374,16.409091,12.988636,20.602273,33.590909,7.943182,2.988636,7.647727,0.0,0,0.0,,
50,4225,MOPSO,v29_hpp_cost_front_boost_fast,REPORT,5543.580734363059,80,4162837855277.1567,4.729588,100,123.099309,145.867204,182.440349,1940.0,2282.704924,2750.0,1108.716147,3197.397234,5479.837431,17.8375,14.075,18.0875,32.1625,7.7375,3.0,6.7875,0.0,0,0.0,,
50,4226,MOPSO,v29_hpp_cost_front_boost_fast,REPORT,1354.097975970817,34,4110472628098.5264,4.704644,100,142.239724,160.90268,179.412947,1940.0,2087.941176,2170.0,270.819595,609.488256,1235.716699,18.823529,13.264706,17.911765,31.176471,8.0,3.0,7.117647,0.0,0,0.0,,
50,4227,MOPSO,v29_hpp_cost_front_boost_fast,REPORT,344.45063776215306,9,4134565274768.867,4.580871,100,140.501707,159.484931,177.078191,1860.0,1899.155161,2120.0,68.890128,163.41428,332.187129,16.111111,12.0,21.888889,33.888889,7.444444,3.0,6.777778,0.0,0,0.0,,
50,4228,MOPSO,v29_hpp_cost_front_boost_fast,REPORT,3083.204796182274,64,4196267307707.92,4.623671,100,125.725783,153.335362,177.684026,1660.0,1928.933609,2780.0,616.640959,1898.017863,2930.909838,18.75,10.34375,20.90625,31.25,8.0,2.8125,7.59375,0.0,0,0.0,,
50,4229,MOPSO,v29_hpp_cost_front_boost_fast,REPORT,3468.2658744627474,70,4210543174784.93,4.386218,100,120.24961,148.767578,183.803605,1780.0,1974.968171,2830.0,693.653175,1789.220422,3362.219011,18.142857,12.328571,19.528571,31.857143,8.0,2.985714,7.542857,0.0,0,0.0,,
50,4230,MOPSO,v29_hpp_cost_front_boost_fast,REPORT,4059.801942042599,68,4265444470450.742,4.974162,100,104.347849,126.650833,144.619367,1960.0,2148.155987,2610.0,811.960388,2423.881552,4021.421698,21.985294,12.117647,15.897059,28.014706,7.838235,2.970588,6.676471,0.0,0,0.0,,
50,4201,Trad-NSGA2,v29_hpp_cost_front_boost_fast,REPORT,100.0,8,4298742649892.11,6.172005,100,115.104665,141.657733,173.984071,1410.0,1572.5,1750.0,0.0,22.328531,98.628246,19.25,10.125,20.625,30.75,8.0,3.0,7.75,0.0,5,0.625,1410.0,133.911308
50,4202,Trad-NSGA2,v29_hpp_cost_front_boost_fast,REPORT,100.0,14,4296098701576.776,5.803666,100,113.181183,137.101133,171.419701,1550.0,1660.206293,1770.0,0.0,38.64452,95.463274,23.785714,10.357143,15.857143,26.214286,7.428571,3.0,6.642857,0.0,6,0.428571,1550.0,132.134264
50,4203,Trad-NSGA2,v29_hpp_cost_front_boost_fast,REPORT,100.0,6,4163882568118.935,5.970893,100,139.145082,150.3848,169.976905,1630.0,1651.666667,1670.0,0.0,42.414887,84.489324,20.166667,11.166667,18.666667,29.833333,7.666667,3.0,7.333333,0.0,2,0.333333,1630.0,139.710889
50,4204,Trad-NSGA2,v29_hpp_cost_front_boost_fast,REPORT,100.0,6,4271413932368.079,6.18739,100,116.186673,124.661407,133.949483,1670.0,1700.0,1770.0,0.0,26.147712,56.886272,21.166667,10.833333,18.0,28.833333,6.0,3.0,5.333333,0.0,3,0.5,1670.0,131.822014
50,4205,Trad-NSGA2,v29_hpp_cost_front_boost_fast,REPORT,100.0,2,4174472950584.093,6.258457,100,136.61339,137.268881,137.924372,1650.0,1655.0,1660.0,0.0,0.0,0.0,20.0,12.0,18.0,30.0,7.0,3.0,7.0,0.0,2,1.0,1650.0,136.61339
50,4206,Trad-NSGA2,v29_hpp_cost_front_boost_fast,REPORT,100.0,8,4007733070363.653,6.057176,100,170.541482,175.033517,178.273165,1680.0,1910.0,1950.0,0.0,30.343931,81.20798,20.625,12.5,16.875,29.375,8.0,3.0,7.125,0.0,2,0.25,1940.0,174.846539
50,4207,Trad-NSGA2,v29_hpp_cost_front_boost_fast,REPORT,100.0,2,4267534894041.181,5.976858,100,116.788472,125.739174,134.689877,1680.0,1720.0,1760.0,0.0,0.0,0.0,23.5,10.5,16.0,26.5,7.0,3.0,7.0,0.0,2,1.0,1680.0,116.788472
50,4208,Trad-NSGA2,v29_hpp_cost_front_boost_fast,REPORT,100.0,4,4286642190516.261,6.097439,100,114.924001,138.835011,152.965272,1560.0,1667.5,1770.0,0.0,20.775079,53.100315,23.0,9.0,18.0,27.0,7.75,3.0,7.0,0.0,2,0.5,1560.0,135.088836
50,4209,Trad-NSGA2,v29_hpp_cost_front_boost_fast,REPORT,100.0,7,4251979482682.493,6.104785,100,119.969022,144.93473,171.840172,1680.0,1723.65784,1790.0,0.0,40.927844,90.0,19.428571,11.428571,19.142857,30.571429,7.285714,3.0,6.714286,0.0,1,0.142857,1785.604878,171.840172
50,4210,Trad-NSGA2,v29_hpp_cost_front_boost_fast,REPORT,100.0,5,4281108310879.9614,6.076099,100,116.706042,128.96151,136.870969,1530.0,1675.476041,2040.0,0.0,14.221531,37.673575,20.8,11.2,18.0,29.2,7.6,3.0,7.2,0.0,3,0.6,1530.0,119.102118
50,4211,Trad-NSGA2,v29_hpp_cost_front_boost_fast,REPORT,100.0,4,4277327022618.3447,5.776267,100,116.929746,129.754348,149.816686,1560.0,1632.003561,1700.0,0.0,17.183355,68.733422,22.75,10.25,17.0,27.25,7.25,3.0,7.0,0.0,3,0.75,1560.0,117.284625
50,4212,Trad-NSGA2,v29_hpp_cost_front_boost_fast,REPORT,100.0,3,4188185826606.94,6.201885,100,133.413309,141.901572,155.340871,1670.0,1691.165372,1730.0,0.0,0.0,0.0,17.0,11.0,22.0,33.0,8.0,3.0,7.666667,0.0,3,1.0,1670.0,133.413309
50,4213,Trad-NSGA2,v29_hpp_cost_front_boost_fast,REPORT,100.0,6,4282453217478.398,5.70374,100,116.418268,133.879117,154.142996,1530.0,1596.666667,1660.0,0.0,49.094884,97.859703,18.833333,10.5,20.666667,31.166667,8.0,3.0,7.666667,0.0,2,0.333333,1630.0,131.566463
50,4214,Trad-NSGA2,v29_hpp_cost_front_boost_fast,REPORT,100.0,10,4188681093125.4414,6.003629,100,133.796055,155.890332,172.337175,1640.0,1684.517499,1736.469452,0.0,41.274547,97.510474,18.6,12.6,18.8,31.4,7.7,3.0,6.4,0.0,2,0.2,1675.450864,169.893353
50,4215,Trad-NSGA2,v29_hpp_cost_front_boost_fast,REPORT,100.0,4,4259031257804.2666,5.956249,100,119.254155,131.976961,136.444056,1640.0,1670.010876,1760.0,0.0,50.536097,87.381463,18.75,12.0,19.25,31.25,8.0,3.0,7.75,0.0,1,0.25,1640.0,136.444056
50,4216,Trad-NSGA2,v29_hpp_cost_front_boost_fast,REPORT,100.0,3,4224906689437.292,6.04328,100,127.618698,136.742563,150.50196,1570.0,1596.666667,1650.0,0.0,11.660805,34.982414,23.666667,9.333333,17.0,26.333333,7.666667,3.0,6.333333,0.0,2,0.666667,1570.0,127.618698
50,4217,Trad-NSGA2,v29_hpp_cost_front_boost_fast,REPORT,100.0,3,4275119864244.262,5.959511,100,115.936121,122.575786,134.080549,1640.0,1713.333333,1750.0,0.0,25.0,65.0,20.333333,13.333333,16.333333,29.666667,6.333333,3.0,6.0,0.0,1,0.333333,1640.0,134.080549
50,4218,Trad-NSGA2,v29_hpp_cost_front_boost_fast,REPORT,100.0,2,4200807582969.0137,6.125134,100,130.968826,144.583449,158.198072,1660.0,1710.0,1760.0,0.0,31.815731,63.631461,24.0,9.5,16.5,26.0,7.5,3.0,7.0,0.0,1,0.5,1760.0,158.198072
50,4219,Trad-NSGA2,v29_hpp_cost_front_boost_fast,REPORT,100.0,6,4098100672224.216,6.298877,100,155.140741,166.463946,175.418654,1490.0,1637.004232,1870.0,0.0,16.386168,72.772337,18.166667,11.333333,20.5,31.833333,7.833333,3.0,7.666667,0.0,3,0.5,1490.0,161.15429
50,4220,Trad-NSGA2,v29_hpp_cost_front_boost_fast,REPORT,100.0,11,4294968556492.627,6.155554,100,114.113137,140.446654,175.533304,1510.0,1633.636364,1730.0,0.0,16.66157,56.746203,20.636364,9.090909,20.272727,29.363636,7.181818,3.0,6.818182,0.0,5,0.454545,1510.0,114.113137
50,4221,Trad-NSGA2,v29_hpp_cost_front_boost_fast,REPORT,100.0,15,4312332120336.461,6.290584,100,111.833899,135.537568,167.215732,1440.0,1547.333333,1780.0,0.0,23.3812,75.277564,24.666667,10.533333,14.8,25.333333,7.333333,3.0,5.666667,0.0,10,0.666667,1440.0,127.110045
50,4222,Trad-NSGA2,v29_hpp_cost_front_boost_fast,REPORT,100.0,10,4384890641334.6455,5.986556,100,95.281829,108.672983,116.8042,1530.0,1678.0,1840.0,0.0,21.92365,85.0,22.5,9.0,18.5,27.5,6.8,3.0,6.6,0.0,5,0.5,1540.0,111.442058
50,4223,Trad-NSGA2,v29_hpp_cost_front_boost_fast,REPORT,100.0,15,4296837832203.94,5.693771,100,114.144212,130.275955,154.867659,1490.0,1587.203749,1700.05508,0.0,46.793329,98.289094,19.266667,10.866667,19.866667,30.733333,7.4,3.0,7.133333,0.0,6,0.4,1490.0,132.132562
50,4224,Trad-NSGA2,v29_hpp_cost_front_boost_fast,REPORT,100.0,7,4283836063871.295,6.06608,100,113.806488,122.447161,135.475452,1650.0,1706.191598,1760.0,20.0,44.285714,70.0,19.428571,11.285714,19.285714,30.571429,7.714286,3.0,7.142857,0.0,0,0.0,,
50,4225,Trad-NSGA2,v29_hpp_cost_front_boost_fast,REPORT,100.0,3,4375989159890.139,5.863569,100,96.550561,113.758287,131.920811,1560.0,1616.666667,1660.0,0.0,10.0,30.0,20.333333,10.0,19.666667,29.666667,6.333333,3.0,5.666667,0.0,2,0.666667,1560.0,112.803487
50,4226,Trad-NSGA2,v29_hpp_cost_front_boost_fast,REPORT,100.0,6,4276754801547.885,6.030663,100,115.238061,142.306601,152.462709,1660.0,1678.955921,1696.919458,0.0,34.633065,83.590162,21.166667,13.166667,15.666667,28.833333,7.166667,3.0,6.0,0.0,2,0.333333,1660.0,149.941754
50,4227,Trad-NSGA2,v29_hpp_cost_front_boost_fast,REPORT,100.0,8,4300780815173.154,5.911786,100,112.292737,118.640961,131.5443,1550.0,1650.0,1850.0,0.0,27.630747,100.0,21.125,10.0,18.875,28.875,7.25,3.0,6.5,0.0,5,0.625,1550.0,112.789089
50,4228,Trad-NSGA2,v29_hpp_cost_front_boost_fast,REPORT,100.0,11,4209398407494.0654,6.007897,100,131.721314,142.622676,169.153867,1520.0,1568.674123,1687.707678,0.0,27.102023,71.490447,19.636364,10.090909,20.272727,30.363636,7.727273,3.0,6.818182,0.0,5,0.454545,1540.0,148.589072
50,4229,Trad-NSGA2,v29_hpp_cost_front_boost_fast,REPORT,100.0,8,4191684625786.024,6.091249,100,133.175988,146.614026,174.730278,1640.0,1723.75,1770.0,0.0,42.376166,99.994193,20.125,10.625,19.25,29.875,7.75,3.0,7.25,0.0,2,0.25,1650.0,155.638468
50,4230,Trad-NSGA2,v29_hpp_cost_front_boost_fast,REPORT,100.0,4,4271872991352.3945,5.904976,100,115.175367,116.094987,117.406504,1720.0,1747.5,1770.0,1.176283,53.394318,97.961822,22.5,11.75,15.75,27.5,8.0,3.0,7.5,0.0,0,0.0,,
100,4201,HPP-init-NSGA2,v29_hpp_cost_front_boost_fast,REPORT,100.0,9,3996141176829.263,21.946316,100,174.630375,188.44375,195.342535,1580.0,1721.111111,2320.0,0.0,7.777778,20.0,91.0,5.111111,3.888889,9.0,10.777778,1.0,1.888889,0.0,5,0.555556,1580.0,174.630375
100,4202,HPP-init-NSGA2,v29_hpp_cost_front_boost_fast,REPORT,100.0,8,4000850825594.433,22.044055,100,173.702257,179.553967,196.006449,1580.0,1658.75,1750.0,0.0,20.0,80.0,90.75,7.125,2.125,9.25,10.625,1.5,1.5,0.0,6,0.75,1580.0,173.730735
100,4203,HPP-init-NSGA2,v29_hpp_cost_front_boost_fast,REPORT,100.0,35,4012330857652.583,18.922796,100,170.726126,188.322781,235.230937,1600.0,1935.428571,2290.0,0.0,28.571429,100.0,94.142857,4.6,1.257143,5.857143,10.914286,1.285714,1.2,0.0,16,0.457143,1600.0,184.808317
100,4204,HPP-init-NSGA2,v29_hpp_cost_front_boost_fast,REPORT,100.0,20,4092737493482.456,20.642365,100,154.356164,174.620722,208.965206,1580.0,2040.5,2320.0,0.0,36.5,90.0,96.75,1.8,1.45,3.25,10.1,0.7,0.95,0.2,11,0.55,1580.0,168.260274
100,4205,HPP-init-NSGA2,v29_hpp_cost_front_boost_fast,REPORT,100.0,11,4013136739168.025,21.279402,100,170.921994,189.040964,208.668219,1580.0,1888.181818,2420.0,0.0,8.181818,90.0,95.181818,4.090909,0.727273,4.818182,11.090909,1.090909,0.545455,0.0,10,0.909091,1580.0,171.409878
100,4206,HPP-init-NSGA2,v29_hpp_cost_front_boost_fast,REPORT,100.0,7,3940204174196.364,19.502075,100,186.099348,200.474839,231.239799,1580.0,1741.428571,1920.0,0.0,0.0,0.0,94.0,0.428571,5.571429,6.0,11.857143,0.285714,3.714286,0.0,7,1.0,1580.0,186.099348
100,4207,HPP-init-NSGA2,v29_hpp_cost_front_boost_fast,REPORT,100.0,8,4014786691960.025,22.487397,100,170.6332,191.956499,236.754552,1580.0,1848.75,2310.0,0.0,0.0,0.0,95.625,3.25,1.125,4.375,11.25,1.125,0.875,0.0,8,1.0,1580.0,170.6332
100,4208,HPP-init-NSGA2,v29_hpp_cost_front_boost_fast,REPORT,100.0,13,4023543269171.702,19.514657,100,168.593065,182.367994,205.793281,1600.0,1928.461538,2320.0,0.0,31.538462,90.0,96.846154,2.615385,0.538462,3.153846,10.769231,0.692308,0.461538,0.230769,8,0.615385,1600.0,183.315068
100,4209,HPP-init-NSGA2,v29_hpp_cost_front_boost_fast,REPORT,100.0,15,4063309937311.895,18.30341,100,161.230123,170.291079,186.070414,1550.0,1962.0,2320.0,0.0,29.333333,100.0,91.133333,5.533333,3.333333,8.866667,9.733333,2.0,1.733333,0.0,7,0.466667,1550.0,173.001748
100,4210,HPP-init-NSGA2,v29_hpp_cost_front_boost_fast,REPORT,100.0,14,4079343775090.4814,20.405812,100,157.342466,176.849588,233.204551,1580.0,1726.428571,1800.0,0.0,15.714286,40.0,92.714286,2.0,5.285714,7.285714,10.0,0.714286,2.928571,0.0,6,0.428571,1580.0,174.123288
100,4211,HPP-init-NSGA2,v29_hpp_cost_front_boost_fast,REPORT,100.0,7,4016670142178.18,20.538347,100,169.908468,185.676343,209.903618,1600.0,1820.0,2250.0,0.0,0.0,0.0,95.714286,1.428571,2.857143,4.285714,10.857143,0.714286,1.428571,0.0,7,1.0,1600.0,169.908468
100,4212,HPP-init-NSGA2,v29_hpp_cost_front_boost_fast,REPORT,100.0,17,4146613595362.2266,19.0522,100,143.780446,183.201134,249.437848,1540.0,1900.0,2400.0,0.0,12.352941,90.0,92.117647,4.588235,3.294118,7.882353,10.352941,1.882353,2.0,0.0,12,0.705882,1540.0,158.073381
100,4213,HPP-init-NSGA2,v29_hpp_cost_front_boost_fast,REPORT,100.0,9,3952216657279.877,19.570597,100,183.561644,200.496605,242.570819,1580.0,1910.0,2230.0,0.0,0.0,0.0,97.222222,0.777778,2.0,2.777778,11.888889,0.333333,1.666667,0.222222,9,1.0,1580.0,183.561644
100,4214,HPP-init-NSGA2,v29_hpp_cost_front_boost_fast,REPORT,100.0,11,3956781342100.556,20.206813,100,182.69863,194.460241,215.917808,1580.0,1829.090909,2260.0,0.0,0.0,0.0,97.727273,0.818182,1.454545,2.272727,11.545455,0.363636,0.909091,0.181818,11,1.0,1580.0,182.69863
100,4215,HPP-init-NSGA2,v29_hpp_cost_front_boost_fast,REPORT,100.0,16,4054588239750.693,19.260154,100,162.150969,187.615579,228.084516,1580.0,1899.375,2470.0,0.0,41.25,100.0,92.1875,4.5625,3.25,7.8125,10.625,1.25,1.9375,0.0,6,0.375,1580.0,185.146197
100,4216,HPP-init-NSGA2,v29_hpp_cost_front_boost_fast,REPORT,100.0,16,4012872749231.006,18.269059,100,171.040594,188.596637,251.587102,1580.0,1986.25,2370.0,0.0,29.375,70.0,94.4375,4.3125,1.25,5.5625,10.9375,1.0625,1.0625,0.0,5,0.3125,1580.0,185.6064
100,4217,HPP-init-NSGA2,v29_hpp_cost_front_boost_fast,REPORT,100.0,21,4027799509941.068,16.994297,100,167.849315,188.026162,238.46049,1580.0,1916.666667,2310.0,0.0,24.285714,70.0,98.380952,0.904762,0.714286,1.619048,11.142857,0.52381,0.619048,0.428571,11,0.52381,1580.0,181.794521
100,4218,HPP-init-NSGA2,v29_hpp_cost_front_boost_fast,REPORT,100.0,21,4057902193016.183,20.109345,100,161.733541,190.022536,227.084337,1580.0,1764.761905,2040.0,0.0,13.333333,40.0,92.0,4.095238,3.904762,8.0,10.952381,1.619048,2.333333,0.0,14,0.666667,1580.0,173.666064
100,4219,HPP-init-NSGA2,v29_hpp_cost_front_boost_fast,REPORT,100.0,8,4012020908905.606,20.640516,100,171.108739,194.890383,208.704036,1580.0,1807.5,2240.0,0.0,17.5,70.0,95.75,3.625,0.625,4.25,11.625,1.0,0.625,0.0,6,0.75,1580.0,185.49836
100,4220,HPP-init-NSGA2,v29_hpp_cost_front_boost_fast,REPORT,100.0,11,4008358244214.349,19.743678,100,171.917808,185.072882,206.438664,1580.0,2003.636364,2190.0,0.0,20.909091,70.0,96.090909,1.0,2.909091,3.909091,10.818182,0.545455,2.0,0.0,4,0.363636,1580.0,186.164384
100,4221,HPP-init-NSGA2,v29_hpp_cost_front_boost_fast,REPORT,100.0,4,3933577399738.584,20.422365,100,187.257792,189.713427,194.48631,1600.0,1725.0,1920.0,0.0,0.0,0.0,95.25,2.0,2.75,4.75,11.0,1.0,1.5,0.0,4,1.0,1600.0,187.257792
100,4222,HPP-init-NSGA2,v29_hpp_cost_front_boost_fast,REPORT,100.0,19,4019488067653.709,20.163278,100,169.821903,191.445667,261.103136,1570.0,1755.789474,2230.0,0.0,14.210526,90.0,93.0,4.736842,2.263158,7.0,11.368421,1.157895,1.526316,0.0,16,0.842105,1570.0,185.041081
100,4223,HPP-init-NSGA2,v29_hpp_cost_front_boost_fast,REPORT,100.0,11,4061720093555.27,18.806057,100,160.997462,199.814626,262.649482,1580.0,1749.090909,2320.0,0.0,8.181818,90.0,93.454545,2.090909,4.454545,6.545455,11.454545,0.909091,2.272727,0.090909,10,0.909091,1580.0,169.041096
100,4224,HPP-init-NSGA2,v29_hpp_cost_front_boost_fast,REPORT,100.0,5,3940106150172.5166,20.446333,100,186.23282,203.599805,218.679969,1580.0,1650.0,1880.0,0.0,4.0,20.0,92.6,3.8,3.6,7.4,11.6,1.2,2.6,0.0,4,0.8,1580.0,186.23282
100,4225,HPP-init-NSGA2,v29_hpp_cost_front_boost_fast,REPORT,100.0,14,3997070366688.8,18.949451,100,174.505671,187.505763,214.163205,1570.0,1872.142857,2420.0,0.0,12.857143,90.0,90.928571,5.857143,3.214286,9.071429,10.714286,1.0,1.857143,0.0,12,0.857143,1570.0,174.51937
100,4226,HPP-init-NSGA2,v29_hpp_cost_front_boost_fast,REPORT,100.0,12,4022044581668.25,18.855,100,169.175882,188.145815,225.863014,1580.0,1789.166667,1950.0,0.0,26.666667,90.0,93.583333,4.0,2.416667,6.416667,11.083333,0.833333,1.833333,0.0,6,0.5,1580.0,185.422711
100,4227,HPP-init-NSGA2,v29_hpp_cost_front_boost_fast,REPORT,100.0,8,4037537853873.2505,18.761628,100,165.501717,180.838714,223.188555,1600.0,2065.0,2320.0,0.0,5.0,40.0,95.75,2.875,1.375,4.25,10.5,1.125,1.0,0.0,7,0.875,1600.0,171.455122
100,4228,HPP-init-NSGA2,v29_hpp_cost_front_boost_fast,REPORT,100.0,19,4002463837871.797,20.450923,100,173.593399,204.879892,251.134031,1550.0,1760.0,2190.0,0.0,20.526316,70.0,94.421053,2.473684,3.105263,5.578947,11.842105,1.421053,2.105263,0.0,11,0.578947,1580.0,187.996948
100,4229,HPP-init-NSGA2,v29_hpp_cost_front_boost_fast,REPORT,100.0,13,3942227720756.5874,19.077687,100,185.246575,204.592945,237.445278,1600.0,1936.923077,2310.0,0.0,20.769231,80.0,96.461538,2.076923,1.461538,3.538462,12.0,0.846154,1.153846,0.384615,8,0.615385,1600.0,197.630137
100,4230,HPP-init-NSGA2,v29_hpp_cost_front_boost_fast,REPORT,100.0,8,3950043252847.408,16.952798,100,183.767123,201.47341,237.991462,1600.0,1780.0,2060.0,0.0,11.25,90.0,97.25,1.5,1.25,2.75,12.0,0.625,1.0,0.375,7,0.875,1600.0,183.767123
100,4201,KMeans-init-NSGA2,v29_hpp_cost_front_boost_fast,REPORT,100.0,23,3955668350031.6206,13.737858,100,181.465753,207.567122,228.479452,1660.0,1838.695652,2140.0,0.0,39.130435,100.0,99.565217,0.043478,0.391304,0.434783,12.565217,0.043478,0.391304,0.608696,10,0.434783,1660.0,181.465753
100,4202,KMeans-init-NSGA2,v29_hpp_cost_front_boost_fast,REPORT,100.0,8,3888783425434.019,12.36427,100,195.986301,216.595488,228.767123,1630.0,1718.75,2040.0,0.0,1.25,10.0,99.875,0.125,0.0,0.125,13.25,0.125,0.0,0.875,7,0.875,1630.0,195.986301
100,4203,KMeans-init-NSGA2,v29_hpp_cost_front_boost_fast,REPORT,100.0,4,3878601282797.8975,12.348755,100,198.369863,207.532636,216.941984,1610.0,1805.0,2010.0,0.0,0.0,0.0,99.5,0.0,0.5,0.5,12.5,0.0,0.5,0.5,4,1.0,1610.0,198.369863
100,4204,KMeans-init-NSGA2,v29_hpp_cost_front_boost_fast,REPORT,100.0,10,3949412739540.3374,9.531632,100,182.452055,191.149024,212.150685,1690.0,1866.0,2230.0,0.0,17.0,60.0,99.5,0.5,0.0,0.5,11.5,0.4,0.0,0.6,5,0.5,1690.0,182.452055
100,4205,KMeans-init-NSGA2,v29_hpp_cost_front_boost_fast,REPORT,100.0,17,4011304893532.42,10.008438,100,171.09589,207.000492,251.589802,1590.0,1754.117647,2140.0,0.0,13.529412,60.0,98.764706,0.0,1.235294,1.235294,12.352941,0.0,1.235294,0.235294,10,0.588235,1600.0,196.684932
100,4206,KMeans-init-NSGA2,v29_hpp_cost_front_boost_fast,REPORT,100.0,6,3937496677054.0166,11.869767,100,185.059468,199.576121,215.424658,1680.0,1880.0,2480.0,0.0,35.0,80.0,99.5,0.0,0.5,0.5,12.166667,0.0,0.5,0.5,3,0.5,1680.0,199.479452
100,4207,KMeans-init-NSGA2,v29_hpp_cost_front_boost_fast,REPORT,100.0,11,3952207768239.7256,10.924933,100,182.328767,212.445828,228.60274,1650.0,1797.272727,2280.0,0.0,16.363636,90.0,100.0,0.0,0.0,0.0,13.0,0.0,0.0,1.0,9,0.818182,1650.0,182.328767
100,4208,KMeans-init-NSGA2,v29_hpp_cost_front_boost_fast,REPORT,100.0,12,3878159562943.852,10.369961,100,197.383562,215.891312,242.465753,1670.0,1866.666667,2050.0,0.0,10.833333,40.0,99.666667,0.083333,0.25,0.333333,13.166667,0.083333,0.166667,0.75,8,0.666667,1680.0,200.317016
100,4209,KMeans-init-NSGA2,v29_hpp_cost_front_boost_fast,REPORT,100.0,7,3983103312209.233,8.283127,100,175.534097,185.204451,199.561644,1680.0,1972.857143,2210.0,0.0,20.0,70.0,98.285714,1.285714,0.428571,1.714286,10.714286,1.285714,0.428571,0.285714,5,0.714286,1680.0,176.643686
100,4210,KMeans-init-NSGA2,v29_hpp_cost_front_boost_fast,REPORT,100.0,8,3949890205479.452,10.657733,100,183.150685,203.542808,242.630137,1630.0,1923.75,2320.0,0.0,0.0,0.0,100.0,0.0,0.0,0.0,12.375,0.0,0.0,1.0,8,1.0,1630.0,183.150685
100,4211,KMeans-init-NSGA2,v29_hpp_cost_front_boost_fast,REPORT,100.0,5,3879675904109.589,11.240843,100,197.054795,216.071233,230.630137,1670.0,1812.0,2320.0,0.0,0.0,0.0,99.6,0.0,0.4,0.4,13.2,0.0,0.4,0.6,5,1.0,1670.0,197.054795
100,4212,KMeans-init-NSGA2,v29_hpp_cost_front_boost_fast,REPORT,100.0,2,3879827794520.548,11.967024,100,197.054795,198.773973,200.493151,1680.0,1685.0,1690.0,0.0,0.0,0.0,99.5,0.0,0.5,0.5,12.0,0.0,0.5,0.5,2,1.0,1680.0,197.054795
100,4213,KMeans-init-NSGA2,v29_hpp_cost_front_boost_fast,REPORT,100.0,3,4007354311287.672,10.431578,100,170.410959,182.922374,195.945205,1690.0,1790.0,1980.0,0.0,16.666667,50.0,99.666667,0.0,0.333333,0.333333,11.0,0.0,0.333333,0.666667,2,0.666667,1690.0,182.410959
100,4214,KMeans-init-NSGA2,v29_hpp_cost_front_boost_fast,REPORT,100.0,24,4026527951234.042,9.36287,100,167.150685,187.774987,246.534247,1640.0,2000.0,2470.0,0.0,29.583333,100.0,99.666667,0.166667,0.166667,0.333333,11.291667,0.166667,0.166667,0.708333,11,0.458333,1640.0,183.273973
100,4215,KMeans-init-NSGA2,v29_hpp_cost_front_boost_fast,REPORT,100.0,4,3948771475603.0137,8.987446,100,183.027397,198.859961,214.0,1660.0,1797.5,1940.0,0.0,20.0,80.0,99.75,0.0,0.25,0.25,12.0,0.0,0.25,0.75,3,0.75,1660.0,183.027397
100,4216,KMeans-init-NSGA2,v29_hpp_cost_front_boost_fast,REPORT,100.0,7,4012496591100.024,9.994047,100,170.682348,190.551121,200.767123,1600.0,1864.285714,2120.0,0.0,28.571429,90.0,99.285714,0.0,0.714286,0.714286,11.571429,0.0,0.714286,0.428571,4,0.571429,1600.0,181.712329
100,4217,KMeans-init-NSGA2,v29_hpp_cost_front_boost_fast,REPORT,100.0,3,3879775163623.113,12.06252,100,196.931507,208.032217,215.50761,1680.0,1830.0,2120.0,0.0,0.0,0.0,99.666667,0.0,0.333333,0.333333,12.666667,0.0,0.333333,0.666667,3,1.0,1680.0,196.931507
100,4218,KMeans-init-NSGA2,v29_hpp_cost_front_boost_fast,REPORT,100.0,7,4024750598793.412,8.778737,100,166.863014,182.647477,200.4168,1680.0,1964.285714,2330.0,0.0,51.428571,90.0,99.714286,0.142857,0.142857,0.285714,11.0,0.142857,0.142857,0.714286,3,0.428571,1680.0,183.438356
100,4219,KMeans-init-NSGA2,v29_hpp_cost_front_boost_fast,REPORT,100.0,2,3883196397260.274,9.477807,100,196.191781,196.376712,196.561644,1690.0,1705.0,1720.0,0.0,0.0,0.0,100.0,0.0,0.0,0.0,12.0,0.0,0.0,1.0,2,1.0,1690.0,196.191781
100,4220,KMeans-init-NSGA2,v29_hpp_cost_front_boost_fast,REPORT,100.0,6,3945770728423.912,9.745125,100,183.315068,194.783559,216.369863,1680.0,1995.0,2480.0,0.0,30.0,90.0,99.166667,0.333333,0.5,0.833333,11.666667,0.166667,0.5,0.5,3,0.5,1680.0,197.383562
100,4221,KMeans-init-NSGA2,v29_hpp_cost_front_boost_fast,REPORT,100.0,15,3935511146332.54,9.438656,100,185.452055,206.21134,233.233637,1670.0,1970.666667,2320.0,0.0,16.666667,80.0,99.333333,0.333333,0.333333,0.666667,12.466667,0.266667,0.333333,0.533333,10,0.666667,1670.0,198.493151
100,4222,KMeans-init-NSGA2,v29_hpp_cost_front_boost_fast,REPORT,100.0,6,3857005993197.26,9.822093,100,202.041096,217.232877,244.561644,1660.0,1760.0,1940.0,0.0,11.666667,40.0,99.666667,0.0,0.333333,0.333333,13.166667,0.0,0.333333,0.666667,4,0.666667,1680.0,202.041096
100,4223,KMeans-init-NSGA2,v29_hpp_cost_front_boost_fast,REPORT,100.0,23,4015042934618.083,8.988564,100,170.188559,191.099502,203.088641,1600.0,1876.956522,2320.0,0.0,9.130435,30.0,98.782609,0.086957,1.130435,1.217391,11.521739,0.086957,0.956522,0.434783,12,0.521739,1600.0,183.520548
100,4224,KMeans-init-NSGA2,v29_hpp_cost_front_boost_fast,REPORT,100.0,11,3883093627384.428,10.927478,100,196.767123,214.646358,244.808219,1650.0,1794.545455,2120.0,0.0,9.090909,40.0,99.818182,0.090909,0.090909,0.181818,13.090909,0.090909,0.090909,0.818182,8,0.727273,1650.0,196.767123
100,4225,KMeans-init-NSGA2,v29_hpp_cost_front_boost_fast,REPORT,100.0,7,3942733745891.471,9.222303,100,184.958904,197.725245,218.172604,1610.0,1982.857143,2140.0,0.0,40.0,70.0,99.571429,0.285714,0.142857,0.428571,11.857143,0.142857,0.142857,0.857143,2,0.285714,1610.0,211.123288
100,4226,KMeans-init-NSGA2,v29_hpp_cost_front_boost_fast,REPORT,100.0,6,3955428790082.193,9.341511,100,181.958904,210.716895,228.767123,1640.0,1736.666667,1920.0,0.0,8.333333,50.0,100.0,0.0,0.0,0.0,12.833333,0.0,0.0,1.0,5,0.833333,1640.0,181.958904
100,4227,KMeans-init-NSGA2,v29_hpp_cost_front_boost_fast,REPORT,100.0,5,3944898953998.4033,10.705008,100,183.760836,201.021126,216.522875,1660.0,1870.0,2140.0,0.0,20.0,70.0,99.6,0.4,0.0,0.4,12.2,0.4,0.0,0.6,3,0.6,1660.0,196.808219
100,4228,KMeans-init-NSGA2,v29_hpp_cost_front_boost_fast,REPORT,100.0,18,4004892325545.2393,7.629514,100,172.500819,194.625681,249.7444,1590.0,1983.333333,2310.0,0.0,50.829666,100.0,98.111111,0.444444,1.444444,1.888889,11.555556,0.333333,1.388889,0.222222,3,0.166667,1590.0,197.013699
100,4229,KMeans-init-NSGA2,v29_hpp_cost_front_boost_fast,REPORT,100.0,7,3878774734402.888,9.258846,100,198.205479,207.334747,214.657534,1620.0,1751.428571,1880.0,0.0,0.0,0.0,99.857143,0.0,0.142857,0.142857,12.571429,0.0,0.142857,0.857143,7,1.0,1620.0,198.205479
100,4230,KMeans-init-NSGA2,v29_hpp_cost_front_boost_fast,REPORT,100.0,3,3883756429683.387,10.455609,100,196.232877,211.831304,228.671993,1680.0,1686.666667,1690.0,0.0,6.666667,20.0,99.666667,0.333333,0.0,0.333333,13.0,0.333333,0.0,0.666667,2,0.666667,1680.0,210.589041
100,4201,MOPSO,v29_hpp_cost_front_boost_fast,REPORT,4261.325380743976,48,3380410831608.662,6.228711,82,288.205378,304.242759,333.586818,2080.0,2375.633683,2660.0,852.265076,2341.868081,4258.257971,39.020833,26.8125,34.166667,60.979167,14.979167,4.979167,13.166667,0.0,0,0.0,,
100,4202,MOPSO,v29_hpp_cost_front_boost_fast,REPORT,2516.0063803918947,72,3621640482667.115,7.257772,100,239.5458,277.77331,329.084946,2091.826354,2368.195604,2580.0,503.201276,1541.176677,2489.244125,38.013889,29.263889,32.722222,61.986111,14.958333,5.0,13.680556,0.0,0,0.0,,
100,4203,MOPSO,v29_hpp_cost_front_boost_fast,REPORT,7078.263112474388,71,3381356159109.436,3.406637,40,276.819354,312.94699,345.989722,2440.0,2704.366197,3160.0,1415.652622,4511.220738,7056.511107,41.859155,27.042254,31.098592,58.140845,14.71831,4.971831,13.605634,0.0,0,0.0,,
100,4204,MOPSO,v29_hpp_cost_front_boost_fast,REPORT,9200.994451096843,95,3551709469985.1206,7.72498,100,241.682828,292.367176,337.861344,2208.877577,2461.119552,3780.0,1840.19889,3809.762009,9032.355551,37.936842,27.431579,34.631579,62.063158,14.736842,5.0,13.652632,0.0,0,0.0,,
100,4205,MOPSO,v29_hpp_cost_front_boost_fast,REPORT,3993.018806130533,53,3450963929531.165,7.593377,100,272.475294,299.960786,330.377814,2126.892481,2370.91273,2950.0,798.603761,2745.557604,3915.303904,38.849057,24.849057,36.301887,61.150943,14.943396,5.0,13.566038,0.0,0,0.0,,
100,4206,MOPSO,v29_hpp_cost_front_boost_fast,REPORT,7537.149182650772,72,3482226244907.9976,7.583353,100,259.311714,285.743764,317.886815,2160.0,2647.315166,3360.0,1507.429837,4233.805816,7531.759844,39.319444,28.597222,32.083333,60.680556,14.916667,5.0,12.888889,0.0,0,0.0,,
100,4207,MOPSO,v29_hpp_cost_front_boost_fast,REPORT,9263.771187264125,90,3529174775242.1016,7.025618,92,248.861909,286.954203,342.999763,2013.813807,2451.042051,3050.0,1852.754237,4360.272505,8765.283793,34.166667,28.366667,37.466667,65.833333,14.688889,5.0,13.677778,0.0,0,0.0,,
100,4208,MOPSO,v29_hpp_cost_front_boost_fast,REPORT,4346.382956999776,63,3523020744846.2505,6.282512,79,258.459286,285.337509,313.574775,2050.0,2307.770937,2890.0,869.276591,2210.086257,4197.344758,38.761905,24.031746,37.206349,61.238095,15.0,5.0,14.571429,0.0,0,0.0,,
100,4209,MOPSO,v29_hpp_cost_front_boost_fast,REPORT,5018.976949814174,57,3487987618809.0264,7.37512,100,262.308524,303.873846,342.749964,2130.0,2572.043664,3350.0,1003.79539,2552.445221,5003.923083,36.438596,28.087719,35.473684,63.561404,14.912281,5.0,13.877193,0.0,0,0.0,,
100,4210,MOPSO,v29_hpp_cost_front_boost_fast,REPORT,4269.379325742102,67,3537176187518.144,7.634649,100,252.58455,293.360996,341.402945,2180.0,2392.798026,2940.0,853.875865,2585.473749,4267.033835,38.134328,26.447761,35.41791,61.865672,14.80597,5.0,13.41791,0.0,0,0.0,,
100,4211,MOPSO,v29_hpp_cost_front_boost_fast,REPORT,4082.027504873756,52,3378792055081.81,5.050355,67,285.513726,315.445443,342.10015,2270.0,2571.420392,3030.0,816.405501,2602.048779,3856.450128,37.826923,29.096154,33.076923,62.173077,14.903846,5.0,13.730769,0.0,0,0.0,,
100,4212,MOPSO,v29_hpp_cost_front_boost_fast,REPORT,8616.04509812418,84,3542358530419.161,7.410779,100,245.60312,288.121989,341.59946,2100.0,2512.506796,3190.0,1723.20902,3955.057215,8493.527739,37.5,28.011905,34.488095,62.5,14.702381,5.0,13.142857,0.0,0,0.0,,
100,4213,MOPSO,v29_hpp_cost_front_boost_fast,REPORT,3179.541315220547,45,3461162711014.1704,7.15837,100,273.344196,297.165165,315.237331,2051.46805,2251.996246,2990.0,635.908263,1613.620965,3101.414791,36.577778,27.822222,35.6,63.422222,14.444444,5.0,13.355556,0.0,0,0.0,,
100,4214,MOPSO,v29_hpp_cost_front_boost_fast,REPORT,4542.321677201531,71,3653833473661.105,7.076384,100,227.719265,272.380719,338.132037,2170.069518,2391.72172,3090.0,908.464335,2875.636506,4541.752176,31.338028,31.971831,36.690141,68.661972,14.929577,5.0,14.056338,0.0,0,0.0,,
100,4215,MOPSO,v29_hpp_cost_front_boost_fast,REPORT,3951.337349358692,36,3421420918384.0337,7.446919,100,278.143292,297.741996,333.325699,2170.0,2466.348809,2760.0,790.26747,2878.576306,3921.070309,38.638889,26.861111,34.5,61.361111,14.722222,5.0,13.416667,0.0,0,0.0,,
100,4216,MOPSO,v29_hpp_cost_front_boost_fast,REPORT,9959.572085639384,91,3523362100074.3906,5.076563,65,246.24671,294.892408,341.927876,2180.0,2551.303712,3340.0,1991.914417,5117.750117,9315.929115,38.043956,27.098901,34.857143,61.956044,14.813187,5.0,13.714286,0.0,0,0.0,,
100,4217,MOPSO,v29_hpp_cost_front_boost_fast,REPORT,4001.8880771898657,57,3525179804149.3364,7.618615,100,255.960183,286.338722,327.472476,2185.261805,2438.360853,3230.0,800.377615,2369.031957,3893.290129,37.894737,31.22807,30.877193,62.105263,14.947368,5.0,13.263158,0.0,0,0.0,,
100,4218,MOPSO,v29_hpp_cost_front_boost_fast,REPORT,5628.081528424423,59,3477885091050.384,5.726179,78,264.4076,292.326537,322.885727,2110.0,2597.799677,3320.0,1125.616306,3216.068634,5566.950906,38.79661,27.440678,33.762712,61.20339,14.881356,5.0,13.542373,0.0,0,0.0,,
100,4219,MOPSO,v29_hpp_cost_front_boost_fast,REPORT,5289.479308363625,68,3500959767333.17,6.870196,98,259.179217,299.773642,334.713042,2170.0,2397.283932,3160.0,1057.895862,2753.217261,4996.812905,35.970588,29.264706,34.764706,64.029412,14.838235,5.0,13.632353,0.0,0,0.0,,
100,4220,MOPSO,v29_hpp_cost_front_boost_fast,REPORT,4054.292480762701,55,3493493045080.215,7.575886,100,261.514146,305.652032,334.567225,2210.0,2468.214371,2860.0,810.858496,2605.483461,3759.880852,36.745455,31.545455,31.709091,63.254545,14.854545,4.963636,13.4,0.0,0,0.0,,
100,4221,MOPSO,v29_hpp_cost_front_boost_fast,REPORT,2439.8377310980604,46,3452489865296.189,7.084501,100,272.955451,288.858349,332.931686,2259.710213,2456.583335,2780.0,487.967546,1505.452288,2346.127656,39.978261,26.173913,33.847826,60.021739,14.956522,5.0,13.021739,0.0,0,0.0,,
100,4222,MOPSO,v29_hpp_cost_front_boost_fast,REPORT,6947.05704485115,95,3454270883823.7725,4.513438,60,264.396057,301.939242,343.872647,2300.0,2616.072861,3100.0,1389.411409,3495.511691,6831.518377,37.494737,29.305263,33.2,62.505263,14.842105,5.0,14.294737,0.0,0,0.0,,
100,4223,MOPSO,v29_hpp_cost_front_boost_fast,REPORT,7699.107267660136,69,3485641660086.5234,6.318644,75,257.719171,285.370165,325.399277,2230.0,2544.745431,3244.698041,1539.821454,4259.026365,7639.645442,36.188406,31.42029,32.391304,63.811594,14.826087,5.0,13.478261,0.0,0,0.0,,
100,4224,MOPSO,v29_hpp_cost_front_boost_fast,REPORT,7770.071096317586,82,3421735572358.8906,7.950714,100,270.312807,301.361008,339.208318,2330.0,2539.409609,3420.0,1554.014219,5411.329877,7714.778414,39.243902,27.134146,33.621951,60.756098,14.804878,5.0,12.768293,0.0,0,0.0,,
100,4225,MOPSO,v29_hpp_cost_front_boost_fast,REPORT,5072.451245281581,46,3446878415437.025,7.328639,100,267.962529,295.592985,331.581039,2336.82449,2570.278283,3040.0,1014.490249,3334.649723,5018.884521,40.021739,30.847826,29.130435,59.978261,14.608696,5.0,12.956522,0.0,0,0.0,,
100,4226,MOPSO,v29_hpp_cost_front_boost_fast,REPORT,5054.071088210422,66,3587763465301.602,8.250864,100,241.015443,271.435149,310.324311,2150.0,2503.640078,3090.0,1010.814218,3292.751037,4852.696333,41.848485,30.090909,28.060606,58.151515,14.909091,5.0,12.287879,0.0,0,0.0,,
100,4227,MOPSO,v29_hpp_cost_front_boost_fast,REPORT,7947.267011005015,72,3455857543041.108,7.581011,100,264.171805,298.818697,336.062074,2210.0,2484.564207,3050.0,1589.453402,4630.926398,7691.839936,36.236111,29.277778,34.486111,63.763889,14.944444,5.0,13.861111,0.0,0,0.0,,
100,4228,MOPSO,v29_hpp_cost_front_boost_fast,REPORT,3656.320303368668,41,3476062685485.14,6.949368,100,264.509281,296.043576,343.525871,2330.0,2447.90468,2600.0,731.264061,2267.447569,3601.96494,34.97561,29.780488,35.243902,65.02439,14.682927,5.0,13.926829,0.0,0,0.0,,
100,4229,MOPSO,v29_hpp_cost_front_boost_fast,REPORT,5041.292232026633,64,3433048218993.3047,7.505512,100,273.905446,302.721715,334.585823,2170.0,2531.763775,2920.0,1008.258446,3144.104215,4925.897718,40.5625,30.015625,29.421875,59.4375,14.859375,5.0,13.140625,0.0,0,0.0,,
100,4230,MOPSO,v29_hpp_cost_front_boost_fast,REPORT,2613.9397397290995,16,3465366269706.838,7.446887,100,272.605485,288.227934,299.356256,2073.621213,2373.673902,2690.0,522.787948,1810.691553,2556.689922,35.125,30.0625,34.8125,64.875,14.875,5.0,13.8125,0.0,0,0.0,,
100,4201,Trad-NSGA2,v29_hpp_cost_front_boost_fast,REPORT,1257.6597590509311,15,3679035958760.248,9.134219,100,231.757,268.071204,292.279942,1980.0,2073.261518,2270.0,251.531952,633.132624,1184.426516,32.733333,32.466667,34.8,67.266667,14.733333,5.0,12.733333,0.0,0,0.0,,
100,4202,Trad-NSGA2,v29_hpp_cost_front_boost_fast,REPORT,100.0,4,3488698394424.952,9.564104,100,272.762625,289.233436,306.730751,2020.0,2125.0,2160.0,0.0,54.571183,84.142366,37.0,29.75,33.25,63.0,14.5,5.0,13.0,0.0,1,0.25,2160.0,302.055466
100,4203,Trad-NSGA2,v29_hpp_cost_front_boost_fast,REPORT,258.6902493421724,8,3330012210806.1475,9.064687,100,305.22855,320.285023,331.515882,2040.0,2166.409334,2320.0,51.73805,132.87659,190.0,39.5,29.75,30.75,60.5,14.875,5.0,12.875,0.0,0,0.0,,
100,4204,Trad-NSGA2,v29_hpp_cost_front_boost_fast,REPORT,100.0,7,3396134593478.9854,9.125049,100,294.13731,305.997943,318.617009,1882.358121,2103.194017,2350.0,0.0,7.142857,40.0,42.428571,26.857143,30.714286,57.571429,14.0,5.0,11.428571,0.0,5,0.714286,1882.358121,301.315292
100,4205,Trad-NSGA2,v29_hpp_cost_front_boost_fast,REPORT,100.0,7,3511977727954.3,9.578807,100,270.747905,302.837834,333.806091,1831.29112,2098.755874,2240.0,0.0,10.759605,30.0,40.0,28.571429,31.428571,60.0,14.857143,5.0,13.714286,0.0,3,0.428571,2070.0,324.732953
100,4206,Trad-NSGA2,v29_hpp_cost_front_boost_fast,REPORT,100.0,7,3398415012315.052,9.134073,100,288.086903,314.802269,330.289171,2260.0,2300.0,2380.0,0.0,38.099361,91.187006,43.571429,25.714286,30.714286,56.428571,14.571429,4.857143,11.285714,0.0,1,0.142857,2380.0,330.289171
100,4207,Trad-NSGA2,v29_hpp_cost_front_boost_fast,REPORT,100.0,6,3417644895309.087,9.625897,100,283.794985,305.211854,330.942437,2280.0,2298.333333,2370.0,0.0,35.753173,75.566106,31.333333,35.0,33.666667,68.666667,13.833333,5.0,12.833333,0.0,1,0.166667,2290.0,330.942437
100,4208,Trad-NSGA2,v29_hpp_cost_front_boost_fast,REPORT,100.0,2,3366205341642.7827,9.09922,100,299.715563,302.229136,304.742709,1930.0,1991.610527,2053.221054,0.0,0.0,0.0,37.5,29.5,33.0,62.5,14.0,5.0,11.0,0.0,2,1.0,1930.0,299.715563
100,4209,Trad-NSGA2,v29_hpp_cost_front_boost_fast,REPORT,100.0,10,3702656909109.2456,8.931563,100,230.574882,261.097134,288.860464,1869.645445,1993.389645,2170.0,0.0,43.571689,88.306431,42.8,29.2,28.0,57.2,14.0,5.0,12.1,0.0,2,0.2,1915.522292,272.895218
100,4210,Trad-NSGA2,v29_hpp_cost_front_boost_fast,REPORT,100.0,5,3344942959880.334,9.216197,100,302.322006,318.514098,324.815109,2043.741868,2132.562576,2350.0,8.92776,46.047931,96.973449,37.6,30.6,31.8,62.4,15.0,5.0,11.4,0.0,0,0.0,,
100,4211,Trad-NSGA2,v29_hpp_cost_front_boost_fast,REPORT,100.0,4,3389339344749.957,9.440582,100,293.701302,308.985524,327.696799,2005.517304,2138.879326,2270.0,0.0,25.0,100.0,35.0,30.75,34.25,65.0,14.5,5.0,13.0,0.0,3,0.75,2005.517304,293.701302
100,4212,Trad-NSGA2,v29_hpp_cost_front_boost_fast,REPORT,100.0,1,3271150479497.345,9.233424,100,311.784826,311.784826,311.784826,2460.0,2460.0,2460.0,19.08616,19.08616,19.08616,43.0,29.0,28.0,57.0,14.0,5.0,11.0,0.0,0,0.0,,
100,4213,Trad-NSGA2,v29_hpp_cost_front_boost_fast,REPORT,100.0,3,3310447289294.202,9.091116,100,308.587848,310.105969,311.18992,2120.0,2176.666667,2280.0,0.0,13.333333,20.0,34.333333,30.666667,35.0,65.666667,14.666667,5.0,12.333333,0.0,1,0.333333,2280.0,308.587848
100,4214,Trad-NSGA2,v29_hpp_cost_front_boost_fast,REPORT,100.0,8,3702371539730.4937,8.719936,100,231.341924,251.223441,268.856476,1826.525902,1994.648989,2160.666013,0.0,28.307726,58.850774,35.375,29.625,35.0,64.625,14.5,5.0,13.375,0.0,1,0.125,2040.0,268.684544
100,4215,Trad-NSGA2,v29_hpp_cost_front_boost_fast,REPORT,606.5346644327053,4,3677691700490.594,8.555841,100,233.485562,253.420389,270.877496,1960.0,1970.0,1980.0,121.306933,340.648304,535.936053,39.75,27.75,32.5,60.25,12.75,5.0,10.75,0.0,0,0.0,,
100,4216,Trad-NSGA2,v29_hpp_cost_front_boost_fast,REPORT,100.0,1,3402157276119.675,8.478336,100,288.775601,288.775601,288.775601,2160.0,2160.0,2160.0,10.0,10.0,10.0,36.0,29.0,35.0,64.0,15.0,5.0,13.0,0.0,0,0.0,,
100,4217,Trad-NSGA2,v29_hpp_cost_front_boost_fast,REPORT,313.60927387207767,2,3595321436430.284,9.435085,100,252.013987,262.572736,273.131484,1900.0,1954.486899,2008.973799,62.721855,92.322038,121.922222,32.5,26.5,41.0,67.5,15.0,5.0,14.5,0.0,0,0.0,,
100,4218,Trad-NSGA2,v29_hpp_cost_front_boost_fast,REPORT,100.0,5,3414685598349.1304,9.592462,100,288.306375,306.71198,320.025531,2020.0,2146.0,2370.0,0.0,19.576729,70.049279,40.4,25.6,34.0,59.6,14.8,5.0,11.6,0.0,3,0.6,2070.0,293.500679
100,4219,Trad-NSGA2,v29_hpp_cost_front_boost_fast,REPORT,100.0,7,3416802732625.129,8.90825,100,288.095976,300.814373,325.121382,2000.0,2180.0,2320.0,0.0,40.981043,75.37026,36.571429,26.857143,36.571429,63.428571,14.428571,5.0,13.0,0.0,2,0.285714,2030.0,302.207093
100,4220,Trad-NSGA2,v29_hpp_cost_front_boost_fast,REPORT,1587.430212162343,29,3748227013755.736,8.700366,100,215.957818,234.430444,257.107161,2030.0,2268.677161,2590.0,317.486042,914.742386,1536.570466,38.586207,31.241379,30.172414,61.413793,12.896552,5.0,10.896552,0.0,0,0.0,,
100,4221,Trad-NSGA2,v29_hpp_cost_front_boost_fast,REPORT,100.0,5,3477672096255.961,9.298891,100,274.834779,307.124272,327.069864,2030.0,2194.0,2320.0,0.0,10.638123,40.0,37.2,30.6,32.2,62.8,14.6,5.0,12.2,0.0,2,0.4,2210.0,307.654221
100,4222,Trad-NSGA2,v29_hpp_cost_front_boost_fast,REPORT,100.0,6,3479546673985.116,8.846725,100,278.499758,301.093856,321.45548,1760.0,1953.456848,2200.0,0.0,18.333333,70.0,37.333333,30.833333,31.833333,62.666667,15.0,5.0,12.333333,0.0,1,0.166667,1890.531181,317.358964
100,4223,Trad-NSGA2,v29_hpp_cost_front_boost_fast,REPORT,100.0,9,3594414746533.5327,8.86119,100,253.364406,282.786227,305.348357,1842.925954,2053.658439,2180.0,0.0,24.244874,78.323889,39.777778,28.111111,32.111111,60.222222,14.555556,5.0,12.555556,0.0,2,0.222222,1842.925954,276.278258
100,4224,Trad-NSGA2,v29_hpp_cost_front_boost_fast,REPORT,100.0,4,3265429122706.26,9.264658,100,316.695507,321.94667,336.730306,2210.0,2255.0,2280.0,0.0,0.0,0.0,42.5,25.75,31.75,57.5,14.25,5.0,12.5,0.0,4,1.0,2210.0,316.695507
100,4225,Trad-NSGA2,v29_hpp_cost_front_boost_fast,REPORT,100.0,8,3763303317529.404,8.762371,100,214.78105,239.19939,269.677017,2070.0,2146.25,2190.0,0.0,22.626624,84.568882,33.0,31.125,35.875,67.0,13.625,5.0,12.75,0.0,3,0.375,2070.0,249.383241
100,4226,Trad-NSGA2,v29_hpp_cost_front_boost_fast,REPORT,100.0,6,3673337886457.88,9.092659,100,234.385209,250.687147,275.532228,2020.0,2080.0,2140.0,0.0,31.831316,100.0,38.166667,26.0,35.833333,61.833333,14.0,5.0,13.0,0.0,2,0.333333,2020.0,252.760964
100,4227,Trad-NSGA2,v29_hpp_cost_front_boost_fast,REPORT,100.0,9,3568948271906.527,9.260504,100,261.279282,283.938456,302.562983,1670.0,1927.759138,2310.0,0.0,29.283514,96.069859,41.333333,29.555556,29.111111,58.666667,14.333333,5.0,11.555556,0.0,4,0.444444,1670.0,264.880467
100,4228,Trad-NSGA2,v29_hpp_cost_front_boost_fast,REPORT,3207.2575482127604,27,3716598145536.068,9.363292,100,218.203863,266.760358,305.882521,2070.0,2304.575939,2400.0,641.45151,1749.601458,3161.32561,35.777778,29.37037,34.851852,64.222222,13.666667,5.0,11.888889,0.0,0,0.0,,
100,4229,Trad-NSGA2,v29_hpp_cost_front_boost_fast,REPORT,100.0,7,3423824860276.684,9.070606,100,286.961461,304.83369,321.82122,1980.0,2032.140955,2083.534919,0.0,15.928105,50.249844,37.0,29.142857,33.857143,63.0,14.857143,5.0,13.0,0.0,3,0.428571,2030.0,293.810433
100,4230,Trad-NSGA2,v29_hpp_cost_front_boost_fast,REPORT,100.0,3,3402428231315.1206,8.801889,100,291.154196,296.581591,306.27404,2000.0,2042.310918,2070.0,0.0,30.665276,61.995828,35.666667,31.333333,33.0,64.333333,14.666667,5.0,13.333333,0.0,1,0.333333,2070.0,306.27404
50,4201,HPP-init-NSGA2,v29_hpp_cost_front_boost_fast,REPORT,100.0,10,4429026867717.005,13.926317,100,86.009748,94.783334,101.811015,1540.0,1667.0,2220.0,0.0,15.0,50.0,48.1,0.2,1.7,1.9,5.6,0.2,0.5,0.3,4,0.4,1540.0,99.90411
50,4202,HPP-init-NSGA2,v29_hpp_cost_front_boost_fast,REPORT,100.0,22,4432137362466.796,12.876613,100,85.909944,95.314938,122.879508,1510.0,1695.454545,2230.0,0.0,15.454545,50.0,47.181818,0.090909,2.727273,2.818182,5.818182,0.090909,1.136364,0.136364,9,0.409091,1510.0,99.90411
50,4203,HPP-init-NSGA2,v29_hpp_cost_front_boost_fast,REPORT,100.0,19,4428502414200.376,11.809801,100,86.481789,98.024427,122.002796,1520.0,1600.0,1890.0,0.0,16.842105,60.0,48.421053,0.263158,1.315789,1.578947,5.736842,0.263158,0.736842,0.157895,11,0.578947,1520.0,99.246575
50,4204,HPP-init-NSGA2,v29_hpp_cost_front_boost_fast,REPORT,100.0,11,4427889764015.854,12.013183,100,86.24542,96.833121,101.811015,1540.0,1700.0,2230.0,0.0,10.909091,50.0,48.272727,0.272727,1.454545,1.727273,5.727273,0.272727,0.363636,0.363636,6,0.545455,1540.0,99.90411
50,4205,HPP-init-NSGA2,v29_hpp_cost_front_boost_fast,REPORT,100.0,13,4426495872972.274,11.663865,100,86.717461,94.414567,105.315771,1530.0,1687.692308,2230.0,0.0,20.769231,50.0,48.076923,0.076923,1.846154,1.923077,5.538462,0.076923,0.692308,0.307692,4,0.307692,1530.0,99.90411
50,4206,HPP-init-NSGA2,v29_hpp_cost_front_boost_fast,REPORT,100.0,20,4427593281224.738,10.632679,100,86.481789,97.616356,112.524734,1530.0,1682.5,2230.0,0.0,17.0,60.0,48.35,0.45,1.2,1.65,5.7,0.35,0.65,0.3,11,0.55,1530.0,99.90411
50,4207,HPP-init-NSGA2,v29_hpp_cost_front_boost_fast,REPORT,100.0,28,4477792308991.695,11.738102,100,75.859396,89.397749,101.811015,1540.0,1776.785714,2150.0,0.0,30.357143,80.0,46.107143,1.25,2.642857,3.892857,5.071429,0.5,1.25,0.142857,8,0.285714,1540.0,90.80985
50,4208,HPP-init-NSGA2,v29_hpp_cost_front_boost_fast,REPORT,100.0,15,4429088548404.938,12.882843,100,86.35896,96.439753,105.984115,1520.0,1685.333333,2210.0,0.0,20.0,70.0,48.466667,0.133333,1.4,1.533333,5.666667,0.133333,0.666667,0.266667,8,0.533333,1520.0,99.90411
50,4209,HPP-init-NSGA2,v29_hpp_cost_front_boost_fast,REPORT,100.0,12,4430366701327.362,10.927204,100,85.909944,99.859656,102.646631,1530.0,1608.333333,2140.0,0.0,5.833333,50.0,48.916667,0.416667,0.666667,1.083333,5.916667,0.416667,0.333333,0.25,9,0.75,1530.0,99.780822
50,4210,HPP-init-NSGA2,v29_hpp_cost_front_boost_fast,REPORT,100.0,13,4428291380577.943,11.149404,100,86.717461,94.281155,106.070506,1510.0,1607.692308,1680.0,0.0,20.0,50.0,47.846154,0.153846,2.0,2.153846,5.769231,0.153846,0.846154,0.307692,4,0.307692,1510.0,98.835616
50,4211,HPP-init-NSGA2,v29_hpp_cost_front_boost_fast,REPORT,100.0,21,4429114623661.528,10.770264,100,86.35896,95.756718,105.772256,1520.0,1648.095238,2230.0,0.0,17.619048,70.0,48.142857,0.238095,1.619048,1.857143,5.714286,0.238095,0.666667,0.238095,9,0.428571,1520.0,99.90411
50,4212,HPP-init-NSGA2,v29_hpp_cost_front_boost_fast,REPORT,100.0,12,4432134855220.986,10.958921,100,85.909944,99.000178,125.749693,1510.0,1640.833333,2290.0,0.0,10.833333,50.0,47.833333,0.416667,1.75,2.166667,5.916667,0.333333,0.583333,0.333333,6,0.5,1510.0,99.780822
50,4213,HPP-init-NSGA2,v29_hpp_cost_front_boost_fast,REPORT,100.0,20,4429403692846.431,10.949926,100,86.481789,88.963367,102.591837,1510.0,1666.5,1890.0,0.0,28.5,60.0,46.45,0.0,3.55,3.55,5.65,0.0,1.45,0.05,3,0.15,1510.0,99.369863
50,4214,HPP-init-NSGA2,v29_hpp_cost_front_boost_fast,REPORT,100.0,15,4430304472409.138,12.379987,100,86.27739,106.140115,138.854448,1510.0,1578.0,1670.0,0.0,8.0,40.0,47.933333,0.466667,1.6,2.066667,6.333333,0.466667,0.866667,0.066667,11,0.733333,1510.0,98.835616
50,4215,HPP-init-NSGA2,v29_hpp_cost_front_boost_fast,REPORT,100.0,5,4425524515457.946,11.088406,100,86.717461,95.027645,101.771797,1540.0,1862.0,2220.0,0.0,20.0,50.0,48.6,0.2,1.2,1.4,5.6,0.2,0.4,0.4,3,0.6,1540.0,99.90411
50,4216,HPP-init-NSGA2,v29_hpp_cost_front_boost_fast,REPORT,100.0,16,4429657686989.341,10.5829,100,86.24542,100.826948,125.958577,1520.0,1621.875,2230.0,0.0,8.75,50.0,47.75,0.5,1.75,2.25,6.0,0.375,0.8125,0.1875,10,0.625,1520.0,99.90411
50,4217,HPP-init-NSGA2,v29_hpp_cost_front_boost_fast,REPORT,100.0,16,4432420789801.416,10.159341,100,85.674272,97.945376,106.027362,1520.0,1618.75,2230.0,0.0,13.75,60.0,48.1875,0.1875,1.625,1.8125,5.75,0.1875,0.75,0.3125,8,0.5,1520.0,99.90411
50,4218,HPP-init-NSGA2,v29_hpp_cost_front_boost_fast,REPORT,100.0,14,4428536139535.845,10.337176,100,86.481789,98.432587,106.358466,1520.0,1670.714286,2230.0,0.0,8.571429,60.0,48.142857,0.214286,1.642857,1.857143,5.928571,0.214286,0.785714,0.285714,9,0.642857,1520.0,99.90411
50,4219,HPP-init-NSGA2,v29_hpp_cost_front_boost_fast,REPORT,100.0,12,4442460024206.312,10.843684,100,84.109589,98.701414,125.849315,1490.0,1620.0,2150.0,0.0,17.5,60.0,48.583333,0.083333,1.333333,1.416667,5.916667,0.083333,0.75,0.416667,5,0.416667,1490.0,101.687727
50,4220,HPP-init-NSGA2,v29_hpp_cost_front_boost_fast,REPORT,100.0,20,4429595782622.441,10.361429,100,86.24542,100.653611,138.537021,1520.0,1703.0,2300.0,0.0,7.5,50.0,49.1,0.25,0.65,0.9,6.0,0.2,0.3,0.55,11,0.55,1520.0,99.821918
50,4221,HPP-init-NSGA2,v29_hpp_cost_front_boost_fast,REPORT,100.0,23,4427618152207.916,9.738255,100,86.481789,96.440339,126.23885,1530.0,1658.695652,2230.0,0.0,17.826087,60.0,48.130435,0.173913,1.695652,1.869565,5.652174,0.173913,0.695652,0.26087,10,0.434783,1530.0,99.90411
50,4222,HPP-init-NSGA2,v29_hpp_cost_front_boost_fast,REPORT,100.0,20,4430030427300.116,11.241714,100,85.794521,98.028802,101.811015,1540.0,1703.0,2430.0,0.0,11.5,70.0,49.05,0.25,0.7,0.95,5.8,0.25,0.4,0.35,13,0.65,1540.0,99.90411
50,4223,HPP-init-NSGA2,v29_hpp_cost_front_boost_fast,REPORT,100.0,19,4431732528812.271,9.892962,100,86.35896,103.26599,125.788167,1490.0,1713.157895,2300.0,0.0,8.421053,70.0,48.210526,0.105263,1.684211,1.789474,6.052632,0.105263,0.894737,0.421053,12,0.631579,1490.0,99.821918
50,4224,HPP-init-NSGA2,v29_hpp_cost_front_boost_fast,REPORT,100.0,19,4428213007902.223,10.4026,100,86.35896,94.497907,106.005132,1530.0,1648.947368,2230.0,0.0,23.157895,70.0,47.947368,0.105263,1.947368,2.052632,5.526316,0.105263,0.789474,0.157895,8,0.421053,1530.0,101.136986
50,4225,HPP-init-NSGA2,v29_hpp_cost_front_boost_fast,REPORT,100.0,11,4428532434772.645,10.812768,100,86.112708,94.256207,101.811015,1540.0,1689.090909,2310.0,0.0,14.545455,50.0,48.090909,0.181818,1.727273,1.909091,5.545455,0.181818,0.545455,0.454545,3,0.272727,1540.0,98.835616
50,4226,HPP-init-NSGA2,v29_hpp_cost_front_boost_fast,REPORT,100.0,14,4430017959253.986,10.243927,100,85.794521,97.170129,101.811015,1540.0,1681.428571,2430.0,0.0,14.285714,50.0,49.071429,0.214286,0.714286,0.928571,5.785714,0.214286,0.285714,0.5,6,0.428571,1540.0,99.90411
50,4227,HPP-init-NSGA2,v29_hpp_cost_front_boost_fast,REPORT,100.0,16,4427299062846.911,10.707954,100,86.35896,96.359527,101.811015,1540.0,1631.875,2130.0,0.0,19.375,70.0,48.75,0.1875,1.0625,1.25,5.6875,0.1875,0.5625,0.25,8,0.5,1540.0,99.821918
50,4228,HPP-init-NSGA2,v29_hpp_cost_front_boost_fast,REPORT,100.0,6,4432144754580.673,11.413248,100,85.896624,104.630388,135.840749,1510.0,1678.333333,2230.0,0.0,10.0,50.0,48.166667,0.333333,1.5,1.833333,6.166667,0.333333,0.5,0.333333,4,0.666667,1510.0,99.90411
50,4229,HPP-init-NSGA2,v29_hpp_cost_front_boost_fast,REPORT,100.0,40,4433073028395.447,9.88188,100,85.909944,91.69954,126.169605,1500.0,1662.25,1780.0,0.0,22.318063,62.722525,46.325,0.125,3.55,3.675,6.325,0.125,2.2,0.025,10,0.25,1500.0,93.304309
50,4230,HPP-init-NSGA2,v29_hpp_cost_front_boost_fast,REPORT,100.0,19,4430457254188.066,10.322158,100,85.896624,99.086119,105.509645,1530.0,1648.421053,2300.0,0.0,6.842105,50.0,48.684211,0.263158,1.052632,1.315789,5.842105,0.263158,0.578947,0.263158,13,0.684211,1530.0,99.821918
50,4201,KMeans-init-NSGA2,v29_hpp_cost_front_boost_fast,REPORT,100.0,8,4368533748415.549,7.000793,100,98.712329,100.490131,105.384642,1530.0,1641.25,2300.0,0.0,5.0,10.0,49.5,0.0,0.5,0.5,6.0,0.0,0.5,0.625,4,0.5,1530.0,99.821918
50,4202,KMeans-init-NSGA2,v29_hpp_cost_front_boost_fast,REPORT,100.0,11,4436010098440.634,5.798844,100,84.726027,92.758712,105.509618,1530.0,1701.818182,2330.0,0.0,36.363636,70.0,48.727273,0.181818,1.090909,1.272727,5.909091,0.181818,0.818182,0.363636,3,0.272727,1530.0,98.712329
50,4203,KMeans-init-NSGA2,v29_hpp_cost_front_boost_fast,REPORT,100.0,16,4436825353144.708,5.597854,100,84.561644,93.201389,105.233637,1530.0,1742.5,2150.0,0.0,35.0,80.0,49.125,0.25,0.625,0.875,5.6875,0.25,0.5,0.5,4,0.25,1530.0,99.328767
50,4204,KMeans-init-NSGA2,v29_hpp_cost_front_boost_fast,REPORT,100.0,27,4425872698523.776,5.964393,100,87.383562,96.232593,134.356164,1500.0,1700.740741,1870.0,0.0,30.0,60.0,48.296296,0.222222,1.481481,1.703704,6.0,0.222222,1.148148,0.111111,7,0.259259,1500.0,101.686012
50,4205,KMeans-init-NSGA2,v29_hpp_cost_front_boost_fast,REPORT,100.0,13,4436941905830.815,5.552292,100,84.726027,95.704649,105.651334,1520.0,1720.0,2330.0,0.0,20.769231,80.0,48.0,0.846154,1.153846,2.0,5.846154,0.461538,0.615385,0.461538,5,0.384615,1520.0,99.246575
50,4206,KMeans-init-NSGA2,v29_hpp_cost_front_boost_fast,REPORT,100.0,14,4437388000272.765,6.572868,100,84.561644,96.314758,131.041096,1520.0,1862.142857,2300.0,0.0,35.0,80.0,49.785714,0.142857,0.071429,0.214286,5.785714,0.142857,0.071429,0.785714,4,0.285714,1520.0,99.246575
50,4207,KMeans-init-NSGA2,v29_hpp_cost_front_boost_fast,REPORT,100.0,14,4436141132937.2295,5.782712,100,84.849315,97.190515,118.429331,1520.0,1737.142857,2270.0,0.0,28.571429,80.0,49.214286,0.357143,0.428571,0.785714,5.785714,0.357143,0.428571,0.428571,6,0.428571,1520.0,99.246575
50,4208,KMeans-init-NSGA2,v29_hpp_cost_front_boost_fast,REPORT,100.0,7,4369398731158.552,6.211477,100,98.712329,105.645983,121.334868,1520.0,1544.285714,1570.0,0.0,4.285714,10.0,49.142857,0.571429,0.285714,0.857143,6.428571,0.571429,0.285714,0.428571,4,0.571429,1520.0,101.740486
50,4209,KMeans-init-NSGA2,v29_hpp_cost_front_boost_fast,REPORT,100.0,14,4432380959669.237,6.071983,100,85.641176,99.235024,122.086866,1520.0,1597.857143,1790.0,0.0,20.0,80.0,49.071429,0.0,0.928571,0.928571,5.928571,0.0,0.857143,0.428571,5,0.357143,1520.0,101.64851
50,4210,KMeans-init-NSGA2,v29_hpp_cost_front_boost_fast,REPORT,100.0,16,4433601249866.828,4.93296,100,85.613779,96.899944,108.285772,1510.0,1603.75,1780.0,0.0,9.375,30.0,47.875,0.625,1.5,2.125,5.8125,0.5,0.625,0.4375,5,0.3125,1510.0,90.101325
50,4211,KMeans-init-NSGA2,v29_hpp_cost_front_boost_fast,REPORT,100.0,11,4369415659991.066,5.292942,100,98.712329,101.993234,118.429331,1520.0,1555.454545,1650.0,0.0,4.545455,10.0,49.454545,0.363636,0.181818,0.545455,6.090909,0.363636,0.181818,0.545455,6,0.545455,1520.0,98.794521
50,4212,KMeans-init-NSGA2,v29_hpp_cost_front_boost_fast,REPORT,100.0,22,4431073100450.672,4.695228,100,86.123288,95.281065,121.6035,1510.0,1668.181818,1870.0,0.0,30.454545,70.0,48.954545,0.0,1.045455,1.045455,5.818182,0.0,0.954545,0.318182,7,0.318182,1510.0,98.712329
50,4213,KMeans-init-NSGA2,v29_hpp_cost_front_boost_fast,REPORT,100.0,15,4435839092948.911,5.481203,100,84.726027,94.028042,105.484126,1530.0,1770.666667,2330.0,0.0,36.666667,80.0,49.266667,0.333333,0.4,0.733333,5.6,0.333333,0.4,0.466667,4,0.266667,1530.0,99.246575
50,4214,KMeans-init-NSGA2,v29_hpp_cost_front_boost_fast,REPORT,100.0,16,4431073404018.403,5.60148,100,85.794521,98.181114,118.386357,1520.0,1955.625,2430.0,0.0,18.125,50.0,49.1875,0.3125,0.5,0.8125,5.75,0.3125,0.3125,0.4375,7,0.4375,1520.0,99.780822
50,4215,KMeans-init-NSGA2,v29_hpp_cost_front_boost_fast,REPORT,100.0,9,4427196710140.26,6.217458,100,86.328767,93.888973,101.658295,1540.0,1708.888889,1890.0,0.0,30.0,70.0,49.444444,0.0,0.555556,0.555556,5.777778,0.0,0.555556,0.444444,2,0.222222,1540.0,98.712329
50,4216,KMeans-init-NSGA2,v29_hpp_cost_front_boost_fast,REPORT,100.0,16,4430080898399.131,4.994516,100,86.123288,97.660999,118.429331,1520.0,1643.75,1960.0,0.0,21.25,70.0,49.125,0.375,0.5,0.875,5.8125,0.375,0.4375,0.3125,7,0.4375,1520.0,98.712329
50,4217,KMeans-init-NSGA2,v29_hpp_cost_front_boost_fast,REPORT,100.0,25,4437549851988.842,5.065467,100,84.561644,94.457165,105.510418,1520.0,1748.8,2430.0,0.0,21.2,80.0,48.4,0.28,1.32,1.6,5.8,0.28,0.76,0.4,6,0.24,1520.0,99.780822
50,4218,KMeans-init-NSGA2,v29_hpp_cost_front_boost_fast,REPORT,100.0,10,4437088637299.998,5.063899,100,84.561644,97.444707,106.049812,1520.0,1727.0,2150.0,0.0,24.0,80.0,49.0,0.0,1.0,1.0,5.7,0.0,0.9,0.3,5,0.5,1520.0,101.753425
50,4219,KMeans-init-NSGA2,v29_hpp_cost_front_boost_fast,REPORT,100.0,12,4430402165849.446,4.698877,100,86.058927,99.346651,118.429331,1520.0,1605.833333,1890.0,0.0,13.333333,70.0,49.25,0.333333,0.416667,0.75,5.916667,0.333333,0.25,0.5,5,0.416667,1520.0,98.712329
50,4220,KMeans-init-NSGA2,v29_hpp_cost_front_boost_fast,REPORT,100.0,12,4429965757664.507,5.187381,100,86.167549,97.116315,106.261034,1520.0,1616.666667,1780.0,0.0,13.333333,100.0,47.833333,0.0,2.166667,2.166667,6.0,0.0,1.25,0.25,6,0.5,1520.0,90.090086
50,4221,KMeans-init-NSGA2,v29_hpp_cost_front_boost_fast,REPORT,100.0,9,4419564028843.672,5.307873,100,88.049627,99.874318,118.264948,1530.0,1693.333333,2160.0,0.0,11.111111,40.0,49.0,0.555556,0.444444,1.0,5.888889,0.555556,0.222222,0.333333,5,0.555556,1530.0,98.712329
50,4222,KMeans-init-NSGA2,v29_hpp_cost_front_boost_fast,REPORT,100.0,8,4428020527698.871,5.039903,100,86.369863,98.360064,105.165144,1530.0,1597.5,1780.0,0.0,13.75,50.0,48.375,0.375,1.25,1.625,5.75,0.375,0.75,0.25,4,0.5,1530.0,101.658295
50,4223,KMeans-init-NSGA2,v29_hpp_cost_front_boost_fast,REPORT,100.0,13,4428966698450.622,5.9705,100,86.328767,97.932416,118.315829,1520.0,1673.846154,1890.0,0.0,23.076923,80.0,49.230769,0.384615,0.384615,0.769231,5.769231,0.384615,0.384615,0.461538,4,0.307692,1520.0,99.123288
50,4224,KMeans-init-NSGA2,v29_hpp_cost_front_boost_fast,REPORT,100.0,21,4435647948198.417,5.637619,100,84.561644,94.892024,114.178082,1540.0,1814.761905,2430.0,0.0,33.333333,80.0,49.52381,0.142857,0.333333,0.47619,5.619048,0.142857,0.333333,0.619048,5,0.238095,1540.0,99.246575
50,4225,KMeans-init-NSGA2,v29_hpp_cost_front_boost_fast,REPORT,100.0,12,4429186819381.741,5.0313,100,86.328767,97.391865,130.753425,1520.0,1669.166667,1890.0,0.0,20.833333,80.0,48.5,0.166667,1.333333,1.5,5.75,0.166667,0.583333,0.416667,4,0.333333,1520.0,99.123288
50,4226,KMeans-init-NSGA2,v29_hpp_cost_front_boost_fast,REPORT,100.0,12,4437455816841.097,5.617701,100,84.561644,102.586758,130.958904,1520.0,1750.0,2430.0,0.0,25.833333,80.0,49.333333,0.0,0.666667,0.666667,6.25,0.0,0.666667,0.583333,5,0.416667,1520.0,107.561644
50,4227,KMeans-init-NSGA2,v29_hpp_cost_front_boost_fast,REPORT,100.0,8,4369401567779.03,5.302074,100,98.712329,103.048026,118.34714,1520.0,1552.5,1570.0,0.0,2.5,10.0,49.25,0.75,0.0,0.75,6.125,0.75,0.0,0.25,6,0.75,1520.0,101.64851
50,4228,KMeans-init-NSGA2,v29_hpp_cost_front_boost_fast,REPORT,100.0,7,4381871280853.354,5.044056,100,95.927889,103.43012,130.794521,1530.0,1661.428571,2010.0,0.0,4.285714,10.0,49.285714,0.285714,0.428571,0.714286,6.428571,0.285714,0.428571,0.714286,4,0.571429,1530.0,95.927889
50,4229,KMeans-init-NSGA2,v29_hpp_cost_front_boost_fast,REPORT,100.0,18,4434372764086.159,4.609238,100,84.849315,93.21272,101.658295,1540.0,1789.444444,2270.0,0.0,38.888889,90.0,48.555556,0.777778,0.666667,1.444444,5.722222,0.444444,0.611111,0.388889,3,0.166667,1540.0,101.535007
50,4230,KMeans-init-NSGA2,v29_hpp_cost_front_boost_fast,REPORT,100.0,21,4439743580483.647,4.882749,100,84.109589,93.070729,105.90981,1520.0,1811.904762,2270.0,0.0,28.095238,80.0,48.380952,0.333333,1.285714,1.619048,5.571429,0.333333,0.857143,0.238095,5,0.238095,1520.0,101.535007
50,4201,MOPSO,v29_hpp_cost_front_boost_fast,REPORT,901.1898020814316,42,4212086248426.5327,4.957361,100,123.560821,141.897825,178.847528,1840.0,2182.142857,2550.0,180.23796,660.57078,900.98884,21.547619,13.190476,15.261905,28.452381,7.666667,3.0,7.214286,0.0,0,0.0,,
50,4202,MOPSO,v29_hpp_cost_front_boost_fast,REPORT,2318.182765416738,67,4197723038317.633,4.612246,100,122.544416,154.61514,186.414314,1920.0,2055.649296,2341.409739,463.636553,1276.684507,2162.326484,15.850746,13.432836,20.716418,34.149254,8.0,3.0,7.641791,0.0,0,0.0,,
50,4203,MOPSO,v29_hpp_cost_front_boost_fast,REPORT,1050.0,12,4126641002893.6255,4.069275,84,140.915976,148.7844,163.014438,1855.040071,2114.356391,2213.141614,210.0,448.536712,1046.639526,16.083333,12.916667,21.0,33.916667,8.0,3.0,8.0,0.0,0,0.0,,
50,4204,MOPSO,v29_hpp_cost_front_boost_fast,REPORT,100.0,1,3979424785154.902,4.488669,93,174.948266,174.948266,174.948266,1762.748911,1762.748911,1762.748911,10.0,10.0,10.0,17.0,14.0,19.0,33.0,8.0,3.0,8.0,0.0,0,0.0,,
50,4205,MOPSO,v29_hpp_cost_front_boost_fast,REPORT,1401.5262503890892,54,4201242620981.005,4.823588,100,123.322877,150.431382,180.878041,1930.0,2057.048584,2353.028099,280.30525,761.297814,1376.816491,17.092593,15.037037,17.87037,32.907407,7.351852,3.0,6.759259,0.0,0,0.0,,
50,4206,MOPSO,v29_hpp_cost_front_boost_fast,REPORT,1237.8656083752696,19,4099478502304.038,4.919503,100,141.400985,170.691212,188.636809,2110.0,2328.739462,2570.0,247.573122,714.561674,1205.806234,18.842105,14.0,17.157895,31.157895,8.0,3.0,7.0,0.0,0,0.0,,
50,4207,MOPSO,v29_hpp_cost_front_boost_fast,REPORT,2436.611070579577,48,4109614933603.536,3.075685,64,138.895987,158.461242,184.17249,2020.0,2352.303102,2860.0,487.322214,1475.459644,2192.481132,20.104167,15.458333,14.4375,29.895833,7.645833,3.0,6.479167,0.0,0,0.0,,
50,4208,MOPSO,v29_hpp_cost_front_boost_fast,REPORT,2084.846632077717,54,4205920082982.894,4.421551,92,121.202402,133.932189,181.84574,1920.0,2135.284697,2510.0,416.969326,1479.758256,1976.23668,17.87037,14.018519,18.111111,32.12963,8.0,3.0,7.611111,0.0,0,0.0,,
50,4209,MOPSO,v29_hpp_cost_front_boost_fast,REPORT,3767.894546433745,68,4186646989527.4937,5.184525,100,123.312313,146.414032,182.752377,1830.0,2381.243176,3040.0,753.578909,2329.942814,3693.317606,17.720588,12.764706,19.514706,32.279412,7.808824,2.926471,7.25,0.0,0,0.0,,
50,4210,MOPSO,v29_hpp_cost_front_boost_fast,REPORT,1267.662396865776,19,4134406390679.858,4.869871,100,140.215408,147.314597,185.163135,1790.0,1965.171892,2320.0,253.532479,589.882792,1142.243024,16.526316,14.631579,18.842105,33.473684,7.789474,3.0,7.368421,0.0,0,0.0,,
50,4211,MOPSO,v29_hpp_cost_front_boost_fast,REPORT,1906.500493452592,31,4110558604090.6455,4.88948,100,143.201592,167.192767,184.630711,1800.0,2321.01421,2810.0,381.300099,1147.919266,1867.318815,19.580645,13.903226,16.516129,30.419355,7.967742,3.0,6.677419,0.0,0,0.0,,
50,4212,MOPSO,v29_hpp_cost_front_boost_fast,REPORT,1375.1038720200768,64,4232486154763.51,4.890085,100,119.52264,140.344908,178.850967,1790.0,2083.217617,2530.0,275.020774,730.749065,1357.163028,20.21875,12.890625,16.890625,29.78125,7.8125,3.0,7.328125,0.0,0,0.0,,
50,4213,MOPSO,v29_hpp_cost_front_boost_fast,REPORT,450.0,9,4036361297254.357,4.594307,100,161.422468,173.10416,180.170123,1820.0,2037.455279,2450.0,90.0,296.824749,411.991452,19.0,12.444444,18.555556,31.0,8.0,3.0,7.777778,0.0,0,0.0,,
50,4214,MOPSO,v29_hpp_cost_front_boost_fast,REPORT,1600.0,42,4136527237583.3975,4.597482,100,135.808169,151.699432,179.05101,1970.0,2157.867601,2710.0,320.0,774.623822,1505.615628,19.095238,13.833333,17.071429,30.904762,7.928571,3.0,6.928571,0.0,0,0.0,,
50,4215,MOPSO,v29_hpp_cost_front_boost_fast,REPORT,2769.0425173999824,65,4185451582192.853,4.778153,100,122.525688,154.810964,184.608961,2010.0,2222.177984,3010.0,553.808503,1535.965407,2753.945858,19.015385,13.630769,17.353846,30.984615,7.953846,2.923077,7.184615,0.0,0,0.0,,
50,4216,MOPSO,v29_hpp_cost_front_boost_fast,REPORT,590.5324495172647,29,4238495640097.589,4.568559,100,119.414086,155.25963,175.682765,1800.0,1967.30084,2630.0,118.10649,344.519924,580.573989,16.206897,13.517241,20.275862,33.793103,8.0,3.0,6.965517,0.0,0,0.0,,
50,4217,MOPSO,v29_hpp_cost_front_boost_fast,REPORT,850.0,27,4111547766656.959,4.654529,100,141.410132,162.714689,179.242561,2026.242674,2091.691416,2530.0,170.0,534.258043,662.596429,17.555556,14.481481,17.962963,32.444444,7.777778,3.0,7.074074,0.0,0,0.0,,
50,4218,MOPSO,v29_hpp_cost_front_boost_fast,REPORT,100.0,11,4065598260919.149,4.602636,100,157.478139,162.110299,178.122823,1740.0,1775.454545,1860.0,10.0,32.610386,81.436268,18.545455,12.272727,19.181818,31.454545,8.0,3.0,8.0,0.0,0,0.0,,
50,4219,MOPSO,v29_hpp_cost_front_boost_fast,REPORT,1450.0,59,4221933738188.443,4.631452,100,120.113965,138.997505,184.923417,1870.0,2016.647371,2560.0,290.0,833.666891,1425.465762,19.627119,13.338983,17.033898,30.372881,7.847458,3.0,7.254237,0.0,0,0.0,,
50,4220,MOPSO,v29_hpp_cost_front_boost_fast,REPORT,1930.9178042259496,57,4142028440062.506,4.793943,100,138.639843,153.159066,181.825418,1710.0,2120.236731,2525.325477,386.183561,1129.416695,1900.081774,17.807018,13.526316,18.666667,32.192982,7.736842,3.0,7.315789,0.0,0,0.0,,
50,4221,MOPSO,v29_hpp_cost_front_boost_fast,REPORT,1118.5882175141592,34,4112850293723.061,4.706538,100,141.910344,155.590651,180.680551,1951.027218,2253.894816,2790.0,223.717644,712.455052,1052.015374,18.264706,13.441176,18.294118,31.735294,8.0,3.0,7.676471,0.0,0,0.0,,
50,4222,MOPSO,v29_hpp_cost_front_boost_fast,REPORT,1109.3367217373066,16,4099600573400.4346,3.176054,64,144.355486,159.964997,178.716628,1960.0,2151.887233,2820.0,221.867344,887.593153,1076.925824,16.9375,13.8125,19.25,33.0625,8.0,3.0,7.5625,0.0,0,0.0,,
50,4223,MOPSO,v29_hpp_cost_front_boost_fast,REPORT,2538.79421343728,49,4178487352880.412,5.3147,100,128.780967,145.162921,175.623798,1760.0,2358.282149,2890.0,507.758843,1437.38216,2290.779559,18.265306,14.489796,17.244898,31.734694,7.857143,3.0,6.918367,0.0,0,0.0,,
50,4224,MOPSO,v29_hpp_cost_front_boost_fast,REPORT,100.0,3,3956373692948.468,4.61909,100,175.157521,175.410342,175.915984,2030.0,2030.0,2030.0,10.0,25.736309,57.208926,20.666667,12.333333,17.0,29.333333,8.0,3.0,7.333333,0.0,0,0.0,,
50,4225,MOPSO,v29_hpp_cost_front_boost_fast,REPORT,3702.914738013127,63,4194182638767.039,4.758943,100,120.485042,145.368416,178.810434,1940.0,2137.556693,2680.0,740.582948,1652.489931,3425.249946,20.666667,13.809524,15.52381,29.333333,7.920635,2.968254,6.809524,0.0,0,0.0,,
50,4226,MOPSO,v29_hpp_cost_front_boost_fast,REPORT,100.0,2,4151205712313.366,4.757117,100,140.874636,149.644508,158.414379,1673.893686,1835.050684,1996.207682,0.0,28.103841,56.207682,17.5,15.0,17.5,32.5,8.0,3.0,8.0,0.0,1,0.5,1673.893686,158.414379
50,4227,MOPSO,v29_hpp_cost_front_boost_fast,REPORT,2470.3090191166075,53,4171418696590.639,4.610391,100,126.995702,155.750589,185.422886,1940.0,2225.4988,2950.0,494.061804,1647.300039,2297.403595,18.037736,13.207547,18.754717,31.962264,7.962264,3.0,7.169811,0.0,0,0.0,,
50,4228,MOPSO,v29_hpp_cost_front_boost_fast,REPORT,993.0182435122812,26,4118837515920.632,4.649096,100,139.517858,158.394017,180.542496,2032.374328,2158.728982,2530.0,198.603649,633.787564,966.044071,18.5,14.423077,17.076923,31.5,8.0,3.0,6.884615,0.0,0,0.0,,
50,4229,MOPSO,v29_hpp_cost_front_boost_fast,REPORT,400.0,3,4031040600642.932,3.661864,76,161.603737,171.838606,176.956041,1870.452244,2020.301496,2320.0,80.0,173.333333,360.0,16.333333,14.666667,19.0,33.666667,8.0,3.0,7.666667,0.0,0,0.0,,
50,4230,MOPSO,v29_hpp_cost_front_boost_fast,REPORT,100.0,4,4228463966978.338,4.815113,100,122.444132,136.095551,158.448266,1800.79137,2005.197843,2150.0,10.0,24.816141,69.264563,18.5,14.0,17.5,31.5,8.0,3.0,8.0,0.0,0,0.0,,
50,4201,Trad-NSGA2,v29_hpp_cost_front_boost_fast,REPORT,100.0,6,4268879375394.594,6.346007,100,119.065602,131.213315,135.541928,1530.0,1695.851791,2190.0,0.0,49.396702,89.826651,16.833333,11.333333,21.833333,33.166667,7.666667,3.0,7.0,0.0,1,0.166667,1530.0,135.541928
50,4202,Trad-NSGA2,v29_hpp_cost_front_boost_fast,REPORT,100.0,10,4270168276911.703,6.020964,100,116.633513,121.409449,137.639407,1660.0,1772.008074,1960.0,0.0,28.473756,85.985789,20.1,11.7,18.2,29.9,7.5,3.0,6.9,0.0,2,0.2,1730.0,119.045626
50,4203,Trad-NSGA2,v29_hpp_cost_front_boost_fast,REPORT,100.0,16,4394562441513.42,6.011786,100,93.903072,115.914548,155.870003,1490.0,1680.670949,1870.0,0.0,22.929811,91.69094,21.3125,11.875,16.8125,28.6875,7.4375,3.0,7.0,0.0,5,0.3125,1490.0,114.068176
50,4204,Trad-NSGA2,v29_hpp_cost_front_boost_fast,REPORT,100.0,12,4371988817640.489,6.677305,100,97.833237,122.274837,150.804959,1530.0,1717.622049,2240.0,0.0,27.167797,66.240523,23.333333,11.0,15.666667,26.666667,6.916667,3.0,6.25,0.0,2,0.166667,1650.0,132.878083
50,4205,Trad-NSGA2,v29_hpp_cost_front_boost_fast,REPORT,100.0,12,4348488496917.811,5.85319,100,100.432249,127.135639,170.483911,1650.0,1863.922124,2040.0,0.0,35.795713,81.915009,19.75,13.583333,16.666667,30.25,7.666667,3.0,7.25,0.0,2,0.166667,1720.0,136.837027
50,4206,Trad-NSGA2,v29_hpp_cost_front_boost_fast,REPORT,100.0,6,4275328657427.1104,5.860455,100,116.574134,140.697159,167.609353,1600.0,1664.861496,1760.0,0.0,23.236322,64.708966,17.5,13.666667,18.833333,32.5,7.666667,3.0,7.0,0.0,3,0.5,1600.0,135.510387
50,4207,Trad-NSGA2,v29_hpp_cost_front_boost_fast,REPORT,100.0,4,4265212709037.397,5.682321,100,115.832357,121.490869,134.976851,1760.0,1818.520704,1980.0,0.0,14.620666,38.482666,19.5,14.25,16.25,30.5,7.75,3.0,7.0,0.0,1,0.25,1980.0,134.976851
50,4208,Trad-NSGA2,v29_hpp_cost_front_boost_fast,REPORT,100.0,12,4280294726220.325,6.300087,100,116.428896,138.572688,156.029319,1550.0,1680.863713,1770.0,0.0,18.386466,95.411863,21.5,8.333333,20.166667,28.5,6.75,2.75,6.083333,0.0,6,0.5,1550.0,134.423194
50,4209,Trad-NSGA2,v29_hpp_cost_front_boost_fast,REPORT,100.0,11,4282995498766.0825,6.163105,100,115.550447,130.485227,152.628918,1570.0,1685.276638,1775.496672,0.0,24.748745,75.285481,22.545455,12.272727,15.181818,27.454545,7.090909,3.0,6.545455,0.0,4,0.363636,1570.0,134.940787
50,4210,Trad-NSGA2,v29_hpp_cost_front_boost_fast,REPORT,100.0,3,4365950621464.061,6.005873,100,98.103561,108.985252,114.508415,1590.0,1626.666667,1660.0,0.0,6.666667,20.0,19.666667,11.333333,19.0,30.333333,7.666667,3.0,7.0,0.0,2,0.666667,1590.0,114.343781
50,4211,Trad-NSGA2,v29_hpp_cost_front_boost_fast,REPORT,100.0,9,4367471065662.062,5.90235,100,98.581313,123.18873,156.774901,1540.0,1679.43368,1917.674749,0.0,27.757616,99.645732,19.0,12.555556,18.444444,31.0,7.111111,3.0,7.111111,0.0,4,0.444444,1570.0,117.893343
50,4212,Trad-NSGA2,v29_hpp_cost_front_boost_fast,REPORT,100.0,14,4361514045262.032,5.892601,100,98.241893,127.882564,159.129937,1630.0,1713.188541,1952.319789,0.0,29.986057,86.91038,18.428571,13.214286,18.357143,31.571429,7.642857,3.0,7.214286,0.0,7,0.5,1630.0,118.377253
50,4213,Trad-NSGA2,v29_hpp_cost_front_boost_fast,REPORT,100.0,11,4302657843647.9614,6.058226,100,112.403343,125.514766,133.5122,1520.0,1637.532499,1959.613738,0.0,28.594819,98.190432,20.545455,10.272727,19.181818,29.454545,7.727273,3.0,6.090909,0.0,3,0.272727,1520.0,128.660742
50,4214,Trad-NSGA2,v29_hpp_cost_front_boost_fast,REPORT,100.0,14,4336773930436.952,6.158329,100,102.621648,132.856724,161.642091,1660.0,1889.285714,2130.0,0.0,56.554294,95.901699,19.142857,13.357143,17.5,30.857143,7.642857,3.0,6.928571,0.0,1,0.071429,1770.0,161.642091
50,4215,Trad-NSGA2,v29_hpp_cost_front_boost_fast,REPORT,100.0,17,4366823650921.2046,5.971439,100,97.341082,122.473841,154.899143,1620.0,1678.823529,1760.0,0.0,19.732045,75.931455,17.588235,12.352941,20.058824,32.411765,7.588235,3.0,7.588235,0.0,6,0.352941,1620.0,119.157603
50,4216,Trad-NSGA2,v29_hpp_cost_front_boost_fast,REPORT,100.0,17,4360004424281.213,5.671111,100,98.292881,127.094524,164.658408,1640.0,1821.07112,2000.478587,0.0,29.12983,70.738863,21.705882,13.470588,14.823529,28.294118,6.352941,3.0,5.058824,0.0,6,0.352941,1640.0,132.868205
50,4217,Trad-NSGA2,v29_hpp_cost_front_boost_fast,REPORT,100.0,9,4149142273409.313,6.382816,100,138.935198,162.622042,176.699038,1805.478991,1978.7379,2130.0,0.0,24.922462,57.683122,19.333333,10.888889,19.777778,30.666667,7.888889,2.666667,7.555556,0.0,2,0.222222,2030.0,140.492481
50,4218,Trad-NSGA2,v29_hpp_cost_front_boost_fast,REPORT,100.0,10,4371110205769.944,5.636699,100,96.432815,118.042263,134.097221,1620.0,1688.669415,1727.374276,0.0,22.791967,50.0,21.4,12.7,15.9,28.6,7.8,3.0,6.6,0.0,5,0.5,1620.0,113.745188
50,4219,Trad-NSGA2,v29_hpp_cost_front_boost_fast,REPORT,100.0,1,4195527151986.697,6.109407,100,134.228817,134.228817,134.228817,1540.0,1540.0,1540.0,0.0,0.0,0.0,20.0,9.0,21.0,30.0,8.0,3.0,8.0,0.0,1,1.0,1540.0,134.228817
50,4220,Trad-NSGA2,v29_hpp_cost_front_boost_fast,REPORT,100.0,5,4190538612596.0337,6.167098,100,135.582553,147.252299,154.692863,1520.0,1586.0,1740.0,0.0,0.0,0.0,17.4,10.8,21.8,32.6,7.6,3.0,6.8,0.0,5,1.0,1520.0,135.582553
50,4221,Trad-NSGA2,v29_hpp_cost_front_boost_fast,REPORT,100.0,11,4374547979041.353,5.8161,100,97.172883,115.172083,134.181665,1540.0,1688.663263,1780.0,0.0,18.181818,100.0,25.545455,11.727273,12.727273,24.454545,7.181818,3.0,6.0,0.0,6,0.545455,1540.0,97.909123
50,4222,Trad-NSGA2,v29_hpp_cost_front_boost_fast,REPORT,100.0,6,4359940654947.242,5.87448,100,97.880382,126.765098,163.52204,1660.0,2061.666667,2230.0,0.0,12.565309,30.0,20.166667,12.666667,17.166667,29.833333,7.333333,3.0,6.833333,0.0,2,0.333333,1960.0,144.898126
50,4223,Trad-NSGA2,v29_hpp_cost_front_boost_fast,REPORT,100.0,10,4287096500596.8726,5.666301,100,113.098157,135.45219,152.792845,1660.0,1741.918862,1839.849468,0.0,36.858417,100.0,19.5,11.9,18.6,30.5,7.6,3.0,6.8,0.0,4,0.4,1728.267902,134.098988
50,4224,Trad-NSGA2,v29_hpp_cost_front_boost_fast,REPORT,100.0,4,4196983051241.404,6.386135,100,132.302548,133.977982,135.153932,1630.0,1775.0,2050.0,0.0,16.891027,47.564106,22.0,9.0,19.0,28.0,7.25,2.75,6.25,0.0,2,0.5,1630.0,132.302548
50,4225,Trad-NSGA2,v29_hpp_cost_front_boost_fast,REPORT,100.0,11,4272087280916.8633,6.298656,100,117.3156,140.231948,154.03255,1600.0,1644.545455,1680.0,0.0,17.53011,71.64025,20.545455,11.181818,18.272727,29.454545,7.454545,3.0,6.727273,0.0,6,0.545455,1630.0,117.799053
50,4226,Trad-NSGA2,v29_hpp_cost_front_boost_fast,REPORT,100.0,4,4203896355159.727,6.139251,100,131.416864,136.385043,149.616194,1600.0,1682.5,1760.0,0.0,15.0,40.0,23.25,11.0,15.75,26.75,8.0,3.0,7.0,0.0,1,0.25,1600.0,149.616194
50,4227,Trad-NSGA2,v29_hpp_cost_front_boost_fast,REPORT,100.0,9,4361029588614.2354,5.870649,100,100.290311,133.162471,176.059042,1520.0,1617.178743,1800.0,0.0,55.241948,90.0,15.666667,11.888889,22.444444,34.333333,7.111111,3.0,7.111111,0.0,2,0.222222,1559.358896,136.499709
50,4228,Trad-NSGA2,v29_hpp_cost_front_boost_fast,REPORT,100.0,11,4362017251950.2847,5.879644,100,97.445856,111.51654,133.476013,1670.0,2020.0,2290.0,0.0,12.727273,30.0,23.0,12.181818,14.818182,27.0,6.363636,3.0,5.272727,0.0,3,0.272727,1920.0,118.292938
50,4229,Trad-NSGA2,v29_hpp_cost_front_boost_fast,REPORT,250.0,7,4374832475562.338,5.760082,100,94.533258,95.266451,96.350708,1660.0,1698.227499,1750.0,50.0,75.714286,140.0,23.857143,7.714286,18.428571,26.142857,5.571429,3.0,5.571429,0.0,0,0.0,,
50,4230,Trad-NSGA2,v29_hpp_cost_front_boost_fast,REPORT,100.0,4,4288740358479.269,6.057322,100,112.785896,115.156896,117.644374,1660.0,1709.564794,1838.259177,0.0,42.731791,95.285481,23.0,12.0,15.0,27.0,6.0,3.0,5.5,0.0,1,0.25,1660.0,117.644374
100,4201,HPP-init-NSGA2,v29_hpp_cost_front_boost_fast,REPORT,100.0,31,4097384741468.236,21.489793,100,151.849315,166.076564,195.1538,1680.0,1975.806452,2240.0,0.0,12.903226,40.0,96.580645,1.516129,1.903226,3.419355,9.612903,0.645161,1.322581,0.225806,8,0.258065,1680.0,156.841564
100,4202,HPP-init-NSGA2,v29_hpp_cost_front_boost_fast,REPORT,100.0,20,4109971512374.937,20.576176,100,151.39726,183.953396,241.931208,1550.0,1810.0,2080.0,0.0,5.5,20.0,92.45,3.55,4.0,7.55,10.45,1.8,2.6,0.1,10,0.5,1550.0,154.597039
100,4203,HPP-init-NSGA2,v29_hpp_cost_front_boost_fast,REPORT,100.0,8,4095920404644.388,18.732654,100,153.932564,178.20616,243.055317,1580.0,1778.75,1990.0,0.0,12.5,70.0,93.25,4.5,2.25,6.75,10.5,1.375,1.375,0.0,4,0.5,1590.0,153.985535
100,4204,HPP-init-NSGA2,v29_hpp_cost_front_boost_fast,REPORT,100.0,25,4094491571578.1655,19.666194,100,154.37672,170.905905,198.146612,1570.0,1839.6,2080.0,0.0,9.6,40.0,94.2,0.76,5.04,5.8,9.76,0.44,2.56,0.0,10,0.4,1570.0,158.070368
100,4205,HPP-init-NSGA2,v29_hpp_cost_front_boost_fast,REPORT,100.0,26,4143513706959.386,20.609955,100,142.970498,179.030566,234.546006,1630.0,1927.692308,2390.0,0.0,8.076923,20.0,92.346154,4.730769,2.923077,7.653846,10.230769,1.115385,1.846154,0.0,9,0.346154,1630.0,162.035873
100,4206,HPP-init-NSGA2,v29_hpp_cost_front_boost_fast,REPORT,100.0,39,4180298925741.938,17.399182,100,135.520548,168.735449,257.806465,1620.0,2021.025641,2430.0,0.0,21.538462,70.0,96.153846,2.487179,1.358974,3.846154,9.948718,0.74359,1.102564,0.179487,20,0.512821,1620.0,151.890411
100,4207,HPP-init-NSGA2,v29_hpp_cost_front_boost_fast,REPORT,100.0,26,4152701725215.187,20.230076,100,142.414439,169.441226,214.424641,1550.0,1926.153846,2340.0,0.0,10.769231,30.0,96.846154,1.153846,2.0,3.153846,9.807692,0.461538,1.346154,0.076923,8,0.307692,1550.0,142.898565
100,4208,HPP-init-NSGA2,v29_hpp_cost_front_boost_fast,REPORT,100.0,36,4108015296964.6606,17.957826,100,150.123288,178.364066,228.800809,1650.0,1864.722222,2380.0,0.0,11.944444,30.0,96.305556,1.694444,2.0,3.694444,10.388889,0.638889,1.305556,0.166667,13,0.361111,1650.0,157.632281
100,4209,HPP-init-NSGA2,v29_hpp_cost_front_boost_fast,REPORT,100.0,19,4096559427009.2646,18.05601,100,152.178082,175.18596,237.90217,1670.0,1864.210526,2030.0,0.0,7.894737,20.0,95.789474,3.0,1.210526,4.210526,10.157895,0.947368,1.0,0.052632,8,0.421053,1670.0,158.348884
100,4210,HPP-init-NSGA2,v29_hpp_cost_front_boost_fast,REPORT,100.0,37,4108627518842.208,17.056457,100,151.068493,170.168666,214.200835,1590.0,1911.891892,2240.0,0.0,11.891892,30.0,96.513514,2.351351,1.135135,3.486486,9.918919,1.216216,1.0,0.135135,13,0.351351,1590.0,170.305321
100,4211,HPP-init-NSGA2,v29_hpp_cost_front_boost_fast,REPORT,100.0,39,4157381051291.011,17.624021,100,139.489969,161.186831,218.8448,1670.0,1988.717949,2270.0,0.0,23.589744,80.0,93.025641,4.384615,2.589744,6.974359,9.076923,1.333333,2.051282,0.0,12,0.307692,1670.0,147.424987
100,4212,HPP-init-NSGA2,v29_hpp_cost_front_boost_fast,REPORT,100.0,39,4108855746318.4033,15.916993,100,150.986301,169.712093,222.619952,1590.0,1857.948718,2030.0,0.0,9.487179,30.0,97.769231,0.538462,1.692308,2.230769,10.333333,0.410256,1.307692,0.153846,13,0.333333,1590.0,153.80898
100,4213,HPP-init-NSGA2,v29_hpp_cost_front_boost_fast,REPORT,100.0,23,4098213818333.22,18.928415,100,153.452055,176.729618,261.145714,1580.0,1870.0,2150.0,0.0,7.826087,30.0,96.130435,2.0,1.869565,3.869565,10.217391,0.826087,1.565217,0.130435,12,0.521739,1580.0,155.658282
100,4214,HPP-init-NSGA2,v29_hpp_cost_front_boost_fast,REPORT,100.0,16,4095066494895.98,19.412384,100,154.170996,177.240577,225.66671,1570.0,1867.5,2270.0,0.0,22.5,70.0,93.3125,4.4375,2.25,6.6875,10.125,1.3125,1.875,0.0,8,0.5,1600.0,154.188018
100,4215,HPP-init-NSGA2,v29_hpp_cost_front_boost_fast,REPORT,100.0,37,4167264178416.19,17.709496,100,138.109589,159.763982,219.30245,1630.0,1975.675676,2290.0,0.0,10.540541,30.0,95.891892,2.72973,1.378378,4.108108,9.27027,1.567568,1.162162,0.054054,10,0.27027,1630.0,153.20424
100,4216,HPP-init-NSGA2,v29_hpp_cost_front_boost_fast,REPORT,100.0,28,4165080828503.475,16.571932,100,139.728247,189.365322,250.025454,1550.0,1850.357143,2340.0,0.0,6.785714,20.0,94.678571,2.071429,3.25,5.321429,10.785714,0.857143,2.535714,0.0,12,0.428571,1600.0,142.228808
100,4217,HPP-init-NSGA2,v29_hpp_cost_front_boost_fast,REPORT,100.0,20,4096460025702.963,19.323952,100,152.630137,180.10036,237.336243,1640.0,1892.0,2190.0,0.0,15.5,100.0,98.4,0.8,0.8,1.6,10.75,0.45,0.7,0.45,8,0.4,1640.0,154.890411
100,4218,HPP-init-NSGA2,v29_hpp_cost_front_boost_fast,REPORT,100.0,15,4094026980674.261,18.562732,100,153.315829,176.961655,244.3646,1640.0,1748.666667,1920.0,0.0,6.0,20.0,95.933333,0.666667,3.4,4.066667,10.466667,0.466667,2.4,0.0,8,0.533333,1640.0,153.315829
100,4219,HPP-init-NSGA2,v29_hpp_cost_front_boost_fast,REPORT,100.0,29,4091838829645.355,16.050237,100,154.783113,173.047805,192.684725,1580.0,1787.931034,1990.0,0.0,8.62069,30.0,92.37931,5.482759,2.137931,7.62069,9.896552,1.0,1.275862,0.0,10,0.344828,1580.0,158.164177
100,4220,HPP-init-NSGA2,v29_hpp_cost_front_boost_fast,REPORT,100.0,15,4101529128258.494,19.355239,100,152.424658,189.528476,232.672308,1590.0,1799.333333,2090.0,0.0,13.333333,60.0,96.0,1.666667,2.333333,4.0,10.866667,1.133333,2.0,0.133333,6,0.4,1590.0,155.740486
100,4221,HPP-init-NSGA2,v29_hpp_cost_front_boost_fast,REPORT,100.0,32,4166182007328.461,17.776152,100,139.464737,171.07324,222.373385,1560.0,1912.5,2350.0,0.0,18.75,100.0,96.4375,1.71875,1.84375,3.5625,9.875,0.9375,1.375,0.03125,13,0.40625,1560.0,158.454031
100,4222,HPP-init-NSGA2,v29_hpp_cost_front_boost_fast,REPORT,100.0,27,4088354841446.565,19.014679,100,154.443231,177.657735,225.519689,1640.0,1781.851852,1990.0,0.0,11.851852,40.0,93.740741,5.037037,1.222222,6.259259,10.777778,1.0,0.814815,0.0,11,0.407407,1640.0,154.96486
100,4223,HPP-init-NSGA2,v29_hpp_cost_front_boost_fast,REPORT,100.0,36,4092678716664.964,17.609045,100,153.636629,185.622881,258.367923,1630.0,1840.555556,2140.0,0.0,9.722222,30.0,93.138889,4.527778,2.333333,6.861111,10.638889,1.5,1.777778,0.0,14,0.388889,1630.0,170.260479
100,4224,HPP-init-NSGA2,v29_hpp_cost_front_boost_fast,REPORT,100.0,23,4104169163902.623,17.016288,100,151.767123,188.184886,228.349388,1600.0,1767.391304,2080.0,0.0,13.478261,90.0,94.956522,2.869565,2.173913,5.043478,10.869565,1.130435,1.608696,0.043478,9,0.391304,1600.0,154.024929
100,4225,HPP-init-NSGA2,v29_hpp_cost_front_boost_fast,REPORT,100.0,23,4098815393614.077,18.287843,100,152.260274,173.350242,223.786673,1630.0,2071.304348,2340.0,0.0,7.391304,20.0,97.956522,0.608696,1.434783,2.043478,10.086957,0.347826,1.0,0.521739,8,0.347826,1630.0,168.09589
100,4226,HPP-init-NSGA2,v29_hpp_cost_front_boost_fast,REPORT,100.0,27,4102308401866.249,17.63051,100,151.726027,172.504306,226.401298,1630.0,1878.518519,2140.0,0.0,8.148148,20.0,97.407407,0.555556,2.037037,2.592593,10.037037,0.222222,1.185185,0.259259,12,0.444444,1630.0,155.419676
100,4227,HPP-init-NSGA2,v29_hpp_cost_front_boost_fast,REPORT,100.0,29,4097561257934.3047,17.698535,100,151.849315,171.576693,204.559473,1680.0,1895.172414,2300.0,0.0,7.241379,20.0,96.931034,2.655172,0.413793,3.068966,10.103448,0.862069,0.275862,0.034483,13,0.448276,1680.0,170.464436
100,4228,HPP-init-NSGA2,v29_hpp_cost_front_boost_fast,REPORT,100.0,32,4175319980308.026,19.221549,100,136.835616,180.573865,244.177915,1590.0,1951.5625,2340.0,0.0,9.6875,40.0,97.5,0.84375,1.65625,2.5,10.59375,0.5625,1.375,0.21875,12,0.375,1590.0,139.879482
100,4229,HPP-init-NSGA2,v29_hpp_cost_front_boost_fast,REPORT,100.0,20,4089473927621.1216,17.980966,100,154.175665,179.575934,233.73463,1640.0,1784.0,1920.0,0.0,8.0,20.0,95.6,3.65,0.75,4.4,10.45,1.2,0.75,0.0,8,0.4,1640.0,154.258617
100,4230,HPP-init-NSGA2,v29_hpp_cost_front_boost_fast,REPORT,100.0,21,4091149857158.05,19.264131,100,155.013699,189.105714,240.217071,1560.0,1848.571429,2450.0,0.0,10.47619,100.0,96.380952,2.095238,1.52381,3.619048,11.0,0.857143,0.952381,0.142857,10,0.47619,1560.0,158.370937
100,4201,KMeans-init-NSGA2,v29_hpp_cost_front_boost_fast,REPORT,100.0,16,4097070414979.73,10.643878,100,154.241738,184.135409,219.646163,1540.0,1770.625,2150.0,0.0,5.0,20.0,98.0,1.3125,0.6875,2.0,10.8125,1.0,0.6875,0.0,9,0.5625,1540.0,155.162316
100,4202,KMeans-init-NSGA2,v29_hpp_cost_front_boost_fast,REPORT,100.0,15,4023708092452.966,12.850673,100,167.273973,197.28533,231.374537,1660.0,1881.333333,2490.0,0.0,7.333333,20.0,99.4,0.2,0.4,0.6,11.866667,0.2,0.4,0.466667,6,0.4,1660.0,184.853989
100,4203,KMeans-init-NSGA2,v29_hpp_cost_front_boost_fast,REPORT,100.0,17,4083740704083.629,12.538186,100,154.787237,190.305858,242.671233,1660.0,1978.823529,2400.0,0.0,15.882353,70.0,99.352941,0.176471,0.470588,0.647059,11.470588,0.176471,0.294118,0.529412,5,0.294118,1730.0,185.69025
100,4204,KMeans-init-NSGA2,v29_hpp_cost_front_boost_fast,REPORT,100.0,21,4063898616873.883,11.431621,100,159.36332,195.270598,231.877473,1640.0,1851.904762,2250.0,0.0,10.0,50.0,99.47619,0.428571,0.095238,0.52381,11.714286,0.238095,0.095238,0.666667,9,0.428571,1640.0,191.52872
100,4205,KMeans-init-NSGA2,v29_hpp_cost_front_boost_fast,REPORT,100.0,10,4092611415128.7153,10.956803,100,152.917808,184.466296,220.180987,1660.0,2035.0,2340.0,0.0,23.0,100.0,98.7,1.1,0.2,1.3,10.9,1.0,0.2,0.3,6,0.6,1660.0,169.123288
100,4206,KMeans-init-NSGA2,v29_hpp_cost_front_boost_fast,REPORT,100.0,10,4101343150724.0127,13.018459,100,152.465753,197.178842,233.506849,1590.0,1756.0,1920.0,0.0,5.0,10.0,99.6,0.3,0.1,0.4,11.8,0.3,0.1,0.6,5,0.5,1590.0,168.424658
100,4207,KMeans-init-NSGA2,v29_hpp_cost_front_boost_fast,REPORT,100.0,16,4050742521981.681,9.6439,100,162.919104,207.949123,251.379566,1590.0,1722.5,1990.0,0.0,4.375,10.0,98.5625,0.0625,1.375,1.4375,12.3125,0.0625,1.3125,0.125,9,0.5625,1590.0,162.919104
100,4208,KMeans-init-NSGA2,v29_hpp_cost_front_boost_fast,REPORT,100.0,24,4095874357401.708,8.849706,100,152.876712,194.176189,232.205479,1640.0,1754.166667,2020.0,0.0,9.166667,30.0,98.291667,0.541667,1.166667,1.708333,11.458333,0.541667,1.083333,0.208333,9,0.375,1640.0,174.388236
100,4209,KMeans-init-NSGA2,v29_hpp_cost_front_boost_fast,REPORT,100.0,19,4016180462942.7256,11.02534,100,169.04536,193.949474,214.69863,1660.0,1996.315789,2340.0,0.0,16.842105,100.0,99.631579,0.105263,0.263158,0.368421,11.684211,0.105263,0.263158,0.684211,5,0.263158,1660.0,198.369863
100,4210,KMeans-init-NSGA2,v29_hpp_cost_front_boost_fast,REPORT,100.0,22,4082676900271.485,12.235791,100,154.684932,193.596104,234.80898,1690.0,1838.181818,2120.0,0.0,35.0,100.0,98.090909,1.0,0.909091,1.909091,11.363636,0.909091,0.545455,0.136364,8,0.363636,1690.0,186.658615
100,4211,KMeans-init-NSGA2,v29_hpp_cost_front_boost_fast,REPORT,100.0,16,4010290603569.431,11.118582,100,170.524812,212.067161,248.62304,1640.0,1815.0,2240.0,0.0,12.5,70.0,99.5,0.4375,0.0625,0.5,12.8125,0.375,0.0625,0.625,7,0.4375,1640.0,197.342466
100,4212,KMeans-init-NSGA2,v29_hpp_cost_front_boost_fast,REPORT,100.0,9,3951507292350.6816,12.61983,100,182.452055,205.915379,244.972603,1660.0,1873.333333,2470.0,0.0,18.888889,80.0,99.777778,0.0,0.222222,0.222222,12.444444,0.0,0.222222,0.777778,3,0.333333,1660.0,199.315068
100,4213,KMeans-init-NSGA2,v29_hpp_cost_front_boost_fast,REPORT,100.0,30,4178504669333.434,8.665966,100,136.260274,181.475748,206.401749,1600.0,1764.333333,2300.0,0.0,6.666667,20.0,98.9,0.366667,0.733333,1.1,10.8,0.366667,0.733333,0.366667,11,0.366667,1600.0,139.304139
100,4214,KMeans-init-NSGA2,v29_hpp_cost_front_boost_fast,REPORT,100.0,19,4033752891580.715,9.841287,100,167.027397,204.581753,237.763805,1550.0,1809.473684,2240.0,0.0,11.578947,80.0,99.263158,0.368421,0.368421,0.736842,12.315789,0.368421,0.368421,0.578947,8,0.421053,1550.0,182.986301
100,4215,KMeans-init-NSGA2,v29_hpp_cost_front_boost_fast,REPORT,100.0,27,4175477347381.54,9.803548,100,136.383562,185.151889,232.288432,1620.0,1902.962963,2260.0,0.0,12.222222,100.0,99.259259,0.407407,0.333333,0.740741,11.074074,0.407407,0.333333,0.407407,11,0.407407,1630.0,153.80898
100,4216,KMeans-init-NSGA2,v29_hpp_cost_front_boost_fast,REPORT,100.0,12,4020132167578.828,10.180778,100,168.09399,197.979656,229.136986,1660.0,1858.333333,2190.0,0.0,18.333333,50.0,98.5,1.416667,0.083333,1.5,11.75,0.833333,0.083333,0.666667,3,0.25,1660.0,198.657534
100,4217,KMeans-init-NSGA2,v29_hpp_cost_front_boost_fast,REPORT,100.0,12,4027187095043.487,9.917691,100,166.369863,189.582498,216.534247,1680.0,1840.0,2080.0,0.0,5.833333,20.0,99.166667,0.5,0.333333,0.833333,11.333333,0.5,0.333333,0.25,6,0.5,1680.0,169.413728
100,4218,KMeans-init-NSGA2,v29_hpp_cost_front_boost_fast,REPORT,100.0,28,4115284199641.0425,11.031464,100,149.416277,190.762004,246.657534,1600.0,1809.285714,2410.0,0.0,8.928571,90.0,99.178571,0.428571,0.392857,0.821429,11.392857,0.428571,0.392857,0.392857,13,0.464286,1600.0,149.416277
100,4219,KMeans-init-NSGA2,v29_hpp_cost_front_boost_fast,REPORT,100.0,16,4099009056933.8594,10.855434,100,151.520548,193.994382,232.945966,1670.0,1837.5,2150.0,0.0,4.375,20.0,99.8125,0.125,0.0625,0.1875,11.75,0.125,0.0625,0.8125,10,0.625,1670.0,166.863014
100,4220,KMeans-init-NSGA2,v29_hpp_cost_front_boost_fast,REPORT,100.0,20,4152678596150.477,10.164733,100,140.445767,192.258042,248.484126,1660.0,1898.0,2390.0,0.0,15.0,100.0,99.4,0.5,0.1,0.6,11.5,0.45,0.1,0.55,9,0.45,1660.0,141.06623
100,4221,KMeans-init-NSGA2,v29_hpp_cost_front_boost_fast,REPORT,100.0,14,4083518191177.525,10.655548,100,154.931507,185.081063,201.726027,1660.0,1862.142857,2270.0,0.0,16.428571,100.0,99.357143,0.0,0.642857,0.642857,11.0,0.0,0.642857,0.5,6,0.428571,1660.0,169.808219
100,4222,KMeans-init-NSGA2,v29_hpp_cost_front_boost_fast,REPORT,100.0,17,4099922340514.188,11.62543,100,151.39726,187.838122,249.610911,1660.0,1960.588235,2240.0,0.0,11.764706,80.0,99.294118,0.529412,0.176471,0.705882,11.176471,0.411765,0.176471,0.588235,7,0.411765,1660.0,166.863014
100,4223,KMeans-init-NSGA2,v29_hpp_cost_front_boost_fast,REPORT,100.0,14,4058835961678.398,9.322717,100,160.062433,203.224774,230.493151,1660.0,1807.142857,2230.0,0.0,11.428571,80.0,99.571429,0.071429,0.357143,0.428571,12.285714,0.071429,0.285714,0.714286,6,0.428571,1660.0,170.615422
100,4224,KMeans-init-NSGA2,v29_hpp_cost_front_boost_fast,REPORT,100.0,18,4057344765919.461,8.4993,100,160.447275,200.315868,246.986301,1660.0,1788.888889,1920.0,0.0,22.222222,100.0,97.5,1.055556,1.444444,2.5,11.777778,0.888889,1.0,0.277778,8,0.444444,1690.0,160.618839
100,4225,KMeans-init-NSGA2,v29_hpp_cost_front_boost_fast,REPORT,100.0,34,4169225760443.6895,9.547389,100,137.328767,170.624659,249.569055,1640.0,2050.0,2380.0,0.0,20.588235,100.0,98.882353,0.205882,0.911765,1.117647,9.970588,0.205882,0.823529,0.294118,8,0.235294,1640.0,169.369863
100,4226,KMeans-init-NSGA2,v29_hpp_cost_front_boost_fast,REPORT,100.0,22,4084255610066.287,10.035493,100,154.787271,180.71897,232.287671,1660.0,1913.636364,2240.0,0.0,10.909091,60.0,99.181818,0.136364,0.681818,0.818182,10.818182,0.136364,0.636364,0.318182,10,0.454545,1660.0,170.890411
100,4227,KMeans-init-NSGA2,v29_hpp_cost_front_boost_fast,REPORT,100.0,14,4089096526691.8696,10.032665,100,153.123288,181.043258,212.356164,1700.0,1941.428571,2340.0,0.0,8.571429,20.0,99.285714,0.214286,0.5,0.714286,10.785714,0.214286,0.5,0.357143,5,0.357143,1700.0,184.465753
100,4228,KMeans-init-NSGA2,v29_hpp_cost_front_boost_fast,REPORT,100.0,15,3944665584431.5054,11.764942,100,183.726027,208.028959,246.821918,1660.0,2041.333333,2460.0,0.0,16.666667,80.0,99.6,0.133333,0.266667,0.4,12.466667,0.133333,0.266667,0.6,6,0.4,1660.0,204.082192
100,4229,KMeans-init-NSGA2,v29_hpp_cost_front_boost_fast,REPORT,100.0,19,4030421146008.4697,10.460382,100,167.232877,203.806454,234.898738,1590.0,1732.105263,1940.0,0.0,5.789474,20.0,99.210526,0.263158,0.526316,0.789474,12.421053,0.263158,0.526316,0.315789,10,0.526316,1590.0,186.412039
100,4230,KMeans-init-NSGA2,v29_hpp_cost_front_boost_fast,REPORT,100.0,14,4097341852258.906,8.877668,100,152.054795,183.526419,213.30137,1660.0,1867.142857,2360.0,0.0,7.142857,70.0,99.785714,0.0,0.214286,0.214286,11.0,0.0,0.214286,0.785714,10,0.714286,1660.0,170.780822
100,4201,MOPSO,v29_hpp_cost_front_boost_fast,REPORT,1440.2034159645734,31,3418220428653.741,5.415964,67,283.590417,304.734524,340.770267,2110.0,2451.213669,2610.0,288.040683,1138.417886,1397.848233,43.032258,25.806452,31.16129,56.967742,14.387097,5.0,13.258065,0.0,0,0.0,,
100,4202,MOPSO,v29_hpp_cost_front_boost_fast,REPORT,242.9631405946168,6,3303634395809.0864,7.21874,91,308.092841,308.848184,312.431361,2230.0,2230.0,2230.0,48.592628,131.732081,226.269228,36.833333,27.5,35.666667,63.166667,15.0,5.0,12.0,0.0,0,0.0,,
100,4203,MOPSO,v29_hpp_cost_front_boost_fast,REPORT,3612.78044009712,69,3488265728372.4146,5.518287,72,263.821532,299.694493,335.571763,2200.0,2480.984923,2740.0,722.556088,2585.025945,3608.769662,40.043478,28.42029,31.536232,59.956522,14.855072,5.0,12.84058,0.0,0,0.0,,
100,4204,MOPSO,v29_hpp_cost_front_boost_fast,REPORT,1412.7030232125503,16,3450179334130.4185,7.36537,97,276.567898,298.808232,334.893447,2150.0,2462.909662,2710.0,282.540605,815.166933,1397.096469,38.875,29.9375,31.1875,61.125,14.4375,5.0,12.25,0.0,0,0.0,,
100,4205,MOPSO,v29_hpp_cost_front_boost_fast,REPORT,3440.0299327672583,56,3408898969654.6577,5.556012,69,280.253105,300.374446,339.488613,2269.43886,2620.359147,2970.0,688.005987,2201.361383,3253.132083,39.285714,29.053571,31.660714,60.714286,14.785714,4.982143,12.910714,0.0,0,0.0,,
100,4206,MOPSO,v29_hpp_cost_front_boost_fast,REPORT,250.0,8,3326048015443.5127,7.097261,100,304.648636,308.406094,311.910216,2140.0,2288.75,2390.0,50.0,140.104216,215.208432,40.5,25.25,34.25,59.5,15.0,5.0,12.875,0.0,0,0.0,,
100,4207,MOPSO,v29_hpp_cost_front_boost_fast,REPORT,4394.2672779458335,83,3568958302365.385,5.1692,69,244.292152,289.570915,336.913405,2280.0,2546.119498,3250.0,878.853456,2545.456118,4380.626795,36.951807,29.698795,33.349398,63.048193,14.578313,4.987952,13.698795,0.0,0,0.0,,
100,4208,MOPSO,v29_hpp_cost_front_boost_fast,REPORT,1743.5822902154496,31,3418946998472.2515,7.330626,100,282.782156,307.815247,336.197611,2120.0,2623.683754,2970.0,348.716458,1097.630813,1717.392934,40.516129,25.677419,33.806452,59.483871,14.741935,5.0,13.258065,0.0,0,0.0,,
100,4209,MOPSO,v29_hpp_cost_front_boost_fast,REPORT,5493.340614728888,68,3390989619088.076,5.196468,65,279.375871,303.526016,341.322,2380.0,2718.677368,3440.0,1098.668123,3221.861975,5386.500361,41.735294,26.088235,32.176471,58.264706,14.882353,4.985294,13.014706,0.0,0,0.0,,
100,4210,MOPSO,v29_hpp_cost_front_boost_fast,REPORT,1600.0,35,3362530036328.136,7.423365,100,293.513754,312.385371,342.636745,2240.0,2524.045584,3430.0,320.0,935.672246,1407.137678,38.085714,25.857143,36.057143,61.914286,15.0,5.0,14.142857,0.0,0,0.0,,
100,4211,MOPSO,v29_hpp_cost_front_boost_fast,REPORT,2772.001608535781,45,3449929544764.119,6.975554,100,276.6718,300.99378,338.327095,1990.0,2456.974286,2700.0,554.400322,1698.311773,2687.187091,34.133333,29.311111,36.555556,65.866667,14.933333,5.0,13.866667,0.0,0,0.0,,
100,4212,MOPSO,v29_hpp_cost_front_boost_fast,REPORT,4142.307835842501,52,3441759928851.853,5.133147,65,272.324851,307.506455,339.504349,2260.0,2563.083902,3170.0,828.461567,1842.607034,3652.470768,41.596154,25.346154,33.057692,58.403846,14.865385,5.0,13.634615,0.0,0,0.0,,
100,4213,MOPSO,v29_hpp_cost_front_boost_fast,REPORT,3730.1217953151454,62,3484602422748.671,5.394466,75,264.445348,307.747084,344.485416,2210.0,2428.75384,2780.0,746.024359,2099.505174,3702.385981,38.274194,25.774194,35.951613,61.725806,14.645161,5.0,13.564516,0.0,0,0.0,,
100,4214,MOPSO,v29_hpp_cost_front_boost_fast,REPORT,1906.5012929059053,30,3489101359956.84,7.644094,100,266.642665,299.735631,337.774385,2200.0,2451.700702,2620.0,381.300259,1102.822014,1873.312585,34.666667,28.7,36.633333,65.333333,14.8,5.0,13.533333,0.0,0,0.0,,
100,4215,MOPSO,v29_hpp_cost_front_boost_fast,REPORT,147.33543129638065,5,3351547222622.362,5.982368,79,297.162449,297.162449,297.162449,2300.0,2300.0,2300.0,29.467086,29.467086,29.467086,44.0,28.0,28.0,56.0,15.0,5.0,14.0,0.0,0,0.0,,
100,4216,MOPSO,v29_hpp_cost_front_boost_fast,REPORT,3692.333884989853,63,3484688586370.897,7.766626,100,265.639414,303.842328,348.595193,2130.21285,2561.847276,3020.0,738.466777,1918.566473,3491.188946,34.634921,28.952381,36.412698,65.365079,14.793651,5.0,14.126984,0.0,0,0.0,,
100,4217,MOPSO,v29_hpp_cost_front_boost_fast,REPORT,1920.10877028504,53,3528963801152.626,7.233986,100,259.017238,282.028523,316.714282,2170.0,2383.915153,2850.0,384.021754,1255.04557,1870.583738,38.207547,27.962264,33.830189,61.792453,14.603774,5.0,13.679245,0.0,0,0.0,,
100,4218,MOPSO,v29_hpp_cost_front_boost_fast,REPORT,3962.882579934952,63,3457181948154.208,7.820806,100,267.873037,300.069615,338.985297,2342.092822,2608.532055,3190.0,792.576516,2348.756788,3946.198322,42.079365,28.380952,29.539683,57.920635,14.825397,5.0,13.222222,0.0,0,0.0,,
100,4219,MOPSO,v29_hpp_cost_front_boost_fast,REPORT,1577.147220462225,24,3348795435000.125,4.919375,68,296.40873,312.373067,340.117031,2230.0,2450.398528,2610.0,315.429444,1097.199339,1485.536052,41.125,28.333333,30.541667,58.875,14.958333,5.0,11.833333,0.0,0,0.0,,
100,4220,MOPSO,v29_hpp_cost_front_boost_fast,REPORT,4463.525491562421,64,3470531871130.578,4.55397,64,264.747854,299.054036,348.641546,2330.0,2576.841528,3160.0,892.705098,2388.719478,4441.204018,37.765625,31.359375,30.875,62.234375,14.59375,5.0,13.28125,0.0,0,0.0,,
100,4221,MOPSO,v29_hpp_cost_front_boost_fast,REPORT,100.0,1,3291613882041.5967,7.265239,100,313.532037,313.532037,313.532037,2050.0,2050.0,2050.0,0.0,0.0,0.0,38.0,26.0,36.0,62.0,15.0,5.0,14.0,0.0,1,1.0,2050.0,313.532037
100,4222,MOPSO,v29_hpp_cost_front_boost_fast,REPORT,2200.0,42,3397797076173.808,4.059628,52,283.571814,321.091986,345.716801,2330.0,2583.075397,3000.0,440.0,1490.573061,2195.714397,41.214286,29.119048,29.666667,58.785714,14.928571,5.0,13.357143,0.0,0,0.0,,
100,4223,MOPSO,v29_hpp_cost_front_boost_fast,REPORT,1926.729848499744,46,3501714855076.012,7.120157,100,264.957039,305.473586,336.92507,2137.295344,2401.960747,2630.0,385.34597,1147.037891,1840.919285,38.065217,27.978261,33.956522,61.934783,14.847826,5.0,13.804348,0.0,0,0.0,,
100,4224,MOPSO,v29_hpp_cost_front_boost_fast,REPORT,1471.3672898766686,21,3440123919529.517,6.982374,100,276.808229,297.970054,328.149499,2270.0,2544.883687,3110.0,294.273458,922.073991,1442.507677,38.47619,28.333333,33.190476,61.52381,15.0,5.0,12.952381,0.0,0,0.0,,
100,4225,MOPSO,v29_hpp_cost_front_boost_fast,REPORT,3526.9969517149475,58,3479230010581.607,6.035855,82,264.23408,297.351317,341.228002,2310.0,2551.004087,2920.0,705.39939,2142.233155,3458.80207,36.87931,33.844828,29.275862,63.12069,14.965517,5.0,13.137931,0.0,0,0.0,,
100,4226,MOPSO,v29_hpp_cost_front_boost_fast,REPORT,5449.815224875771,68,3444825115935.405,6.001674,76,267.349039,295.970748,337.345685,2420.0,2630.994369,3350.0,1089.963045,2608.817468,5182.189961,42.205882,28.264706,29.529412,57.794118,14.867647,4.985294,12.955882,0.0,0,0.0,,
100,4227,MOPSO,v29_hpp_cost_front_boost_fast,REPORT,3404.8778779086288,63,3519410517868.7256,7.17594,100,259.168688,293.87017,337.768159,2129.722273,2354.16503,2740.0,680.975576,2153.84958,3329.677811,38.047619,25.68254,36.269841,61.952381,14.68254,5.0,14.079365,0.0,0,0.0,,
100,4228,MOPSO,v29_hpp_cost_front_boost_fast,REPORT,1631.6120974473563,51,3526146930712.4863,6.769672,100,260.445074,294.174366,333.556077,2140.0,2356.633868,2690.0,326.322419,913.522182,1594.434382,33.137255,30.0,36.862745,66.862745,15.0,5.0,13.882353,0.0,0,0.0,,
100,4229,MOPSO,v29_hpp_cost_front_boost_fast,REPORT,650.0,17,3442319548399.9893,7.422968,100,278.656939,298.993641,319.859111,2210.0,2350.588235,2500.0,130.0,377.401079,635.292466,40.470588,28.764706,30.764706,59.529412,14.882353,5.0,13.941176,0.0,0,0.0,,
100,4230,MOPSO,v29_hpp_cost_front_boost_fast,REPORT,2500.0,34,3427388391461.98,7.605561,100,275.483892,300.924242,339.757225,2430.0,2631.510656,2950.0,500.0,1530.381703,2481.152022,40.941176,31.029412,28.029412,59.058824,14.5,5.0,12.088235,0.0,0,0.0,,
100,4201,Trad-NSGA2,v29_hpp_cost_front_boost_fast,REPORT,100.0,12,3521281636813.901,8.946333,100,265.098513,295.479274,325.918537,2080.0,2164.575071,2390.0,0.0,36.98523,91.014203,31.333333,30.0,38.666667,68.666667,14.333333,5.0,12.583333,0.0,2,0.166667,2080.0,295.881222
100,4202,Trad-NSGA2,v29_hpp_cost_front_boost_fast,REPORT,100.0,5,3780589321658.225,8.981813,100,215.014005,233.274102,251.879645,1830.0,2093.866894,2290.0,0.0,46.99294,80.0,34.2,29.2,36.6,65.8,12.4,5.0,11.8,0.0,1,0.2,2280.0,251.879645
100,4203,Trad-NSGA2,v29_hpp_cost_front_boost_fast,REPORT,100.0,25,3765470352627.736,8.871307,100,215.771277,259.427002,289.205685,1965.720524,2152.54063,2370.0,0.0,49.34164,100.0,39.68,26.24,34.08,60.32,14.4,5.0,12.72,0.0,4,0.16,2052.645416,272.31247
100,4204,Trad-NSGA2,v29_hpp_cost_front_boost_fast,REPORT,100.0,7,3568865672826.712,9.290816,100,255.187347,274.482844,285.828525,2080.0,2121.428571,2140.0,0.0,35.14486,96.014018,40.0,25.571429,34.428571,60.0,13.428571,5.0,11.571429,0.0,2,0.285714,2080.0,285.828525
100,4205,Trad-NSGA2,v29_hpp_cost_front_boost_fast,REPORT,100.0,7,3633449539807.3154,9.197204,100,242.21726,280.197143,311.226428,2020.0,2298.571429,2430.0,0.0,18.458184,50.0,39.142857,24.571429,36.285714,60.857143,14.571429,4.857143,13.285714,0.0,3,0.428571,2020.0,277.648241
100,4206,Trad-NSGA2,v29_hpp_cost_front_boost_fast,REPORT,100.0,2,3440338501971.349,9.713469,100,278.431212,304.824695,331.218177,2320.0,2335.0,2350.0,0.0,20.0,40.0,42.5,29.5,28.0,57.5,14.5,5.0,12.5,0.0,1,0.5,2350.0,331.218177
100,4207,Trad-NSGA2,v29_hpp_cost_front_boost_fast,REPORT,100.0,6,3585252839744.622,8.8801,100,252.674653,293.391413,312.411632,2016.366203,2119.394367,2180.0,0.0,12.186943,63.121658,42.5,31.0,26.5,57.5,14.166667,5.0,12.333333,0.0,4,0.666667,2016.366203,289.731296
100,4208,Trad-NSGA2,v29_hpp_cost_front_boost_fast,REPORT,100.0,2,3375933314563.5386,9.207196,100,292.994838,300.153983,307.313128,2250.0,2250.0,2250.0,0.0,11.944287,23.888574,38.5,25.5,36.0,61.5,13.5,5.0,12.0,0.0,1,0.5,2250.0,307.313128
100,4209,Trad-NSGA2,v29_hpp_cost_front_boost_fast,REPORT,100.0,6,3687632318339.5576,8.782865,100,231.844415,252.249739,272.271737,1985.892324,2120.982054,2250.0,0.0,32.25472,64.509441,36.666667,32.166667,31.166667,63.333333,13.5,5.0,12.5,0.0,3,0.5,1985.892324,256.870172
100,4210,Trad-NSGA2,v29_hpp_cost_front_boost_fast,REPORT,100.0,10,3768885215888.79,8.807113,100,217.368134,243.125972,273.339088,1836.815669,1954.041814,2045.020215,0.0,14.673557,60.572608,35.2,26.9,37.9,64.8,12.8,5.0,12.1,0.0,5,0.5,1836.815669,218.88144
100,4211,Trad-NSGA2,v29_hpp_cost_front_boost_fast,REPORT,100.0,8,3688573682851.149,8.712368,100,234.030761,264.247584,304.889325,1830.0,1977.837916,2110.0,0.0,35.858521,98.434082,35.5,28.0,36.5,64.5,14.125,5.0,12.75,0.0,5,0.625,1830.0,251.508985
100,4212,Trad-NSGA2,v29_hpp_cost_front_boost_fast,REPORT,100.0,5,3471565537876.887,9.133914,100,276.025233,294.063531,331.28075,2040.0,2173.374509,2350.0,0.0,40.489016,90.0,38.8,32.4,28.8,61.2,13.0,5.0,11.2,0.0,2,0.4,2040.0,291.573178
100,4213,Trad-NSGA2,v29_hpp_cost_front_boost_fast,REPORT,100.0,8,3663167645994.877,9.049231,100,236.50441,255.957024,274.717411,2010.0,2185.0,2240.0,0.0,36.425047,79.856633,38.875,28.125,33.0,61.125,14.625,5.0,14.125,0.0,3,0.375,2200.0,253.582156
100,4214,Trad-NSGA2,v29_hpp_cost_front_boost_fast,REPORT,100.0,5,3677092198012.7954,8.998017,100,236.385526,260.91745,271.914161,1840.0,1998.290056,2226.231242,0.0,15.590757,38.867939,32.2,30.2,37.6,67.8,13.6,5.0,13.6,0.0,2,0.4,1840.0,271.836263
100,4215,Trad-NSGA2,v29_hpp_cost_front_boost_fast,REPORT,100.0,5,3492562556849.948,9.474715,100,270.231449,281.613032,290.063026,2140.0,2170.0,2210.0,0.0,16.528813,40.0,36.8,30.0,33.2,63.2,13.6,5.0,11.6,0.0,2,0.4,2140.0,288.714484
100,4216,Trad-NSGA2,v29_hpp_cost_front_boost_fast,REPORT,100.0,7,3673310184936.4062,8.650613,100,234.055376,253.114717,290.736407,2040.0,2111.428571,2280.0,0.0,35.025336,75.900141,39.428571,31.571429,29.0,60.571429,13.714286,5.0,12.0,0.0,1,0.142857,2040.0,290.736407
100,4217,Trad-NSGA2,v29_hpp_cost_front_boost_fast,REPORT,100.0,13,3657545972065.632,8.850524,100,240.643039,262.996015,288.487339,1820.0,2026.240124,2330.0,0.0,26.354894,69.135449,36.461538,28.461538,35.076923,63.538462,13.923077,5.0,12.923077,0.0,3,0.230769,1930.0,257.378491
100,4218,Trad-NSGA2,v29_hpp_cost_front_boost_fast,REPORT,100.0,10,3695090141325.031,8.443963,100,231.568022,262.849319,291.611574,1900.0,2047.480439,2180.0,0.0,36.678902,100.0,36.8,31.2,32.0,63.2,14.3,5.0,12.6,0.0,3,0.3,1900.0,253.277178
100,4219,Trad-NSGA2,v29_hpp_cost_front_boost_fast,REPORT,100.0,5,3736237198218.1055,9.584158,100,220.41526,239.80335,252.06515,2070.0,2130.0,2210.0,0.0,12.39319,35.565401,35.4,25.8,38.8,64.6,13.4,5.0,12.4,0.0,3,0.6,2070.0,220.41526
100,4220,Trad-NSGA2,v29_hpp_cost_front_boost_fast,REPORT,100.0,5,3662546370860.904,8.85253,100,235.783,266.916898,310.847835,2070.0,2192.0,2280.0,0.0,55.398209,97.367044,38.2,29.6,32.2,61.8,13.8,5.0,12.0,0.0,1,0.2,2280.0,284.601827
100,4221,Trad-NSGA2,v29_hpp_cost_front_boost_fast,REPORT,100.0,5,3658257702054.715,8.673491,100,238.300055,256.93849,273.447231,1970.0,2044.0,2240.0,0.0,10.433486,26.26573,37.2,28.2,34.6,62.8,13.6,5.0,12.2,0.0,3,0.6,1970.0,249.598456
100,4222,Trad-NSGA2,v29_hpp_cost_front_boost_fast,REPORT,100.0,15,3488495026376.3813,9.48017,100,272.88652,295.207013,311.062671,2020.0,2120.921147,2410.0,0.0,44.089068,91.117046,42.4,27.333333,30.266667,57.6,14.466667,5.0,12.066667,0.0,4,0.266667,2020.0,293.538526
100,4223,Trad-NSGA2,v29_hpp_cost_front_boost_fast,REPORT,100.0,5,3593018632775.8555,8.773168,100,251.678503,279.430194,313.303272,1983.631278,2090.726256,2180.0,0.0,8.178767,13.631278,36.6,28.0,35.4,63.4,14.0,5.0,12.2,0.0,2,0.4,2120.0,308.24949
100,4224,Trad-NSGA2,v29_hpp_cost_front_boost_fast,REPORT,100.0,5,3853983099351.64,8.451571,100,198.102419,230.699749,253.193542,1930.0,2031.510746,2180.0,0.0,8.0,30.0,37.8,29.2,33.0,62.2,12.8,5.0,12.6,0.0,3,0.6,1930.0,217.238891
100,4225,Trad-NSGA2,v29_hpp_cost_front_boost_fast,REPORT,100.0,7,3575477454027.54,8.802694,100,256.761081,266.865712,290.768225,1880.0,2242.857143,2410.0,0.0,24.893712,100.0,37.285714,29.571429,33.142857,62.714286,13.142857,5.0,11.714286,0.0,4,0.571429,1880.0,258.648454
100,4226,Trad-NSGA2,v29_hpp_cost_front_boost_fast,REPORT,100.0,5,3427544276595.656,9.57892,100,285.095033,299.192975,323.959281,2050.0,2219.499554,2450.0,0.0,31.942244,70.0,39.2,24.8,36.0,60.8,14.6,5.0,13.2,0.0,2,0.4,2057.49777,290.053586
100,4227,Trad-NSGA2,v29_hpp_cost_front_boost_fast,REPORT,100.0,6,3586187317697.355,9.030163,100,252.223767,275.479974,295.047496,2040.0,2120.832248,2460.0,0.0,33.592365,81.554191,32.666667,29.5,37.833333,67.333333,13.5,5.0,13.333333,0.0,3,0.5,2040.0,278.091074
100,4228,Trad-NSGA2,v29_hpp_cost_front_boost_fast,REPORT,100.0,6,3583428352046.146,8.679156,100,251.850009,287.416119,322.547323,2089.311377,2186.551896,2240.0,0.0,56.97284,83.440545,33.666667,32.333333,34.0,66.333333,14.333333,5.0,12.833333,0.0,1,0.166667,2090.0,309.836278
100,4229,Trad-NSGA2,v29_hpp_cost_front_boost_fast,REPORT,100.0,6,3535498138371.216,9.126186,100,261.94291,289.330361,307.083428,2090.0,2293.845928,2520.0,0.0,34.617679,63.075566,41.166667,28.333333,30.5,58.833333,14.0,5.0,11.5,0.0,1,0.166667,2340.0,307.083428
100,4230,Trad-NSGA2,v29_hpp_cost_front_boost_fast,REPORT,100.0,7,3693839011719.0254,8.961628,100,229.447268,253.15596,275.791452,2056.447338,2141.69258,2190.0,0.0,43.563305,84.571367,42.428571,29.0,28.571429,57.571429,13.285714,5.0,11.714286,0.0,2,0.285714,2056.447338,229.447268
50,4201,HPP-init-NSGA2,v29_hpp_cost_front_boost_fast,REPORT,100.0,18,4444234089196.637,13.67076,100,83.0,92.217068,115.452055,1530.0,1741.111111,1960.0,0.0,15.0,50.0,49.444444,0.0,0.555556,0.555556,5.5,0.0,0.333333,0.833333,12,0.666667,1530.0,84.027397
50,4202,HPP-init-NSGA2,v29_hpp_cost_front_boost_fast,REPORT,100.0,23,4445125248807.673,13.240195,100,83.0,92.329566,119.09589,1520.0,1751.73913,1960.0,0.0,5.217391,50.0,49.043478,0.0,0.956522,0.956522,5.608696,0.0,0.73913,0.391304,19,0.826087,1520.0,84.027397
50,4203,HPP-init-NSGA2,v29_hpp_cost_front_boost_fast,REPORT,100.0,16,4443351067676.861,11.927759,100,83.0,88.725285,98.958904,1540.0,1813.75,1960.0,0.0,14.375,50.0,49.3125,0.0,0.6875,0.6875,5.25,0.0,0.4375,0.8125,10,0.625,1540.0,83.986301
50,4204,HPP-init-NSGA2,v29_hpp_cost_front_boost_fast,REPORT,100.0,14,4497945356493.447,12.600119,100,72.173932,88.727963,125.145583,1510.0,1801.428571,2030.0,0.0,0.0,0.0,47.214286,0.785714,2.0,2.785714,5.071429,0.357143,1.214286,0.357143,14,1.0,1510.0,72.173932
50,4205,HPP-init-NSGA2,v29_hpp_cost_front_boost_fast,REPORT,100.0,19,4444259952253.864,11.314195,100,83.0,89.350926,102.69863,1530.0,1788.947368,1960.0,0.0,13.157895,50.0,48.578947,0.0,1.421053,1.421053,5.684211,0.0,0.947368,0.526316,11,0.578947,1530.0,84.027397
50,4206,HPP-init-NSGA2,v29_hpp_cost_front_boost_fast,REPORT,100.0,10,4486813881922.923,12.324722,100,73.867888,86.17446,98.958904,1540.0,1855.0,2310.0,0.0,15.0,50.0,49.6,0.3,0.1,0.4,5.1,0.1,0.1,0.8,7,0.7,1540.0,84.027397
50,4207,HPP-init-NSGA2,v29_hpp_cost_front_boost_fast,REPORT,100.0,25,4444262316910.793,10.646969,100,83.0,89.240127,102.534247,1530.0,1779.2,1960.0,0.0,22.0,50.0,49.44,0.04,0.52,0.56,5.56,0.04,0.52,0.72,11,0.44,1530.0,84.027397
50,4208,HPP-init-NSGA2,v29_hpp_cost_front_boost_fast,REPORT,100.0,24,4486074813929.917,11.361761,100,74.284054,82.580891,102.69863,1530.0,1873.75,2030.0,0.0,8.333333,50.0,46.5,1.583333,1.916667,3.5,4.75,0.916667,1.125,0.25,20,0.833333,1530.0,74.5627
50,4209,HPP-init-NSGA2,v29_hpp_cost_front_boost_fast,REPORT,100.0,16,4445160535843.078,10.848347,100,83.0,89.411083,102.808219,1520.0,1776.875,1960.0,0.0,18.75,50.0,49.25,0.0625,0.6875,0.75,5.375,0.0625,0.375,0.625,8,0.5,1520.0,84.027397
50,4210,HPP-init-NSGA2,v29_hpp_cost_front_boost_fast,REPORT,100.0,21,4445135444217.797,11.18747,100,83.0,89.582458,115.534247,1520.0,1799.52381,1960.0,0.0,23.809524,50.0,49.428571,0.047619,0.52381,0.571429,5.380952,0.047619,0.333333,0.809524,9,0.428571,1520.0,84.027397
50,4211,HPP-init-NSGA2,v29_hpp_cost_front_boost_fast,REPORT,100.0,17,4463753577420.762,11.64231,100,78.920747,88.520096,102.69863,1530.0,1825.882353,2080.0,0.0,11.764706,70.0,46.941176,1.117647,1.941176,3.058824,5.705882,0.647059,1.470588,0.411765,12,0.705882,1530.0,83.093036
50,4212,HPP-init-NSGA2,v29_hpp_cost_front_boost_fast,REPORT,100.0,11,4444247417619.163,11.124923,100,83.0,89.733744,102.069195,1530.0,1784.545455,1960.0,0.0,10.909091,50.0,48.909091,0.090909,1.0,1.090909,5.272727,0.090909,0.545455,0.636364,8,0.727273,1530.0,83.986301
50,4213,HPP-init-NSGA2,v29_hpp_cost_front_boost_fast,REPORT,100.0,16,4491564900151.951,11.845533,100,73.130205,87.487706,119.150685,1530.0,1851.875,2080.0,0.0,14.375,50.0,47.8125,0.3125,1.875,2.1875,5.1875,0.25,1.0625,0.375,9,0.5625,1530.0,73.130205
50,4214,HPP-init-NSGA2,v29_hpp_cost_front_boost_fast,REPORT,100.0,19,4445144907028.208,10.909019,100,83.0,91.177655,115.534247,1520.0,1766.315789,1960.0,0.0,14.736842,50.0,49.210526,0.0,0.789474,0.789474,5.526316,0.0,0.578947,0.631579,12,0.631579,1520.0,84.027397
50,4215,HPP-init-NSGA2,v29_hpp_cost_front_boost_fast,REPORT,100.0,11,4485240246419.206,11.741844,100,74.284054,82.868836,98.958904,1540.0,1876.363636,2030.0,0.0,9.090909,50.0,46.090909,0.818182,3.090909,3.909091,4.545455,0.454545,1.454545,0.181818,9,0.818182,1540.0,74.5627
50,4216,HPP-init-NSGA2,v29_hpp_cost_front_boost_fast,REPORT,100.0,19,4488753981277.739,12.029209,100,74.284054,86.15437,123.164087,1500.0,1818.421053,2030.0,0.0,20.548795,82.201923,45.210526,1.210526,3.578947,4.789474,5.052632,0.526316,1.947368,0.157895,13,0.684211,1500.0,74.5627
50,4217,HPP-init-NSGA2,v29_hpp_cost_front_boost_fast,REPORT,100.0,16,4481802431547.257,10.827295,100,75.352547,92.17764,118.799007,1520.0,1738.125,2090.0,0.0,10.625,60.0,48.1875,0.6875,1.125,1.8125,5.3125,0.375,0.625,0.5,12,0.75,1520.0,76.78
50,4218,HPP-init-NSGA2,v29_hpp_cost_front_boost_fast,REPORT,100.0,14,4465938540276.52,10.487504,100,78.481211,90.552963,102.534247,1530.0,1720.0,1870.0,0.0,1.428571,20.0,49.357143,0.071429,0.571429,0.642857,5.357143,0.071429,0.285714,0.785714,13,0.928571,1530.0,84.027397
50,4219,HPP-init-NSGA2,v29_hpp_cost_front_boost_fast,REPORT,100.0,21,4447694476815.209,10.11373,100,83.0,97.256822,145.09589,1490.0,1747.142857,1960.0,0.0,21.114569,50.0,48.52381,0.095238,1.380952,1.47619,5.761905,0.095238,1.0,0.666667,9,0.428571,1520.0,84.027397
50,4220,HPP-init-NSGA2,v29_hpp_cost_front_boost_fast,REPORT,100.0,19,4486126262158.4,10.855222,100,74.284054,87.758244,115.739726,1530.0,1791.052632,2030.0,0.0,10.0,50.0,48.210526,0.736842,1.052632,1.789474,5.157895,0.526316,0.631579,0.421053,14,0.736842,1530.0,74.5627
50,4221,HPP-init-NSGA2,v29_hpp_cost_front_boost_fast,REPORT,100.0,17,4444223978201.337,10.419086,100,83.0,90.851751,102.534247,1530.0,1751.176471,1960.0,0.0,8.823529,50.0,49.235294,0.058824,0.705882,0.764706,5.647059,0.058824,0.705882,0.588235,12,0.705882,1530.0,84.027397
50,4222,HPP-init-NSGA2,v29_hpp_cost_front_boost_fast,REPORT,100.0,25,4444268239556.163,10.891911,100,83.0,87.650959,102.534247,1530.0,1797.6,1960.0,0.0,20.0,50.0,49.12,0.0,0.88,0.88,5.4,0.0,0.68,0.48,9,0.36,1530.0,84.027397
50,4223,HPP-init-NSGA2,v29_hpp_cost_front_boost_fast,REPORT,100.0,15,4485480458747.577,11.176828,100,74.5627,88.836657,125.019453,1520.0,1817.333333,2030.0,0.0,1.333333,10.0,43.4,2.2,4.4,6.6,5.0,1.266667,2.533333,0.0,13,0.866667,1520.0,74.5627
50,4224,HPP-init-NSGA2,v29_hpp_cost_front_boost_fast,REPORT,100.0,14,4445077383801.574,10.330703,100,83.0,90.368579,109.638421,1520.0,1815.0,2410.0,0.0,10.0,50.0,49.0,0.142857,0.857143,1.0,5.285714,0.142857,0.5,0.714286,11,0.785714,1520.0,84.027397
50,4225,HPP-init-NSGA2,v29_hpp_cost_front_boost_fast,REPORT,100.0,12,4443287984246.576,10.680104,100,83.0,90.283105,98.958904,1540.0,1755.833333,1960.0,0.0,12.5,50.0,49.916667,0.0,0.083333,0.083333,5.416667,0.0,0.083333,0.916667,9,0.75,1540.0,84.027397
50,4226,HPP-init-NSGA2,v29_hpp_cost_front_boost_fast,REPORT,100.0,21,4444248338311.551,9.843268,100,83.0,90.811243,102.739726,1530.0,1757.142857,1960.0,0.0,15.714286,50.0,49.285714,0.0,0.714286,0.714286,5.380952,0.0,0.47619,0.761905,13,0.619048,1530.0,84.027397
50,4227,HPP-init-NSGA2,v29_hpp_cost_front_boost_fast,REPORT,100.0,13,4444244760152.063,10.589981,100,83.0,90.817118,118.452055,1530.0,1772.307692,1960.0,0.0,13.076923,50.0,49.384615,0.0,0.615385,0.615385,5.461538,0.0,0.461538,0.692308,9,0.692308,1530.0,84.027397
50,4228,HPP-init-NSGA2,v29_hpp_cost_front_boost_fast,REPORT,100.0,12,4484799200171.781,10.562052,100,74.5627,93.089961,112.185493,1530.0,1729.166667,2030.0,0.0,0.833333,10.0,46.5,0.75,2.75,3.5,5.166667,0.416667,1.666667,0.083333,11,0.916667,1530.0,74.5627
50,4229,HPP-init-NSGA2,v29_hpp_cost_front_boost_fast,REPORT,100.0,7,4439245484886.12,10.608431,100,84.027397,94.531513,115.452055,1530.0,1717.142857,1850.0,0.0,0.0,0.0,49.142857,0.714286,0.142857,0.857143,5.571429,0.428571,0.142857,0.714286,7,1.0,1530.0,84.027397
50,4230,HPP-init-NSGA2,v29_hpp_cost_front_boost_fast,REPORT,100.0,14,4443288375559.385,11.038484,100,83.0,87.262102,98.958904,1540.0,1831.428571,1960.0,0.0,21.428571,50.0,49.857143,0.071429,0.071429,0.142857,5.214286,0.071429,0.071429,0.857143,8,0.571429,1540.0,84.027397
50,4201,KMeans-init-NSGA2,v29_hpp_cost_front_boost_fast,REPORT,100.0,15,4445077294020.87,6.647046,100,83.0,94.091537,115.534247,1520.0,1750.0,1960.0,0.0,11.333333,50.0,49.4,0.0,0.6,0.6,5.666667,0.0,0.466667,0.666667,11,0.733333,1520.0,83.986301
50,4202,KMeans-init-NSGA2,v29_hpp_cost_front_boost_fast,REPORT,100.0,14,4445122902089.996,6.499481,100,83.0,93.33363,115.534247,1520.0,1748.571429,2210.0,0.0,13.571429,50.0,49.285714,0.0,0.714286,0.714286,5.714286,0.0,0.5,0.714286,9,0.642857,1520.0,85.846655
50,4203,KMeans-init-NSGA2,v29_hpp_cost_front_boost_fast,REPORT,100.0,16,4445134354082.201,6.077407,100,83.0,92.821836,115.575342,1520.0,1725.625,1960.0,0.0,13.75,50.0,49.625,0.0,0.375,0.375,5.5625,0.0,0.1875,0.8125,11,0.6875,1520.0,83.986301
50,4204,KMeans-init-NSGA2,v29_hpp_cost_front_boost_fast,REPORT,100.0,14,4445141538708.054,5.776585,100,83.0,89.841822,103.132004,1520.0,1797.857143,2330.0,0.0,12.857143,50.0,49.071429,0.357143,0.571429,0.928571,5.428571,0.357143,0.285714,0.428571,9,0.642857,1520.0,85.09589
50,4205,KMeans-init-NSGA2,v29_hpp_cost_front_boost_fast,REPORT,100.0,23,4445155204837.166,6.078697,100,83.0,92.490431,106.260274,1520.0,1724.347826,1960.0,0.0,13.478261,50.0,49.478261,0.043478,0.478261,0.521739,5.565217,0.043478,0.478261,0.608696,15,0.652174,1520.0,83.986301
50,4206,KMeans-init-NSGA2,v29_hpp_cost_front_boost_fast,REPORT,100.0,14,4445096938854.807,6.271482,100,83.0,94.367224,115.534247,1520.0,1737.142857,1960.0,0.0,12.142857,50.0,49.785714,0.214286,0.0,0.214286,5.642857,0.214286,0.0,0.785714,10,0.714286,1520.0,84.027397
50,4207,KMeans-init-NSGA2,v29_hpp_cost_front_boost_fast,REPORT,100.0,23,4445168538450.352,4.919512,100,83.0,89.193444,106.099056,1520.0,1763.043478,1960.0,0.0,12.173913,50.0,48.608696,0.217391,1.173913,1.391304,5.478261,0.173913,0.652174,0.304348,11,0.478261,1520.0,84.027397
50,4208,KMeans-init-NSGA2,v29_hpp_cost_front_boost_fast,REPORT,100.0,22,4445132608407.234,5.886022,100,83.0,91.72313,102.887291,1520.0,1770.909091,2450.0,0.0,13.636364,50.0,49.045455,0.0,0.954545,0.954545,5.545455,0.0,0.772727,0.590909,14,0.636364,1520.0,86.018373
50,4209,KMeans-init-NSGA2,v29_hpp_cost_front_boost_fast,REPORT,100.0,14,4445120292681.135,4.876425,100,83.0,95.310327,131.821918,1520.0,1740.0,1960.0,0.0,17.142857,50.0,49.571429,0.0,0.428571,0.428571,5.714286,0.0,0.214286,0.785714,8,0.571429,1520.0,84.027397
50,4210,KMeans-init-NSGA2,v29_hpp_cost_front_boost_fast,REPORT,100.0,12,4445120972126.026,5.357702,100,83.0,93.113014,115.534247,1520.0,1748.333333,1960.0,0.0,15.833333,50.0,49.833333,0.0,0.166667,0.166667,5.666667,0.0,0.166667,0.833333,7,0.583333,1520.0,83.986301
50,4211,KMeans-init-NSGA2,v29_hpp_cost_front_boost_fast,REPORT,100.0,13,4495214296179.979,5.374743,100,72.392029,86.37145,115.452055,1530.0,1813.846154,2070.0,0.0,26.153846,100.0,48.153846,1.538462,0.307692,1.846154,4.923077,0.615385,0.307692,0.307692,7,0.538462,1530.0,76.898879
50,4212,KMeans-init-NSGA2,v29_hpp_cost_front_boost_fast,REPORT,100.0,14,4444249982099.363,5.370173,100,83.0,89.55258,102.684932,1530.0,1775.0,1960.0,0.0,13.571429,50.0,49.5,0.214286,0.285714,0.5,5.285714,0.214286,0.285714,0.571429,9,0.642857,1530.0,84.027397
50,4213,KMeans-init-NSGA2,v29_hpp_cost_front_boost_fast,REPORT,100.0,14,4445086874712.503,5.623123,100,83.0,97.81334,122.374537,1520.0,1714.285714,1960.0,0.0,12.142857,50.0,49.428571,0.285714,0.285714,0.571429,5.785714,0.285714,0.285714,0.571429,10,0.714286,1520.0,84.027397
50,4214,KMeans-init-NSGA2,v29_hpp_cost_front_boost_fast,REPORT,100.0,14,4481590335878.123,7.021923,100,75.206536,88.797348,102.534247,1530.0,1797.857143,2170.0,0.0,20.0,80.0,49.428571,0.214286,0.357143,0.571429,5.357143,0.214286,0.357143,0.642857,8,0.571429,1530.0,84.027397
50,4215,KMeans-init-NSGA2,v29_hpp_cost_front_boost_fast,REPORT,100.0,17,4445109653345.217,5.143367,100,83.0,94.40763,115.534247,1520.0,1708.823529,1960.0,0.0,12.941176,50.0,49.705882,0.117647,0.176471,0.294118,5.705882,0.117647,0.117647,0.764706,12,0.705882,1520.0,84.027397
50,4216,KMeans-init-NSGA2,v29_hpp_cost_front_boost_fast,REPORT,100.0,15,4445130984403.94,5.612053,100,83.0,91.759301,119.342466,1520.0,1783.333333,2410.0,0.0,20.0,50.0,49.666667,0.066667,0.266667,0.333333,5.533333,0.066667,0.266667,0.666667,7,0.466667,1520.0,84.027397
50,4217,KMeans-init-NSGA2,v29_hpp_cost_front_boost_fast,REPORT,100.0,9,4444161381506.849,7.184262,100,83.0,90.252664,115.452055,1530.0,1811.111111,1960.0,0.0,27.777778,50.0,50.0,0.0,0.0,0.0,5.444444,0.0,0.0,1.0,4,0.444444,1530.0,84.027397
50,4218,KMeans-init-NSGA2,v29_hpp_cost_front_boost_fast,REPORT,100.0,17,4494010916560.149,5.528529,100,72.813502,91.205253,115.616438,1520.0,1761.176471,2050.0,0.0,10.588235,50.0,49.058824,0.352941,0.588235,0.941176,5.411765,0.176471,0.411765,0.588235,10,0.588235,1520.0,76.213192
50,4219,KMeans-init-NSGA2,v29_hpp_cost_front_boost_fast,REPORT,100.0,22,4445159725945.216,4.999613,100,83.0,89.115111,102.808219,1520.0,1771.363636,1960.0,0.0,17.727273,50.0,49.363636,0.0,0.636364,0.636364,5.409091,0.0,0.545455,0.545455,10,0.454545,1520.0,84.027397
50,4220,KMeans-init-NSGA2,v29_hpp_cost_front_boost_fast,REPORT,100.0,16,4445106091059.096,5.457144,100,83.0,94.114501,119.09589,1520.0,1730.0,1960.0,0.0,10.625,50.0,49.5,0.25,0.25,0.5,5.5625,0.25,0.25,0.5625,12,0.75,1520.0,84.027397
50,4221,KMeans-init-NSGA2,v29_hpp_cost_front_boost_fast,REPORT,100.0,19,4445093549345.697,5.502591,100,83.0,93.182218,118.923756,1520.0,1725.263158,1960.0,0.0,12.631579,50.0,49.789474,0.210526,0.0,0.210526,5.578947,0.210526,0.0,0.789474,13,0.684211,1520.0,84.027397
50,4222,KMeans-init-NSGA2,v29_hpp_cost_front_boost_fast,REPORT,100.0,25,4445306049705.922,5.097465,100,83.0,88.980554,102.479452,1520.0,1743.6,1960.0,0.0,14.0,50.0,48.4,0.0,1.6,1.6,5.52,0.0,0.8,0.44,13,0.52,1520.0,84.027397
50,4223,KMeans-init-NSGA2,v29_hpp_cost_front_boost_fast,REPORT,100.0,18,4478533913448.208,6.250037,100,76.005282,91.21396,115.534247,1520.0,1816.666667,2140.0,0.0,26.666667,80.0,49.111111,0.555556,0.333333,0.888889,5.5,0.333333,0.333333,0.666667,10,0.555556,1520.0,84.027397
50,4224,KMeans-init-NSGA2,v29_hpp_cost_front_boost_fast,REPORT,100.0,13,4445157949522.015,5.562726,100,83.0,91.873617,102.778518,1520.0,1726.923077,1960.0,0.0,13.076923,50.0,49.153846,0.0,0.846154,0.846154,5.538462,0.0,0.384615,0.615385,9,0.692308,1520.0,84.027397
50,4225,KMeans-init-NSGA2,v29_hpp_cost_front_boost_fast,REPORT,100.0,18,4463796275591.883,5.166797,100,78.898047,87.600741,102.251894,1530.0,1866.111111,2300.0,0.0,20.555556,60.0,49.0,0.222222,0.777778,1.0,5.277778,0.166667,0.666667,0.666667,10,0.555556,1530.0,83.986301
50,4226,KMeans-init-NSGA2,v29_hpp_cost_front_boost_fast,REPORT,100.0,14,4445133546947.862,5.137869,100,83.0,93.110597,115.616438,1520.0,1715.0,1960.0,0.0,12.142857,50.0,49.785714,0.0,0.214286,0.214286,5.571429,0.0,0.214286,0.785714,10,0.714286,1520.0,84.027397
50,4227,KMeans-init-NSGA2,v29_hpp_cost_front_boost_fast,REPORT,100.0,18,4445133665953.424,6.132704,100,83.0,93.631659,115.534247,1520.0,1723.888889,2410.0,0.0,13.888889,50.0,49.777778,0.0,0.222222,0.222222,5.666667,0.0,0.222222,0.777778,11,0.611111,1520.0,84.027397
50,4228,KMeans-init-NSGA2,v29_hpp_cost_front_boost_fast,REPORT,100.0,11,4445034849576.551,6.924723,100,83.0,94.434765,115.534247,1520.0,1746.363636,1960.0,0.0,9.090909,50.0,49.727273,0.272727,0.0,0.272727,5.636364,0.272727,0.0,0.818182,9,0.818182,1520.0,84.890411
50,4229,KMeans-init-NSGA2,v29_hpp_cost_front_boost_fast,REPORT,100.0,34,4445197716902.178,4.803355,100,83.0,90.138866,102.464309,1520.0,1728.529412,1960.0,0.0,13.529412,50.0,48.0,0.0,2.0,2.0,5.588235,0.0,0.823529,0.441176,18,0.529412,1520.0,84.027397
50,4230,KMeans-init-NSGA2,v29_hpp_cost_front_boost_fast,REPORT,100.0,22,4445133476153.425,4.938672,100,83.0,94.090286,115.534247,1520.0,1699.545455,1960.0,0.0,14.090909,50.0,49.772727,0.0,0.227273,0.227273,5.636364,0.0,0.227273,0.772727,14,0.636364,1520.0,84.027397
50,4201,MOPSO,v29_hpp_cost_front_boost_fast,REPORT,100.0,2,3940682974558.717,4.95516,100,176.278642,176.278642,176.278642,2160.0,2160.0,2160.0,0.0,0.0,0.0,22.0,14.0,14.0,28.0,8.0,3.0,6.0,0.0,2,1.0,2160.0,176.278642
50,4202,MOPSO,v29_hpp_cost_front_boost_fast,REPORT,100.0,9,4021889824112.9146,4.845964,100,161.534516,167.337062,180.760238,2032.010341,2124.226818,2210.0,0.0,49.843461,92.010341,19.666667,13.333333,17.0,30.333333,7.555556,3.0,7.555556,0.0,4,0.444444,2180.0,163.282432
50,4203,MOPSO,v29_hpp_cost_front_boost_fast,REPORT,1000.0,24,4104880914331.1465,4.299509,87,141.54848,161.520662,185.606438,2070.0,2461.31438,2660.0,200.0,534.060796,939.918431,18.958333,14.875,16.166667,31.041667,8.0,3.0,6.833333,0.0,0,0.0,,
50,4204,MOPSO,v29_hpp_cost_front_boost_fast,REPORT,200.0,4,3955355485341.0913,3.330852,65,167.310972,179.731895,185.364437,2480.0,2510.0,2600.0,40.0,70.0,160.0,20.25,11.75,18.0,29.75,8.0,3.0,7.75,0.0,0,0.0,,
50,4205,MOPSO,v29_hpp_cost_front_boost_fast,REPORT,1116.838688713774,36,4083743780152.99,2.598159,49,145.896307,163.960092,183.614692,2070.0,2388.060362,2660.0,223.367738,721.624256,1047.084545,17.833333,14.138889,18.027778,32.166667,8.0,3.0,7.194444,0.0,0,0.0,,
50,4206,MOPSO,v29_hpp_cost_front_boost_fast,REPORT,100.0,7,4158855061636.456,4.911267,100,139.617275,165.446678,176.828514,1640.0,1892.69609,2190.0,0.0,31.052811,97.369675,18.0,12.857143,19.142857,32.0,8.0,3.0,7.857143,0.0,2,0.285714,2190.0,139.617275
50,4207,MOPSO,v29_hpp_cost_front_boost_fast,REPORT,100.0,30,4156413591554.542,4.747715,100,139.213576,157.460715,180.658699,1713.646478,2017.512037,2320.0,0.0,37.922348,100.0,20.133333,13.133333,16.733333,29.866667,7.766667,3.0,7.1,0.0,11,0.366667,1759.065818,142.579342
50,4208,MOPSO,v29_hpp_cost_front_boost_fast,REPORT,100.0,15,4128084703093.005,4.671025,100,143.475488,157.214522,171.817754,1800.0,1977.31905,2270.0,0.0,43.660005,87.152965,21.2,11.866667,16.933333,28.8,8.0,3.0,7.466667,0.0,1,0.066667,2270.0,171.817754
50,4209,MOPSO,v29_hpp_cost_front_boost_fast,REPORT,100.0,32,4136276772948.497,4.560581,100,141.131014,158.971986,177.949011,1840.0,2078.4375,2300.0,0.0,2.657578,76.677928,17.40625,12.21875,20.375,32.59375,7.53125,3.0,7.34375,0.0,24,0.75,2040.0,141.763537
50,4210,MOPSO,v29_hpp_cost_front_boost_fast,REPORT,100.0,25,4157592916274.944,4.538888,100,140.193617,146.643238,161.213629,1640.0,1973.206866,2330.0,0.0,40.549962,97.571173,15.6,13.76,20.64,34.4,7.96,3.0,7.8,0.0,1,0.04,2330.0,161.213629
50,4211,MOPSO,v29_hpp_cost_front_boost_fast,REPORT,500.0,23,4201285999988.2056,4.517491,100,124.804194,150.911275,178.322628,1930.0,2165.953479,2560.0,100.0,285.582574,480.743689,19.434783,12.695652,17.869565,30.565217,8.0,3.0,7.347826,0.0,0,0.0,,
50,4212,MOPSO,v29_hpp_cost_front_boost_fast,REPORT,100.0,6,4017188123533.12,4.726918,100,163.460464,176.246687,180.508305,1970.0,2201.666667,2460.0,0.0,15.052621,62.924979,18.166667,14.5,17.333333,31.833333,7.833333,3.0,7.0,0.0,4,0.666667,1970.0,178.632108
50,4213,MOPSO,v29_hpp_cost_front_boost_fast,REPORT,817.3425750586699,20,4037082632371.6016,4.618705,98,156.988543,163.85432,184.678054,2030.0,2373.0,2690.0,163.468515,530.470856,790.960482,19.55,13.85,16.6,30.45,8.0,3.0,7.2,0.0,0,0.0,,
50,4214,MOPSO,v29_hpp_cost_front_boost_fast,REPORT,100.0,15,4045993243561.3735,4.675589,94,159.289913,167.12909,178.527343,1870.0,2196.666667,2430.0,0.0,14.516534,46.902191,19.466667,11.2,19.333333,30.533333,8.0,3.0,7.6,0.0,9,0.6,1870.0,160.708437
50,4215,MOPSO,v29_hpp_cost_front_boost_fast,REPORT,100.0,3,4022528399123.823,4.773187,100,160.048361,173.923157,183.7143,2110.0,2326.666667,2440.0,0.0,23.939544,61.818631,19.333333,14.333333,16.333333,30.666667,8.0,3.0,7.0,0.0,1,0.333333,2110.0,160.048361
50,4216,MOPSO,v29_hpp_cost_front_boost_fast,REPORT,100.0,34,4267461722880.859,4.668957,100,116.335781,138.755043,176.243127,1700.0,1793.378601,2014.422037,0.0,15.218901,80.0,18.735294,11.941176,19.323529,31.264706,8.0,3.0,7.676471,0.0,24,0.705882,1740.0,119.547747
50,4217,MOPSO,v29_hpp_cost_front_boost_fast,REPORT,450.0,5,3994036892440.3086,2.984663,57,159.610481,169.677602,178.147007,2430.0,2478.0,2510.0,90.0,138.0,210.0,21.4,12.2,16.4,28.6,8.0,3.0,6.6,0.0,0,0.0,,
50,4218,MOPSO,v29_hpp_cost_front_boost_fast,REPORT,1400.0,31,4114261621748.2246,3.411332,70,141.57515,166.749805,187.41467,1920.0,2298.109626,2730.0,280.0,699.081442,1305.11607,19.387097,13.774194,16.83871,30.612903,7.935484,3.0,7.322581,0.0,0,0.0,,
50,4219,MOPSO,v29_hpp_cost_front_boost_fast,REPORT,100.0,3,4030832567694.685,4.759979,100,159.718039,161.8618,162.933681,2030.0,2163.333333,2230.0,0.0,20.182666,30.273998,17.333333,14.333333,18.333333,32.666667,8.0,3.0,7.333333,0.0,1,0.333333,2030.0,159.718039
50,4220,MOPSO,v29_hpp_cost_front_boost_fast,REPORT,100.0,3,4008158321244.546,4.654713,100,162.524379,162.524379,162.524379,2140.0,2140.0,2140.0,0.0,0.0,0.0,20.0,12.0,18.0,30.0,8.0,3.0,8.0,0.0,3,1.0,2140.0,162.524379
50,4221,MOPSO,v29_hpp_cost_front_boost_fast,REPORT,250.0,5,4008456346764.334,5.085737,100,158.499368,160.776791,163.913621,2340.0,2500.0,2600.0,50.0,179.217636,237.934609,22.0,14.0,14.0,28.0,7.8,3.0,6.4,0.0,0,0.0,,
50,4222,MOPSO,v29_hpp_cost_front_boost_fast,REPORT,100.0,10,4042967230864.851,4.817614,100,158.034609,166.587377,180.608598,1980.0,2070.911786,2320.0,0.0,43.610166,89.117861,16.9,14.7,18.4,33.1,8.0,3.0,7.7,0.0,4,0.4,2070.0,158.034609
50,4223,MOPSO,v29_hpp_cost_front_boost_fast,REPORT,100.0,15,4119170540064.4463,4.573617,100,138.745258,148.106418,160.056445,2170.0,2258.666667,2380.0,0.0,27.576897,100.0,20.133333,12.066667,17.8,29.866667,7.666667,3.0,6.866667,0.0,9,0.6,2170.0,142.093526
50,4224,MOPSO,v29_hpp_cost_front_boost_fast,REPORT,100.0,12,4030382757915.045,4.783105,100,159.838005,165.372075,183.401414,2028.322504,2173.053751,2300.0,0.0,35.403023,88.322504,19.666667,13.5,16.833333,30.333333,8.0,3.0,7.583333,0.0,5,0.416667,2170.0,162.262296
50,4225,MOPSO,v29_hpp_cost_front_boost_fast,REPORT,100.0,13,4033760728472.5215,4.614677,100,158.57752,161.166234,177.020839,2060.0,2099.230769,2180.0,0.0,47.972483,82.442499,21.615385,13.384615,15.0,28.384615,8.0,3.0,7.0,0.0,4,0.307692,2060.0,159.907901
50,4226,MOPSO,v29_hpp_cost_front_boost_fast,REPORT,100.0,4,4012993969501.579,4.830819,100,160.440837,172.582875,182.868956,2200.0,2342.5,2390.0,0.0,43.786315,90.028449,19.25,13.75,17.0,30.75,8.0,3.0,7.75,0.0,2,0.5,2390.0,181.477855
50,4227,MOPSO,v29_hpp_cost_front_boost_fast,REPORT,100.0,6,4017751535344.565,4.473194,100,160.67566,167.97541,181.518839,2130.0,2173.333333,2270.0,0.0,28.907747,55.074912,17.833333,13.833333,18.333333,32.166667,8.0,3.0,7.333333,0.0,1,0.166667,2130.0,181.518839
50,4228,MOPSO,v29_hpp_cost_front_boost_fast,REPORT,100.0,6,4049828212665.9326,4.530759,100,153.941673,172.64551,181.997429,2130.0,2160.0,2220.0,0.0,4.517797,6.776695,18.0,13.666667,18.333333,32.0,8.0,3.0,7.333333,0.0,2,0.333333,2220.0,153.941673
50,4229,MOPSO,v29_hpp_cost_front_boost_fast,REPORT,100.0,3,4028863943316.762,4.63493,100,158.671238,171.778401,178.771277,2110.0,2153.333333,2240.0,0.0,60.0,90.0,19.333333,13.0,17.666667,30.666667,7.666667,3.0,6.666667,0.0,1,0.333333,2240.0,158.671238
50,4230,MOPSO,v29_hpp_cost_front_boost_fast,REPORT,250.0,17,4025111012383.408,4.647884,100,159.058489,167.827751,180.1957,2110.0,2243.529412,2380.0,50.0,151.854356,248.831189,22.117647,12.764706,15.117647,27.882353,8.0,3.0,7.058824,0.0,0,0.0,,
50,4201,Trad-NSGA2,v29_hpp_cost_front_boost_fast,REPORT,100.0,5,4377392553450.498,6.161398,100,96.368256,112.496826,128.750079,1550.0,1690.0,1840.0,0.0,23.389277,58.473193,23.8,9.8,16.4,26.2,6.4,3.0,5.4,0.0,3,0.6,1550.0,112.247458
50,4202,Trad-NSGA2,v29_hpp_cost_front_boost_fast,REPORT,100.0,27,4365677635011.229,6.160232,100,97.956074,119.756495,151.345111,1588.120264,1887.200265,2150.0,0.0,33.603564,94.419383,24.074074,11.740741,14.185185,25.925926,6.407407,3.0,5.518519,0.0,10,0.37037,1588.120264,115.159686
50,4203,Trad-NSGA2,v29_hpp_cost_front_boost_fast,REPORT,100.0,9,4369578274196.5337,6.071415,100,96.421654,107.522328,118.086428,1640.0,1703.055963,1820.0,0.0,30.865955,95.901699,19.666667,10.888889,19.444444,30.333333,6.777778,3.0,6.777778,0.0,2,0.222222,1671.436997,96.848842
50,4204,Trad-NSGA2,v29_hpp_cost_front_boost_fast,REPORT,100.0,11,4383489398425.565,6.254428,100,94.193987,108.893919,132.650624,1600.0,1909.437346,2250.0,0.0,3.636364,30.0,24.090909,10.545455,15.363636,25.909091,7.545455,3.0,7.181818,0.0,9,0.818182,1600.0,98.285758
50,4205,Trad-NSGA2,v29_hpp_cost_front_boost_fast,REPORT,100.0,10,4448460731519.758,6.192014,100,81.539879,116.271551,136.088197,1550.0,1720.288179,1919.689636,0.0,23.116585,95.591336,19.3,10.4,20.3,30.7,7.3,2.7,7.2,0.0,4,0.4,1560.0,112.824209
50,4206,Trad-NSGA2,v29_hpp_cost_front_boost_fast,REPORT,100.0,5,4348863238000.485,6.183715,100,99.412521,113.582989,134.866864,1708.126973,1792.276923,1983.257643,0.0,12.651529,63.257643,20.2,13.8,16.0,29.8,6.4,3.0,5.8,0.0,4,0.8,1708.126973,100.217902
50,4207,Trad-NSGA2,v29_hpp_cost_front_boost_fast,REPORT,100.0,15,4382655497590.833,5.723541,100,94.920439,109.662457,135.6158,1569.393258,1757.959551,1880.0,0.0,11.002459,85.036881,21.6,12.6,15.8,28.4,6.333333,3.0,5.666667,0.0,9,0.6,1569.393258,99.829899
50,4208,Trad-NSGA2,v29_hpp_cost_front_boost_fast,REPORT,100.0,21,4471657665801.173,5.968682,100,76.649347,104.638373,149.479663,1560.0,1727.268949,1866.876921,0.0,11.040817,62.942422,25.190476,8.095238,16.714286,24.809524,6.333333,2.619048,5.857143,0.0,12,0.571429,1560.0,78.880542
50,4209,Trad-NSGA2,v29_hpp_cost_front_boost_fast,REPORT,100.0,29,4370324308212.585,6.013543,100,96.077246,100.355797,134.513046,1650.0,1755.611101,1800.0,0.0,48.143759,97.597417,18.827586,9.862069,21.310345,31.172414,7.068966,3.0,6.896552,0.0,10,0.344828,1650.0,96.558157
50,4210,Trad-NSGA2,v29_hpp_cost_front_boost_fast,REPORT,100.0,10,4356331186352.669,6.020264,100,99.107943,127.357051,157.378167,1640.0,1713.726686,1785.175095,0.0,3.687318,25.641681,18.0,11.5,20.5,32.0,7.4,3.0,7.4,0.0,7,0.7,1640.0,99.107943
50,4211,Trad-NSGA2,v29_hpp_cost_front_boost_fast,REPORT,100.0,14,4345307410651.461,5.965135,100,99.164852,118.207607,137.929488,1760.0,1856.442391,2030.0,0.0,28.974305,87.026935,21.857143,12.571429,15.571429,28.142857,5.857143,3.0,5.428571,0.0,5,0.357143,1830.0,100.596796
50,4212,Trad-NSGA2,v29_hpp_cost_front_boost_fast,REPORT,100.0,3,4270355519658.3374,6.101073,100,115.847456,130.126998,139.211778,1700.0,1720.0,1750.0,0.0,8.997495,26.992485,18.0,10.666667,21.333333,32.0,8.0,3.0,7.333333,0.0,2,0.666667,1700.0,115.847456
50,4213,Trad-NSGA2,v29_hpp_cost_front_boost_fast,REPORT,100.0,11,4368233252240.617,5.864164,100,99.122274,143.083452,171.460262,1500.0,1602.027099,1770.0,0.0,26.549193,97.02039,21.909091,9.363636,18.727273,28.090909,7.454545,3.0,7.0,0.0,6,0.545455,1510.0,99.122274
50,4214,Trad-NSGA2,v29_hpp_cost_front_boost_fast,REPORT,100.0,9,4378896779759.3154,6.208641,100,96.617091,121.777209,154.640275,1520.0,1666.666667,1850.0,0.0,1.111111,10.0,24.0,10.666667,15.333333,26.0,7.888889,3.0,7.666667,0.0,8,0.888889,1520.0,96.617091
50,4215,Trad-NSGA2,v29_hpp_cost_front_boost_fast,REPORT,100.0,12,4368659122975.2734,5.871183,100,98.182442,115.879449,151.991053,1550.0,1724.865123,1870.0,0.0,16.608387,92.973938,19.5,11.166667,19.333333,30.5,7.333333,3.0,7.083333,0.0,7,0.583333,1550.0,98.896574
50,4216,Trad-NSGA2,v29_hpp_cost_front_boost_fast,REPORT,100.0,10,4381587947227.817,5.99307,100,94.445502,106.247827,117.122288,1610.0,1795.167668,1930.0,0.0,25.980344,91.908373,20.0,8.9,21.1,30.0,7.9,2.5,7.9,0.0,3,0.3,1610.0,113.866305
50,4217,Trad-NSGA2,v29_hpp_cost_front_boost_fast,REPORT,100.0,9,4356945977191.724,6.359071,100,98.220156,117.614437,139.101918,1680.0,1950.932594,2320.0,0.0,9.902854,58.365138,19.444444,13.333333,17.222222,30.555556,6.888889,3.0,6.444444,0.0,7,0.777778,1680.0,116.128325
50,4218,Trad-NSGA2,v29_hpp_cost_front_boost_fast,REPORT,100.0,9,4398122322656.388,6.07262,100,92.605393,107.006709,130.475665,1520.0,1740.0,1890.0,0.0,0.0,0.0,25.222222,9.0,15.777778,24.777778,6.222222,3.0,5.333333,0.0,9,1.0,1520.0,92.605393
50,4219,Trad-NSGA2,v29_hpp_cost_front_boost_fast,REPORT,100.0,7,4384500379928.1626,5.953449,100,96.650346,135.609164,151.724429,1450.0,1578.553844,1800.0,0.0,0.0,0.0,21.571429,10.857143,17.571429,28.428571,6.714286,3.0,5.857143,0.0,7,1.0,1450.0,96.650346
50,4220,Trad-NSGA2,v29_hpp_cost_front_boost_fast,REPORT,100.0,12,4376796885567.149,5.964523,100,93.92752,122.502193,164.540447,1690.0,1760.798138,1870.0,0.0,10.277,78.079107,22.5,12.083333,15.416667,27.5,6.166667,3.0,4.916667,0.0,9,0.75,1690.0,93.92752
50,4221,Trad-NSGA2,v29_hpp_cost_front_boost_fast,REPORT,100.0,8,4355846980150.207,6.119746,100,98.844663,115.112358,119.198323,1660.0,1725.380183,1850.0,0.0,12.132171,35.80948,22.0,11.875,16.125,28.0,6.0,3.0,5.75,0.0,3,0.375,1750.0,98.844663
50,4222,Trad-NSGA2,v29_hpp_cost_front_boost_fast,REPORT,100.0,4,4239476318873.968,5.894409,100,123.344022,140.503516,158.074484,1630.0,1860.0,2140.0,0.0,24.334492,71.436268,17.5,12.25,20.25,32.5,7.5,3.0,7.5,0.0,2,0.5,1630.0,139.542137
50,4223,Trad-NSGA2,v29_hpp_cost_front_boost_fast,REPORT,100.0,16,4371359114774.1846,5.790691,100,94.959987,109.819961,136.981697,1697.157132,1790.11471,1960.0,0.0,24.403752,65.055856,21.75,11.25,17.0,28.25,7.4375,2.8125,7.0625,0.0,8,0.5,1697.157132,98.372394
50,4224,Trad-NSGA2,v29_hpp_cost_front_boost_fast,REPORT,100.0,6,4362817455193.993,5.751894,100,97.591608,106.907859,116.905408,1650.0,1774.616123,1947.942626,0.0,7.990438,47.942626,21.166667,11.666667,17.166667,28.833333,7.5,3.0,7.0,0.0,5,0.833333,1650.0,98.534278
50,4225,Trad-NSGA2,v29_hpp_cost_front_boost_fast,REPORT,100.0,8,4365171269786.085,5.9843,100,98.695559,114.742447,135.439367,1560.0,1771.514988,2059.208178,0.0,23.968895,89.208178,20.75,12.375,16.875,29.25,7.25,3.0,6.75,0.0,3,0.375,1560.0,101.46744
50,4226,Trad-NSGA2,v29_hpp_cost_front_boost_fast,REPORT,100.0,11,4381427636624.456,5.966342,100,95.919095,114.489678,133.201385,1530.0,1716.243153,2040.0,0.0,10.152928,45.916977,20.909091,9.545455,19.545455,29.090909,7.545455,2.727273,7.090909,0.0,8,0.727273,1530.0,97.181265
50,4227,Trad-NSGA2,v29_hpp_cost_front_boost_fast,REPORT,100.0,16,4446335833508.945,6.02211,100,81.379089,104.765018,132.313068,1590.0,1766.86237,1928.513175,0.0,3.392491,13.569963,20.8125,10.875,18.3125,29.1875,5.25,3.0,4.5,0.0,9,0.5625,1590.0,95.381684
50,4228,Trad-NSGA2,v29_hpp_cost_front_boost_fast,REPORT,100.0,6,4346608973404.1855,6.208957,100,97.995279,106.71971,115.339692,1810.0,1861.666667,1930.0,0.0,49.630253,94.17472,26.0,12.0,12.0,24.0,6.833333,3.0,5.833333,0.0,1,0.166667,1810.0,115.339692
50,4229,Trad-NSGA2,v29_hpp_cost_front_boost_fast,REPORT,100.0,4,4284233075459.687,5.960371,100,115.48673,129.196493,150.373052,1560.0,1662.5,1770.0,0.0,5.0,20.0,17.5,12.0,20.5,32.5,7.0,3.0,6.75,0.0,3,0.75,1560.0,115.797631
50,4230,Trad-NSGA2,v29_hpp_cost_front_boost_fast,REPORT,100.0,5,4374076496512.438,6.071953,100,96.687094,113.781021,130.723824,1570.238562,1698.095425,1830.0,0.0,5.247636,16.23818,21.0,10.8,18.2,29.0,6.6,3.0,6.0,0.0,3,0.6,1570.238562,96.687094
